peringkat,judul,tipe_episode,periode_tayang,anggota,skor,url
1,Sousou no Frieren,TV (28 eps),Sep 2023 - Mar 2024,"1,514,421 members",9.25,https://myanimelist.net/anime/52991/Sousou_no_Frieren
2,Fullmetal Alchemist: Brotherhood,TV (64 eps),Apr 2009 - Jul 2010,"3,734,710 members",9.11,https://myanimelist.net/anime/5114/Fullmetal_Alchemist__Brotherhood
3,Re:Zero kara Hajimeru Isekai Seikatsu 4th Season,TV (19 eps),Apr 2026 - Sep 2026,"328,230 members",9.11,https://myanimelist.net/anime/61316/Re_Zero_kara_Hajimeru_Isekai_Seikatsu_4th_Season
4,Bleach: Sennen Kessen-hen - Kashin-tan,TV (10 eps),Jul 2026 - Oct 2026,"164,305 members",9.09,https://myanimelist.net/anime/60636/Bleach__Sennen_Kessen-hen_-_Kashin-tan
5,Steel Ball Run: JoJo no Kimyou na Bouken,ONA (? eps),Mar 2026 -,"233,438 members",9.08,https://myanimelist.net/anime/61469/Steel_Ball_Run__JoJo_no_Kimyou_na_Bouken
6,Steins;Gate,TV (24 eps),Apr 2011 - Sep 2011,"2,851,380 members",9.07,https://myanimelist.net/anime/9253/Steins_Gate
7,Chainsaw Man Movie: Reze-hen,Movie (1 eps),Sep 2025 - Sep 2025,"548,606 members",9.05,https://myanimelist.net/anime/57555/Chainsaw_Man_Movie__Reze-hen
8,Gintama: The Final,Movie (1 eps),Jan 2021 - Jan 2021,"188,415 members",9.05,https://myanimelist.net/anime/39486/Gintama__The_Final
9,Gintama°,TV (51 eps),Apr 2015 - Mar 2016,"699,260 members",9.05,https://myanimelist.net/anime/28977/Gintama°
10,Shingeki no Kyojin Season 3 Part 2,TV (10 eps),Apr 2019 - Jul 2019,"2,638,523 members",9.05,https://myanimelist.net/anime/38524/Shingeki_no_Kyojin_Season_3_Part_2
11,Hunter x Hunter (2011),TV (148 eps),Oct 2011 - Sep 2014,"3,240,631 members",9.03,https://myanimelist.net/anime/11061/Hunter_x_Hunter_2011
12,Ginga Eiyuu Densetsu,OVA (110 eps),Jan 1988 - Mar 1997,"369,717 members",9.02,https://myanimelist.net/anime/820/Ginga_Eiyuu_Densetsu
13,Gintama',TV (51 eps),Apr 2011 - Mar 2012,"622,350 members",9.02,https://myanimelist.net/anime/9969/Gintama
14,Gintama': Enchousen,TV (13 eps),Oct 2012 - Mar 2013,"362,317 members",9.02,https://myanimelist.net/anime/15417/Gintama__Enchousen
15,One Piece Fan Letter,TV Special (1 eps),Oct 2024 - Oct 2024,"165,991 members",9.00,https://myanimelist.net/anime/60022/One_Piece_Fan_Letter
16,Bleach: Sennen Kessen-hen,TV (13 eps),Oct 2022 - Dec 2022,"731,221 members",8.98,https://myanimelist.net/anime/41467/Bleach__Sennen_Kessen-hen
17,Gintama.,TV (12 eps),Jan 2017 - Mar 2017,"353,178 members",8.98,https://myanimelist.net/anime/34096/Gintama
18,Kaguya-sama wa Kokurasetai: Ultra Romantic,TV (13 eps),Apr 2022 - Jun 2022,"1,137,479 members",8.95,https://myanimelist.net/anime/43608/Kaguya-sama_wa_Kokurasetai__Ultra_Romantic
19,Clannad: After Story,TV (24 eps),Oct 2008 - Mar 2009,"1,300,664 members",8.93,https://myanimelist.net/anime/4181/Clannad__After_Story
20,Fruits Basket: The Final,TV (13 eps),Apr 2021 - Jun 2021,"574,209 members",8.93,https://myanimelist.net/anime/42938/Fruits_Basket__The_Final
21,Gintama,TV (201 eps),Apr 2006 - Mar 2010,"1,168,757 members",8.93,https://myanimelist.net/anime/918/Gintama
22,Koe no Katachi,Movie (1 eps),Sep 2016 - Sep 2016,"2,660,860 members",8.93,https://myanimelist.net/anime/28851/Koe_no_Katachi
23,Code Geass: Hangyaku no Lelouch R2,TV (25 eps),Apr 2008 - Sep 2008,"1,982,891 members",8.92,https://myanimelist.net/anime/2904/Code_Geass__Hangyaku_no_Lelouch_R2
24,Kusuriya no Hitorigoto 2nd Season,TV (24 eps),Jan 2025 - Jul 2025,"549,072 members",8.90,https://myanimelist.net/anime/58514/Kusuriya_no_Hitorigoto_2nd_Season
25,Monster,TV (74 eps),Apr 2004 - Sep 2005,"1,360,457 members",8.90,https://myanimelist.net/anime/19/Monster
26,3-gatsu no Lion 2nd Season,TV (22 eps),Oct 2017 - Mar 2018,"443,757 members",8.89,https://myanimelist.net/anime/35180/3-gatsu_no_Lion_2nd_Season
27,Gintama Movie 2: Kanketsu-hen - Yorozuya yo Eien Nare,Movie (1 eps),Jul 2013 - Jul 2013,"265,026 members",8.89,https://myanimelist.net/anime/15335/Gintama_Movie_2__Kanketsu-hen_-_Yorozuya_yo_Eien_Nare
28,Gintama. Shirogane no Tamashii-hen - Kouhan-sen,TV (14 eps),Jul 2018 - Oct 2018,"229,637 members",8.88,https://myanimelist.net/anime/37491/Gintama_Shirogane_no_Tamashii-hen_-_Kouhan-sen
29,Owarimonogatari 2nd Season,TV Special (7 eps),Aug 2017 - Aug 2017,"442,610 members",8.86,https://myanimelist.net/anime/35247/Owarimonogatari_2nd_Season
30,Shingeki no Kyojin: The Final Season - Kanketsu-hen,TV Special (2 eps),Mar 2023 - Nov 2023,"895,792 members",8.86,https://myanimelist.net/anime/51535/Shingeki_no_Kyojin__The_Final_Season_-_Kanketsu-hen
31,Kingdom 3rd Season,TV (26 eps),Apr 2020 - Oct 2021,"137,734 members",8.85,https://myanimelist.net/anime/40682/Kingdom_3rd_Season
32,Kusuriya no Hitorigoto,TV (24 eps),Oct 2023 - Mar 2024,"896,282 members",8.84,https://myanimelist.net/anime/54492/Kusuriya_no_Hitorigoto
33,Shingeki no Kyojin Movie: Kanketsu-hen - The Last Attack,Movie (1 eps),Nov 2024 - Nov 2024,"100,369 members",8.84,https://myanimelist.net/anime/59571/Shingeki_no_Kyojin_Movie__Kanketsu-hen_-_The_Last_Attack
34,Sousou no Frieren 2nd Season,TV (10 eps),Jan 2026 - Mar 2026,"610,186 members",8.84,https://myanimelist.net/anime/59978/Sousou_no_Frieren_2nd_Season
35,Vinland Saga Season 2,TV (24 eps),Jan 2023 - Jun 2023,"890,409 members",8.83,https://myanimelist.net/anime/49387/Vinland_Saga_Season_2
36,Violet Evergarden Movie,Movie (1 eps),Sep 2020 - Sep 2020,"745,444 members",8.83,https://myanimelist.net/anime/37987/Violet_Evergarden_Movie
37,Ashita no Joe 2,TV (47 eps),Oct 1980 - Aug 1981,"70,421 members",8.82,https://myanimelist.net/anime/2921/Ashita_no_Joe_2
38,Kimi no Na wa.,Movie (1 eps),Aug 2016 - Aug 2016,"3,069,153 members",8.82,https://myanimelist.net/anime/32281/Kimi_no_Na_wa
39,Gintama Movie 3: Yoshiwara Daienjou,Movie (1 eps),Feb 2026 - Feb 2026,"15,944 members",8.81,https://myanimelist.net/anime/62277/Gintama_Movie_3__Yoshiwara_Daienjou
40,Gintama. Shirogane no Tamashii-hen,TV (12 eps),Jan 2018 - Mar 2018,"241,293 members",8.81,https://myanimelist.net/anime/36838/Gintama_Shirogane_no_Tamashii-hen
41,Shingeki no Kyojin: The Final Season,TV (16 eps),Dec 2020 - Mar 2021,"2,333,009 members",8.79,https://myanimelist.net/anime/40028/Shingeki_no_Kyojin__The_Final_Season
42,Hajime no Ippo,TV (75 eps),Oct 2000 - Mar 2002,"708,983 members",8.78,https://myanimelist.net/anime/263/Hajime_no_Ippo
43,Kizumonogatari III: Reiketsu-hen,Movie (1 eps),Jan 2017 - Jan 2017,"520,927 members",8.78,https://myanimelist.net/anime/31758/Kizumonogatari_III__Reiketsu-hen
44,Mob Psycho 100 II,TV (13 eps),Jan 2019 - Apr 2019,"1,755,506 members",8.78,https://myanimelist.net/anime/37510/Mob_Psycho_100_II
45,Shingeki no Kyojin: The Final Season Part 2,TV (12 eps),Jan 2022 - Apr 2022,"1,599,622 members",8.78,https://myanimelist.net/anime/48583/Shingeki_no_Kyojin__The_Final_Season_Part_2
46,Vinland Saga,TV (24 eps),Jul 2019 - Dec 2019,"1,867,862 members",8.78,https://myanimelist.net/anime/37521/Vinland_Saga
47,Haikyuu!! Karasuno Koukou vs. Shiratorizawa Gakuen Koukou,TV (10 eps),Oct 2016 - Dec 2016,"1,345,065 members",8.77,https://myanimelist.net/anime/32935/Haikyuu_Karasuno_Koukou_vs_Shiratorizawa_Gakuen_Koukou
48,Sen to Chihiro no Kamikakushi,Movie (1 eps),Jul 2001 - Jul 2001,"2,053,597 members",8.77,https://myanimelist.net/anime/199/Sen_to_Chihiro_no_Kamikakushi
49,Monogatari Series: Second Season,TV (26 eps),Jul 2013 - Dec 2013,"726,711 members",8.76,https://myanimelist.net/anime/17074/Monogatari_Series__Second_Season
50,Cowboy Bebop,TV (26 eps),Apr 1998 - Apr 1999,"2,085,578 members",8.75,https://myanimelist.net/anime/1/Cowboy_Bebop
51,Takopii no Genzai,ONA (6 eps),Jun 2025 - Aug 2025,"352,865 members",8.74,https://myanimelist.net/anime/60489/Takopii_no_Genzai
52,86 Part 2,TV (12 eps),Oct 2021 - Mar 2022,"664,024 members",8.73,https://myanimelist.net/anime/48569/86_Part_2
53,Hibike! Euphonium 3,TV (13 eps),Apr 2024 - Jun 2024,"101,795 members",8.73,https://myanimelist.net/anime/39894/Hibike_Euphonium_3
54,Jiyi Guanli Ju (2026),ONA (7 eps),Aug 2026 - Aug 2026,"25,551 members",8.73,https://myanimelist.net/anime/60568/Jiyi_Guanli_Ju_2026
55,Kingdom 4th Season,TV (26 eps),Apr 2022 - Oct 2022,"93,812 members",8.73,https://myanimelist.net/anime/50160/Kingdom_4th_Season
56,One Piece,TV (? eps),Oct 1999 -,"2,726,660 members",8.73,https://myanimelist.net/anime/21/One_Piece
57,Bocchi the Rock!,TV (12 eps),Oct 2022 - Dec 2022,"823,571 members",8.72,https://myanimelist.net/anime/47917/Bocchi_the_Rock
58,Chi. Chikyuu no Undou ni Tsuite,TV (25 eps),Oct 2024 - Mar 2025,"318,378 members",8.72,https://myanimelist.net/anime/52215/Chi_Chikyuu_no_Undou_ni_Tsuite
59,Kingdom 5th Season,TV (13 eps),Jan 2024 - Mar 2024,"65,959 members",8.72,https://myanimelist.net/anime/53223/Kingdom_5th_Season
60,Mob Psycho 100 III,TV (12 eps),Oct 2022 - Dec 2022,"887,593 members",8.72,https://myanimelist.net/anime/50172/Mob_Psycho_100_III
61,Mushishi Zoku Shou 2nd Season,TV (10 eps),Oct 2014 - Dec 2014,"296,200 members",8.72,https://myanimelist.net/anime/24701/Mushishi_Zoku_Shou_2nd_Season
62,Boku no Hero Academia: Final Season,TV (11 eps),Oct 2025 - Dec 2025,"345,307 members",8.71,https://myanimelist.net/anime/60098/Boku_no_Hero_Academia__Final_Season
63,Code Geass: Hangyaku no Lelouch,TV (25 eps),Oct 2006 - Jul 2007,"2,509,084 members",8.71,https://myanimelist.net/anime/1575/Code_Geass__Hangyaku_no_Lelouch
64,Ikoku Nikki,TV (13 eps),Jan 2026 - Mar 2026,"127,348 members",8.71,https://myanimelist.net/anime/58788/Ikoku_Nikki
65,Kaguya-sama wa Kokurasetai: First Kiss wa Owaranai,Movie (1 eps),Dec 2022 - Dec 2022,"397,320 members",8.71,https://myanimelist.net/anime/52198/Kaguya-sama_wa_Kokurasetai__First_Kiss_wa_Owaranai
66,Bleach: Sennen Kessen-hen - Ketsubetsu-tan,TV (13 eps),Jul 2023 - Sep 2023,"436,603 members",8.70,https://myanimelist.net/anime/53998/Bleach__Sennen_Kessen-hen_-_Ketsubetsu-tan
67,Guimi Zhi Zhu Specials,ONA (3 eps),Jun 2026 - Jun 2026,"20,925 members",8.70,https://myanimelist.net/anime/62276/Guimi_Zhi_Zhu_Specials
68,Shiguang Dailiren,ONA (11 eps),Apr 2021 - Jul 2021,"496,335 members",8.70,https://myanimelist.net/anime/44074/Shiguang_Dailiren
69,The First Slam Dunk,Movie (1 eps),Dec 2022 - Dec 2022,"80,380 members",8.70,https://myanimelist.net/anime/45649/The_First_Slam_Dunk
70,Jujutsu Kaisen 2nd Season,TV (23 eps),Jul 2023 - Dec 2023,"1,458,721 members",8.69,https://myanimelist.net/anime/51009/Jujutsu_Kaisen_2nd_Season
71,Rurouni Kenshin: Meiji Kenkaku Romantan - Tsuioku-hen,OVA (4 eps),Feb 1999 - Sep 1999,"294,382 members",8.69,https://myanimelist.net/anime/44/Rurouni_Kenshin__Meiji_Kenkaku_Romantan_-_Tsuioku-hen
72,Shouwa Genroku Rakugo Shinjuu: Sukeroku Futatabi-hen,TV (12 eps),Jan 2017 - Mar 2017,"203,943 members",8.69,https://myanimelist.net/anime/33095/Shouwa_Genroku_Rakugo_Shinjuu__Sukeroku_Futatabi-hen
73,Violet Evergarden,TV (13 eps),Jan 2018 - Apr 2018,"2,029,833 members",8.69,https://myanimelist.net/anime/33352/Violet_Evergarden
74,Great Teacher Onizuka,TV (43 eps),Jun 1999 - Sep 2000,"934,655 members",8.68,https://myanimelist.net/anime/245/Great_Teacher_Onizuka
75,Kimetsu no Yaiba: Yuukaku-hen,TV (11 eps),Dec 2021 - Feb 2022,"1,780,169 members",8.68,https://myanimelist.net/anime/47778/Kimetsu_no_Yaiba__Yuukaku-hen
76,Mushishi Zoku Shou,TV (10 eps),Apr 2014 - Jun 2014,"330,371 members",8.68,https://myanimelist.net/anime/21939/Mushishi_Zoku_Shou
77,[Oshi no Ko] 3rd Season,TV (11 eps),Jan 2026 - Mar 2026,"297,014 members",8.68,https://myanimelist.net/anime/60058/Oshi_no_Ko_3rd_Season
78,Bleach: Sennen Kessen-hen - Soukoku-tan,TV (14 eps),Oct 2024 - Dec 2024,"321,522 members",8.67,https://myanimelist.net/anime/56784/Bleach__Sennen_Kessen-hen_-_Soukoku-tan
79,Boku no Kokoro no Yabai Yatsu 2nd Season,TV (13 eps),Jan 2024 - Mar 2024,"324,957 members",8.67,https://myanimelist.net/anime/55690/Boku_no_Kokoro_no_Yabai_Yatsu_2nd_Season
80,Hajime no Ippo: New Challenger,TV (26 eps),Jan 2009 - Jul 2009,"332,136 members",8.67,https://myanimelist.net/anime/5258/Hajime_no_Ippo__New_Challenger
81,Howl no Ugoku Shiro,Movie (1 eps),Nov 2004 - Nov 2004,"1,511,873 members",8.67,https://myanimelist.net/anime/431/Howl_no_Ugoku_Shiro
82,Mononoke Hime,Movie (1 eps),Jul 1997 - Jul 1997,"1,398,803 members",8.67,https://myanimelist.net/anime/164/Mononoke_Hime
83,Uma Musume: Cinderella Gray Part 2,TV (10 eps),Oct 2025 - Dec 2025,"74,846 members",8.67,https://myanimelist.net/anime/61930/Uma_Musume__Cinderella_Gray_Part_2
84,Kingdom 6th Season,TV (13 eps),Oct 2025 - Dec 2025,"42,673 members",8.66,https://myanimelist.net/anime/61517/Kingdom_6th_Season
85,Luo Xiaohei Zhanji 2,Movie (1 eps),Jul 2025 - Jul 2025,"14,554 members",8.66,https://myanimelist.net/anime/61952/Luo_Xiaohei_Zhanji_2
86,Tu Bian Yingxiong X,ONA (24 eps),Apr 2025 - Sep 2025,"268,152 members",8.66,https://myanimelist.net/anime/53447/Tu_Bian_Yingxiong_X
87,Kimetsu no Yaiba Movie 1: Mugenjou-hen - Akaza Sairai,Movie (1 eps),Jul 2025 - Jul 2025,"423,770 members",8.65,https://myanimelist.net/anime/59192/Kimetsu_no_Yaiba_Movie_1__Mugenjou-hen_-_Akaza_Sairai
88,Mushishi,TV (26 eps),Oct 2005 - Jun 2006,"918,171 members",8.65,https://myanimelist.net/anime/457/Mushishi
89,Shingeki no Kyojin Season 3,TV (12 eps),Jul 2018 - Oct 2018,"2,710,778 members",8.65,https://myanimelist.net/anime/35760/Shingeki_no_Kyojin_Season_3
90,Tengen Toppa Gurren Lagann,TV (27 eps),Apr 2007 - Sep 2007,"1,792,920 members",8.65,https://myanimelist.net/anime/2001/Tengen_Toppa_Gurren_Lagann
91,Mo Dao Zu Shi: Wanjie Pian,ONA (12 eps),Aug 2021 - Oct 2021,"98,381 members",8.64,https://myanimelist.net/anime/40434/Mo_Dao_Zu_Shi__Wanjie_Pian
92,Monogatari Series: Off & Monster Season,ONA (14 eps),Jul 2024 - Oct 2024,"107,926 members",8.64,https://myanimelist.net/anime/57864/Monogatari_Series__Off___Monster_Season
93,Shigatsu wa Kimi no Uso,TV (22 eps),Oct 2014 - Mar 2015,"2,459,135 members",8.64,https://myanimelist.net/anime/23273/Shigatsu_wa_Kimi_no_Uso
94,Tian Guan Cifu Er,ONA (12 eps),Oct 2023 - Jan 2024,"67,382 members",8.64,https://myanimelist.net/anime/50399/Tian_Guan_Cifu_Er
95,Uma Musume: Pretty Derby - Shin Jidai no Tobira,Movie (1 eps),May 2024 - May 2024,"66,169 members",8.64,https://myanimelist.net/anime/57647/Uma_Musume__Pretty_Derby_-_Shin_Jidai_no_Tobira
96,Fate/stay night Movie: Heaven's Feel - III. Spring Song,Movie (1 eps),Aug 2020 - Aug 2020,"416,314 members",8.63,https://myanimelist.net/anime/33050/Fate_stay_night_Movie__Heavens_Feel_-_III_Spring_Song
97,Natsume Yuujinchou Shi,TV (13 eps),Jan 2012 - Mar 2012,"268,356 members",8.63,https://myanimelist.net/anime/11665/Natsume_Yuujinchou_Shi
98,Ping Pong the Animation,TV (11 eps),Apr 2014 - Jun 2014,"447,438 members",8.63,https://myanimelist.net/anime/22135/Ping_Pong_the_Animation
99,Chiikawa,TV (? eps),Apr 2022 -,"25,635 members",8.62,https://myanimelist.net/anime/50250/Chiikawa
100,Cyberpunk: Edgerunners,ONA (10 eps),Sep 2022 - Sep 2022,"1,111,779 members",8.62,https://myanimelist.net/anime/42310/Cyberpunk__Edgerunners
101,Death Note,TV (37 eps),Oct 2006 - Jun 2007,"4,363,546 members",8.62,https://myanimelist.net/anime/1535/Death_Note
102,Haikyuu!! Movie: Gomisuteba no Kessen,Movie (1 eps),Feb 2024 - Feb 2024,"240,539 members",8.62,https://myanimelist.net/anime/52742/Haikyuu_Movie__Gomisuteba_no_Kessen
103,Made in Abyss,TV (13 eps),Jul 2017 - Sep 2017,"1,575,913 members",8.62,https://myanimelist.net/anime/34599/Made_in_Abyss
104,Odd Taxi,TV (13 eps),Apr 2021 - Jun 2021,"522,582 members",8.62,https://myanimelist.net/anime/46102/Odd_Taxi
105,Shiguang Dailiren II,ONA (12 eps),Jul 2023 - Sep 2023,"179,884 members",8.62,https://myanimelist.net/anime/49413/Shiguang_Dailiren_II
106,Tengen Toppa Gurren Lagann Movie 2: Lagann-hen,Movie (1 eps),Apr 2009 - Apr 2009,"242,256 members",8.62,https://myanimelist.net/anime/4565/Tengen_Toppa_Gurren_Lagann_Movie_2__Lagann-hen
107,Guimi Zhi Zhu: Xiaochou Pian,ONA (13 eps),Jun 2025 - Aug 2025,"228,194 members",8.61,https://myanimelist.net/anime/49818/Guimi_Zhi_Zhu__Xiaochou_Pian
108,Haikyuu!! Second Season,TV (25 eps),Oct 2015 - Mar 2016,"1,585,912 members",8.61,https://myanimelist.net/anime/28891/Haikyuu_Second_Season
109,Hajime no Ippo: Rising,TV (25 eps),Oct 2013 - Mar 2014,"304,351 members",8.61,https://myanimelist.net/anime/19647/Hajime_no_Ippo__Rising
110,Kaguya-sama wa Kokurasetai? Tensai-tachi no Renai Zunousen,TV (12 eps),Apr 2020 - Jun 2020,"1,524,844 members",8.61,https://myanimelist.net/anime/40591/Kaguya-sama_wa_Kokurasetai_Tensai-tachi_no_Renai_Zunousen
111,Kenpuu Denki Berserk,TV (25 eps),Oct 1997 - Apr 1998,"782,432 members",8.61,https://myanimelist.net/anime/33/Kenpuu_Denki_Berserk
112,Look Back,Movie (1 eps),Jun 2024 - Jun 2024,"264,158 members",8.61,https://myanimelist.net/anime/58125/Look_Back
113,Natsume Yuujinchou Roku,TV (11 eps),Apr 2017 - Jun 2017,"207,941 members",8.61,https://myanimelist.net/anime/34591/Natsume_Yuujinchou_Roku
114,Bungou Stray Dogs 5th Season,TV (11 eps),Jul 2023 - Sep 2023,"268,595 members",8.60,https://myanimelist.net/anime/54898/Bungou_Stray_Dogs_5th_Season
115,Made in Abyss Movie 3: Fukaki Tamashii no Reimei,Movie (1 eps),Jan 2020 - Jan 2020,"547,795 members",8.60,https://myanimelist.net/anime/36862/Made_in_Abyss_Movie_3__Fukaki_Tamashii_no_Reimei
116,Jujutsu Kaisen: Shimetsu Kaiyuu - Zenpen,TV (12 eps),Jan 2026 - Mar 2026,"574,233 members",8.59,https://myanimelist.net/anime/57658/Jujutsu_Kaisen__Shimetsu_Kaiyuu_-_Zenpen
117,Made in Abyss: Retsujitsu no Ougonkyou,TV (12 eps),Jul 2022 - Sep 2022,"551,661 members",8.59,https://myanimelist.net/anime/41084/Made_in_Abyss__Retsujitsu_no_Ougonkyou
118,Mushoku Tensei: Isekai Ittara Honki Dasu Part 2,TV (12 eps),Oct 2021 - Dec 2021,"1,158,278 members",8.59,https://myanimelist.net/anime/45576/Mushoku_Tensei__Isekai_Ittara_Honki_Dasu_Part_2
119,Seishun Buta Yarou wa Yumemiru Shoujo no Yume wo Minai,Movie (1 eps),Jun 2019 - Jun 2019,"838,030 members",8.59,https://myanimelist.net/anime/38329/Seishun_Buta_Yarou_wa_Yumemiru_Shoujo_no_Yume_wo_Minai
120,Suzumiya Haruhi no Shoushitsu,Movie (1 eps),Feb 2010 - Feb 2010,"656,369 members",8.59,https://myanimelist.net/anime/7311/Suzumiya_Haruhi_no_Shoushitsu
121,Dungeon Meshi,TV (24 eps),Jan 2024 - Jun 2024,"613,751 members",8.58,https://myanimelist.net/anime/52701/Dungeon_Meshi
122,JoJo no Kimyou na Bouken Part 5: Ougon no Kaze,TV (39 eps),Oct 2018 - Jul 2019,"1,196,108 members",8.58,https://myanimelist.net/anime/37991/JoJo_no_Kimyou_na_Bouken_Part_5__Ougon_no_Kaze
123,Mushishi Zoku Shou: Suzu no Shizuku,Movie (1 eps),May 2015 - May 2015,"142,531 members",8.58,https://myanimelist.net/anime/28957/Mushishi_Zoku_Shou__Suzu_no_Shizuku
124,Mushoku Tensei III: Isekai Ittara Honki Dasu,TV (14 eps),Jul 2026 - Sep 2026,"322,274 members",8.58,https://myanimelist.net/anime/59193/Mushoku_Tensei_III__Isekai_Ittara_Honki_Dasu
125,Nana,TV (47 eps),Apr 2006 - Mar 2007,"799,921 members",8.58,https://myanimelist.net/anime/877/Nana
126,Shin Evangelion Movie:||,Movie (1 eps),Mar 2021 - Mar 2021,"432,462 members",8.58,https://myanimelist.net/anime/3786/Shin_Evangelion_Movie_||
127,Shingeki no Kyojin,TV (25 eps),Apr 2013 - Sep 2013,"4,425,476 members",8.58,https://myanimelist.net/anime/16498/Shingeki_no_Kyojin
128,Natsume Yuujinchou Shichi,TV (12 eps),Oct 2024 - Dec 2024,"61,085 members",8.57,https://myanimelist.net/anime/55823/Natsume_Yuujinchou_Shichi
129,Shiguang Dailiren III,ONA (12 eps),Aug 2026 -,"37,476 members",8.57,https://myanimelist.net/anime/61607/Shiguang_Dailiren_III
130,"Shinseiki Evangelion Movie: Air/Magokoro wo, Kimi ni",Movie (1 eps),Jul 1997 - Jul 1997,"1,061,544 members",8.57,https://myanimelist.net/anime/32/Shinseiki_Evangelion_Movie__Air_Magokoro_wo_Kimi_ni
131,Uma Musume: Cinderella Gray,TV (13 eps),Apr 2025 - Jun 2025,"112,226 members",8.57,https://myanimelist.net/anime/59636/Uma_Musume__Cinderella_Gray
132,Haikyuu!! To the Top Part 2,TV (12 eps),Oct 2020 - Dec 2020,"943,058 members",8.56,https://myanimelist.net/anime/40776/Haikyuu_To_the_Top_Part_2
133,Kimi no Suizou wo Tabetai,Movie (1 eps),Sep 2018 - Sep 2018,"1,143,132 members",8.56,https://myanimelist.net/anime/36098/Kimi_no_Suizou_wo_Tabetai
134,Kizumonogatari II: Nekketsu-hen,Movie (1 eps),Aug 2016 - Aug 2016,"495,985 members",8.56,https://myanimelist.net/anime/31757/Kizumonogatari_II__Nekketsu-hen
135,Natsume Yuujinchou Go,TV (11 eps),Oct 2016 - Dec 2016,"208,076 members",8.56,https://myanimelist.net/anime/32983/Natsume_Yuujinchou_Go
136,Natsume Yuujinchou San,TV (13 eps),Jul 2011 - Sep 2011,"274,453 members",8.56,https://myanimelist.net/anime/10379/Natsume_Yuujinchou_San
137,Ookami Kodomo no Ame to Yuki,Movie (1 eps),Jul 2012 - Jul 2012,"875,903 members",8.56,https://myanimelist.net/anime/12355/Ookami_Kodomo_no_Ame_to_Yuki
138,Perfect Blue,Movie (1 eps),Feb 1998 - Feb 1998,"839,916 members",8.56,https://myanimelist.net/anime/437/Perfect_Blue
139,Slam Dunk,TV (101 eps),Oct 1993 - Mar 1996,"343,027 members",8.56,https://myanimelist.net/anime/170/Slam_Dunk
140,Steins;Gate 0,TV (23 eps),Apr 2018 - Sep 2018,"969,219 members",8.56,https://myanimelist.net/anime/30484/Steins_Gate_0
141,Hotaru no Haka,Movie (1 eps),Apr 1988 - Apr 1988,"781,082 members",8.55,https://myanimelist.net/anime/578/Hotaru_no_Haka
142,Yojouhan Shinwa Taikei,TV (11 eps),Apr 2010 - Jul 2010,"502,919 members",8.55,https://myanimelist.net/anime/7785/Yojouhan_Shinwa_Taikei
143,Shingeki no Kyojin Season 2,TV (12 eps),Apr 2017 - Jun 2017,"3,065,059 members",8.54,https://myanimelist.net/anime/25777/Shingeki_no_Kyojin_Season_2
144,Shouwa Genroku Rakugo Shinjuu,TV (13 eps),Jan 2016 - Apr 2016,"318,081 members",8.54,https://myanimelist.net/anime/28735/Shouwa_Genroku_Rakugo_Shinjuu
145,Doupo Cangqiong: San Nian Zhi Yue,ONA (13 eps),Oct 2021 - Jan 2022,"11,833 members",8.53,https://myanimelist.net/anime/49701/Doupo_Cangqiong__San_Nian_Zhi_Yue
146,Fate/Zero 2nd Season,TV (12 eps),Apr 2012 - Jun 2012,"1,207,557 members",8.53,https://myanimelist.net/anime/11741/Fate_Zero_2nd_Season
147,Kimetsu no Yaiba Movie: Mugen Ressha-hen,Movie (1 eps),Oct 2020 - Oct 2020,"1,809,415 members",8.53,https://myanimelist.net/anime/40456/Kimetsu_no_Yaiba_Movie__Mugen_Ressha-hen
148,Mushishi: Hihamukage,TV Special (1 eps),Jan 2014 - Jan 2014,"155,254 members",8.53,https://myanimelist.net/anime/21329/Mushishi__Hihamukage
149,Nippon Sangoku,TV (12 eps),Apr 2026 - Jun 2026,"124,018 members",8.53,https://myanimelist.net/anime/63375/Nippon_Sangoku
150,Zoku Natsume Yuujinchou,TV (13 eps),Jan 2009 - Mar 2009,"268,963 members",8.53,https://myanimelist.net/anime/5300/Zoku_Natsume_Yuujinchou
151,Fruits Basket 2nd Season,TV (25 eps),Apr 2020 - Sep 2020,"594,452 members",8.52,https://myanimelist.net/anime/40417/Fruits_Basket_2nd_Season
152,Gintama Movie 1: Shinyaku Benizakura-hen,Movie (1 eps),Apr 2010 - Apr 2010,"179,374 members",8.52,https://myanimelist.net/anime/7472/Gintama_Movie_1__Shinyaku_Benizakura-hen
153,Samurai Champloo,TV (26 eps),May 2004 - Mar 2005,"1,368,328 members",8.52,https://myanimelist.net/anime/205/Samurai_Champloo
154,Shoujo☆Kageki Revue Starlight Movie,Movie (1 eps),Jun 2021 - Jun 2021,"26,893 members",8.52,https://myanimelist.net/anime/40664/Shoujo☆Kageki_Revue_Starlight_Movie
155,[Oshi no Ko],TV (11 eps),Apr 2023 - Jun 2023,"1,080,043 members",8.52,https://myanimelist.net/anime/52034/Oshi_no_Ko
156,Bakuman. 3rd Season,TV (25 eps),Oct 2012 - Mar 2013,"350,331 members",8.51,https://myanimelist.net/anime/12365/Bakuman_3rd_Season
157,Gintama. Porori-hen,TV (13 eps),Oct 2017 - Dec 2017,"225,353 members",8.51,https://myanimelist.net/anime/35843/Gintama_Porori-hen
158,JoJo no Kimyou na Bouken Part 4: Diamond wa Kudakenai,TV (39 eps),Apr 2016 - Dec 2016,"1,296,337 members",8.51,https://myanimelist.net/anime/31933/JoJo_no_Kimyou_na_Bouken_Part_4__Diamond_wa_Kudakenai
159,Kaguya-sama wa Kokurasetai: Otona e no Kaidan,TV Special (1 eps),Dec 2025 - Dec 2025,"120,460 members",8.51,https://myanimelist.net/anime/61903/Kaguya-sama_wa_Kokurasetai__Otona_e_no_Kaidan
160,Koukaku Kidoutai: Stand Alone Complex 2nd GIG,TV (26 eps),Jan 2004 - Jan 2005,"244,870 members",8.51,https://myanimelist.net/anime/801/Koukaku_Kidoutai__Stand_Alone_Complex_2nd_GIG
161,Mahou Shoujo Madoka★Magica Movie 3: Hangyaku no Monogatari,Movie (1 eps),Oct 2013 - Oct 2013,"429,561 members",8.51,https://myanimelist.net/anime/11981/Mahou_Shoujo_Madoka★Magica_Movie_3__Hangyaku_no_Monogatari
162,Dr. Stone: Science Future Part 2,TV (12 eps),Jul 2025 - Sep 2025,"254,005 members",8.50,https://myanimelist.net/anime/61322/Dr_Stone__Science_Future_Part_2
163,Given Movie 3: Umi e,Movie (1 eps),Sep 2024 - Sep 2024,"34,806 members",8.50,https://myanimelist.net/anime/58222/Given_Movie_3__Umi_e
164,Grand Blue Season 2,TV (12 eps),Jul 2025 - Sep 2025,"217,736 members",8.50,https://myanimelist.net/anime/59986/Grand_Blue_Season_2
165,JoJo no Kimyou na Bouken Part 6: Stone Ocean Part 3,ONA (14 eps),Dec 2022 - Dec 2022,"326,120 members",8.50,https://myanimelist.net/anime/53273/JoJo_no_Kimyou_na_Bouken_Part_6__Stone_Ocean_Part_3
166,Kara no Kyoukai Movie 5: Mujun Rasen,Movie (1 eps),Aug 2008 - Aug 2008,"256,050 members",8.50,https://myanimelist.net/anime/4282/Kara_no_Kyoukai_Movie_5__Mujun_Rasen
167,Ore dake Level Up na Ken Season 2: Arise from the Shadow,TV (13 eps),Jan 2025 - Mar 2025,"826,433 members",8.50,https://myanimelist.net/anime/58567/Ore_dake_Level_Up_na_Ken_Season_2__Arise_from_the_Shadow
168,Seihantai na Kimi to Boku 2nd Season,TV (13 eps),Jul 2026 - Oct 2026,"111,971 members",8.50,https://myanimelist.net/anime/63832/Seihantai_na_Kimi_to_Boku_2nd_Season
169,Sora yori mo Tooi Basho,TV (13 eps),Jan 2018 - Mar 2018,"560,648 members",8.50,https://myanimelist.net/anime/35839/Sora_yori_mo_Tooi_Basho
170,[Oshi no Ko] 2nd Season,TV (13 eps),Jul 2024 - Oct 2024,"541,196 members",8.50,https://myanimelist.net/anime/55791/Oshi_no_Ko_2nd_Season
171,Fanren Xiu Xian Zhuan 4th Season,ONA (52 eps),Jan 2025 - Jan 2026,"3,526 members",8.49,https://myanimelist.net/anime/60557/Fanren_Xiu_Xian_Zhuan_4th_Season
172,Jujutsu Kaisen,TV (24 eps),Oct 2020 - Mar 2021,"3,108,943 members",8.49,https://myanimelist.net/anime/40748/Jujutsu_Kaisen
173,Mob Psycho 100,TV (12 eps),Jul 2016 - Sep 2016,"2,358,200 members",8.49,https://myanimelist.net/anime/32182/Mob_Psycho_100
174,Xian Ni,ONA (180 eps),Sep 2023 -,"12,824 members",8.49,https://myanimelist.net/anime/55809/Xian_Ni
175,Yuru Camp△ Season 2,TV (13 eps),Jan 2021 - Apr 2021,"257,307 members",8.49,https://myanimelist.net/anime/38474/Yuru_Camp△_Season_2
176,Aria the Origination,TV (13 eps),Jan 2008 - Apr 2008,"143,923 members",8.48,https://myanimelist.net/anime/3297/Aria_the_Origination
177,Ousama Ranking,TV (23 eps),Oct 2021 - Mar 2022,"771,412 members",8.48,https://myanimelist.net/anime/40834/Ousama_Ranking
178,Tongari Boushi no Atelier,TV (13 eps),Apr 2026 - Jun 2026,"445,632 members",8.48,https://myanimelist.net/anime/51553/Tongari_Boushi_no_Atelier
179,Uchuu Kyoudai,TV (99 eps),Apr 2012 - Mar 2014,"212,792 members",8.48,https://myanimelist.net/anime/12431/Uchuu_Kyoudai
180,Ansatsu Kyoushitsu 2nd Season,TV (25 eps),Jan 2016 - Jul 2016,"1,589,426 members",8.47,https://myanimelist.net/anime/30654/Ansatsu_Kyoushitsu_2nd_Season
181,Kaoru Hana wa Rin to Saku,TV (13 eps),Jul 2025 - Sep 2025,"501,971 members",8.47,https://myanimelist.net/anime/59845/Kaoru_Hana_wa_Rin_to_Saku
182,Nichijou,TV (26 eps),Apr 2011 - Sep 2011,"995,437 members",8.47,https://myanimelist.net/anime/10165/Nichijou
183,One Punch Man,TV (12 eps),Oct 2015 - Dec 2015,"3,558,606 members",8.47,https://myanimelist.net/anime/30276/One_Punch_Man
184,Tian Guan Cifu Short Films,ONA (? eps),Feb 2025 -,"12,486 members",8.47,https://myanimelist.net/anime/60988/Tian_Guan_Cifu_Short_Films
185,Tian Guan Cifu Special,ONA (1 eps),Feb 2021 - Feb 2021,"61,848 members",8.47,https://myanimelist.net/anime/44070/Tian_Guan_Cifu_Special
186,Yakusoku no Neverland,TV (12 eps),Jan 2019 - Mar 2019,"2,181,657 members",8.47,https://myanimelist.net/anime/37779/Yakusoku_no_Neverland
187,Chihayafuru 3,TV (24 eps),Oct 2019 - Mar 2020,"159,315 members",8.46,https://myanimelist.net/anime/37379/Chihayafuru_3
188,Fate/stay night Movie: Heaven's Feel - II. Lost Butterfly,Movie (1 eps),Jan 2019 - Jan 2019,"446,364 members",8.46,https://myanimelist.net/anime/33049/Fate_stay_night_Movie__Heavens_Feel_-_II_Lost_Butterfly
189,Rainbow: Nisha Rokubou no Shichinin,TV (26 eps),Apr 2010 - Sep 2010,"429,255 members",8.46,https://myanimelist.net/anime/6114/Rainbow__Nisha_Rokubou_no_Shichinin
190,Summertime Render,TV (25 eps),Apr 2022 - Sep 2022,"697,580 members",8.46,https://myanimelist.net/anime/47194/Summertime_Render
191,Tenmaku no Jaadugar,TV (12 eps),Jul 2026 - Sep 2026,"84,669 members",8.46,https://myanimelist.net/anime/61483/Tenmaku_no_Jaadugar
192,Yuu☆Yuu☆Hakusho,TV (112 eps),Oct 1992 - Jan 1995,"762,786 members",8.46,https://myanimelist.net/anime/392/Yuu☆Yuu☆Hakusho
193,Banana Fish,TV (24 eps),Jul 2018 - Dec 2018,"977,793 members",8.45,https://myanimelist.net/anime/36649/Banana_Fish
194,Chou Kaguya-hime!,ONA (1 eps),Jan 2026 - Jan 2026,"111,258 members",8.45,https://myanimelist.net/anime/62896/Chou_Kaguya-hime
195,Dorohedoro Season 2,ONA (11 eps),Apr 2026 - May 2026,"96,657 members",8.45,https://myanimelist.net/anime/57779/Dorohedoro_Season_2
196,Gintama: The Semi-Final,Special (2 eps),Jan 2021 - Jan 2021,"95,519 members",8.45,https://myanimelist.net/anime/44087/Gintama__The_Semi-Final
197,Grand Blue,TV (12 eps),Jul 2018 - Sep 2018,"927,724 members",8.45,https://myanimelist.net/anime/37105/Grand_Blue
198,Mo Dao Zu Shi: Xian Yun Pian,ONA (8 eps),Aug 2019 - Sep 2019,"120,431 members",8.45,https://myanimelist.net/anime/38450/Mo_Dao_Zu_Shi__Xian_Yun_Pian
199,Nezha Zhi Mo Tong Nao Hai,Movie (1 eps),Jan 2025 - Jan 2025,"12,895 members",8.45,https://myanimelist.net/anime/60544/Nezha_Zhi_Mo_Tong_Nao_Hai
200,Owarimonogatari,TV (12 eps),Oct 2015 - Dec 2015,"515,923 members",8.45,https://myanimelist.net/anime/31181/Owarimonogatari
201,Prism Rondo,ONA (20 eps),Jan 2026 - Jan 2026,"72,466 members",8.45,https://myanimelist.net/anime/63019/Prism_Rondo
202,Steins;Gate Movie: Fuka Ryouiki no Déjà vu,Movie (1 eps),Apr 2013 - Apr 2013,"651,319 members",8.45,https://myanimelist.net/anime/11577/Steins_Gate_Movie__Fuka_Ryouiki_no_Déjà_vu
203,Hunter x Hunter,TV (62 eps),Oct 1999 - Mar 2001,"656,941 members",8.44,https://myanimelist.net/anime/136/Hunter_x_Hunter
204,JoJo no Kimyou na Bouken Part 3: Stardust Crusaders - Egypt-hen,TV (24 eps),Jan 2015 - Jun 2015,"1,273,388 members",8.44,https://myanimelist.net/anime/26055/JoJo_no_Kimyou_na_Bouken_Part_3__Stardust_Crusaders_-_Egypt-hen
205,Mo Dao Zu Shi,ONA (15 eps),Jul 2018 - Oct 2018,"259,083 members",8.44,https://myanimelist.net/anime/37208/Mo_Dao_Zu_Shi
206,Pluto,ONA (8 eps),Oct 2023 - Oct 2023,"263,954 members",8.44,https://myanimelist.net/anime/35737/Pluto
207,Zoku Owarimonogatari,TV (6 eps),May 2019 - Jun 2019,"256,463 members",8.44,https://myanimelist.net/anime/36999/Zoku_Owarimonogatari
208,Golden Kamuy 3rd Season,TV (12 eps),Oct 2020 - Dec 2020,"205,467 members",8.43,https://myanimelist.net/anime/40059/Golden_Kamuy_3rd_Season
209,Haikyuu!!,TV (25 eps),Apr 2014 - Sep 2014,"2,202,592 members",8.43,https://myanimelist.net/anime/20583/Haikyuu
210,Medalist 2nd Season,TV (9 eps),Jan 2026 - Mar 2026,"47,139 members",8.43,https://myanimelist.net/anime/61335/Medalist_2nd_Season
211,Violet Evergarden Gaiden: Eien to Jidou Shuki Ningyou,Movie (1 eps),Sep 2019 - Sep 2019,"491,917 members",8.43,https://myanimelist.net/anime/39741/Violet_Evergarden_Gaiden__Eien_to_Jidou_Shuki_Ningyou
212,Chainsaw Man,TV (12 eps),Oct 2022 - Dec 2022,"2,027,894 members",8.42,https://myanimelist.net/anime/44511/Chainsaw_Man
213,Kono Oto Tomare! Part 2,TV (13 eps),Oct 2019 - Dec 2019,"206,423 members",8.42,https://myanimelist.net/anime/38889/Kono_Oto_Tomare_Part_2
214,Koukaku Kidoutai: Stand Alone Complex,TV (26 eps),Oct 2002 - Oct 2003,"429,941 members",8.42,https://myanimelist.net/anime/467/Koukaku_Kidoutai__Stand_Alone_Complex
215,Mushishi Zoku Shou: Odoro no Michi,TV Special (1 eps),Aug 2014 - Aug 2014,"112,331 members",8.42,https://myanimelist.net/anime/24687/Mushishi_Zoku_Shou__Odoro_no_Michi
216,Natsume Yuujinchou Movie: Utsusemi ni Musubu,Movie (1 eps),Sep 2018 - Sep 2018,"85,317 members",8.42,https://myanimelist.net/anime/36538/Natsume_Yuujinchou_Movie__Utsusemi_ni_Musubu
217,Re:Zero kara Hajimeru Isekai Seikatsu 2nd Season Part 2,TV (12 eps),Jan 2021 - Mar 2021,"1,107,549 members",8.42,https://myanimelist.net/anime/42203/Re_Zero_kara_Hajimeru_Isekai_Seikatsu_2nd_Season_Part_2
218,Saenai Heroine no Sodatekata Fine,Movie (1 eps),Oct 2019 - Oct 2019,"207,756 members",8.42,https://myanimelist.net/anime/36885/Saenai_Heroine_no_Sodatekata_Fine
219,Shingeki no Kyojin: Kuinaki Sentaku,OVA (2 eps),Dec 2014 - Apr 2015,"571,186 members",8.42,https://myanimelist.net/anime/25781/Shingeki_no_Kyojin__Kuinaki_Sentaku
220,Violet Evergarden: Recollections,TV Special (1 eps),Oct 2021 - Oct 2021,"50,061 members",8.42,https://myanimelist.net/anime/53672/Violet_Evergarden__Recollections
221,Bungou Stray Dogs 4th Season,TV (13 eps),Jan 2023 - Mar 2023,"368,862 members",8.41,https://myanimelist.net/anime/50330/Bungou_Stray_Dogs_4th_Season
222,Gintama: Yorinuki Gintama-san on Theater 2D,Movie (2 eps),Aug 2012 - Aug 2012,"49,226 members",8.41,https://myanimelist.net/anime/21899/Gintama__Yorinuki_Gintama-san_on_Theater_2D
223,Grand Blue Season 3,TV (12 eps),Jul 2026 - Sep 2026,"104,865 members",8.41,https://myanimelist.net/anime/62542/Grand_Blue_Season_3
224,Kamisama Hajimemashita: Kako-hen,OVA (4 eps),Aug 2015 - Aug 2016,"187,826 members",8.41,https://myanimelist.net/anime/30709/Kamisama_Hajimemashita__Kako-hen
225,Kimi ni Todoke 3rd Season,ONA (5 eps),Aug 2024 - Aug 2024,"121,481 members",8.41,https://myanimelist.net/anime/56538/Kimi_ni_Todoke_3rd_Season
226,Mononoke,TV (12 eps),Jul 2007 - Sep 2007,"373,453 members",8.41,https://myanimelist.net/anime/2246/Mononoke
227,Re:Zero kara Hajimeru Isekai Seikatsu 3rd Season,TV (16 eps),Oct 2024 - Mar 2025,"544,088 members",8.41,https://myanimelist.net/anime/54857/Re_Zero_kara_Hajimeru_Isekai_Seikatsu_3rd_Season
228,Saiki Kusuo no Ψ-nan,TV (120 eps),Jul 2016 - Dec 2016,"1,277,546 members",8.41,https://myanimelist.net/anime/33255/Saiki_Kusuo_no_Ψ-nan
229,Saiki Kusuo no Ψ-nan 2,TV (24 eps),Jan 2018 - Jun 2018,"734,352 members",8.41,https://myanimelist.net/anime/34612/Saiki_Kusuo_no_Ψ-nan_2
230,Tian Guan Cifu,ONA (11 eps),Oct 2020 - Jan 2021,"180,952 members",8.41,https://myanimelist.net/anime/40730/Tian_Guan_Cifu
231,Doupo Cangqiong: Nian Fan,ONA (219 eps),Jul 2022 -,"12,864 members",8.40,https://myanimelist.net/anime/51039/Doupo_Cangqiong__Nian_Fan
232,Golden Kamuy: Saishuushou,TV (13 eps),Jan 2026 - Mar 2026,"65,755 members",8.40,https://myanimelist.net/anime/55772/Golden_Kamuy__Saishuushou
233,Kaguya-sama wa Kokurasetai: Tensai-tachi no Renai Zunousen,TV (12 eps),Jan 2019 - Mar 2019,"1,972,362 members",8.40,https://myanimelist.net/anime/37999/Kaguya-sama_wa_Kokurasetai__Tensai-tachi_no_Renai_Zunousen
234,Karakai Jouzu no Takagi-san Movie,Movie (1 eps),Jun 2022 - Jun 2022,"98,659 members",8.40,https://myanimelist.net/anime/49722/Karakai_Jouzu_no_Takagi-san_Movie
235,Kono Subarashii Sekai ni Shukufuku wo! Movie: Kurenai Densetsu,Movie (1 eps),Aug 2019 - Aug 2019,"902,368 members",8.40,https://myanimelist.net/anime/38040/Kono_Subarashii_Sekai_ni_Shukufuku_wo_Movie__Kurenai_Densetsu
236,Natsume Yuujinchou Roku Specials,Special (2 eps),Sep 2017 - Oct 2017,"54,606 members",8.40,https://myanimelist.net/anime/36275/Natsume_Yuujinchou_Roku_Specials
237,Sayonara no Asa ni Yakusoku no Hana wo Kazarou,Movie (1 eps),Feb 2018 - Feb 2018,"504,505 members",8.40,https://myanimelist.net/anime/35851/Sayonara_no_Asa_ni_Yakusoku_no_Hana_wo_Kazarou
238,Spy x Family,TV (12 eps),Apr 2022 - Jun 2022,"1,934,281 members",8.40,https://myanimelist.net/anime/50265/Spy_x_Family
239,Wu Liuqi: Xuanwu Guo Pian,ONA (10 eps),Jan 2021 - May 2021,"87,265 members",8.40,https://myanimelist.net/anime/45556/Wu_Liuqi__Xuanwu_Guo_Pian
240,Ashita no Joe,TV (79 eps),Apr 1970 - Sep 1971,"117,538 members",8.39,https://myanimelist.net/anime/2402/Ashita_no_Joe
241,Blue Giant,Movie (1 eps),Feb 2023 - Feb 2023,"51,351 members",8.39,https://myanimelist.net/anime/50183/Blue_Giant
242,Dandadan,TV (12 eps),Oct 2024 - Dec 2024,"1,026,520 members",8.39,https://myanimelist.net/anime/57334/Dandadan
243,Girls & Panzer: Saishuushou Part 4,Movie (1 eps),Oct 2023 - Oct 2023,"28,684 members",8.39,https://myanimelist.net/anime/39167/Girls___Panzer__Saishuushou_Part_4
244,Guangyin Zhi Wai,ONA (26 eps),Dec 2025 - Jun 2026,"2,726 members",8.39,https://myanimelist.net/anime/62340/Guangyin_Zhi_Wai
245,Houseki no Kuni,TV (12 eps),Oct 2017 - Dec 2017,"527,491 members",8.39,https://myanimelist.net/anime/35557/Houseki_no_Kuni
246,Kimetsu no Yaiba,TV (26 eps),Apr 2019 - Sep 2019,"3,507,154 members",8.39,https://myanimelist.net/anime/38000/Kimetsu_no_Yaiba
247,Made in Abyss Movie 2: Hourou Suru Tasogare,Movie (1 eps),Jan 2019 - Jan 2019,"169,033 members",8.39,https://myanimelist.net/anime/37515/Made_in_Abyss_Movie_2__Hourou_Suru_Tasogare
248,Mahou Shoujo Madoka★Magica,TV (12 eps),Jan 2011 - Apr 2011,"1,433,015 members",8.39,https://myanimelist.net/anime/9756/Mahou_Shoujo_Madoka★Magica
249,Major S5,TV (25 eps),Jan 2009 - Jun 2009,"76,359 members",8.39,https://myanimelist.net/anime/5028/Major_S5
250,Cowboy Bebop: Tengoku no Tobira,Movie (1 eps),Sep 2001 - Sep 2001,"416,667 members",8.38,https://myanimelist.net/anime/5/Cowboy_Bebop__Tengoku_no_Tobira
251,Dandadan 2nd Season,TV (12 eps),Jul 2025 - Sep 2025,"593,123 members",8.38,https://myanimelist.net/anime/60543/Dandadan_2nd_Season
252,Josee to Tora to Sakana-tachi,Movie (1 eps),Dec 2020 - Dec 2020,"547,254 members",8.38,https://myanimelist.net/anime/40787/Josee_to_Tora_to_Sakana-tachi
253,Kaze ga Tsuyoku Fuiteiru,TV (23 eps),Oct 2018 - Mar 2019,"339,951 members",8.38,https://myanimelist.net/anime/37965/Kaze_ga_Tsuyoku_Fuiteiru
254,Mahou Shoujo Madoka★Magica Movie 2: Eien no Monogatari,Movie (1 eps),Oct 2012 - Oct 2012,"223,756 members",8.38,https://myanimelist.net/anime/11979/Mahou_Shoujo_Madoka★Magica_Movie_2__Eien_no_Monogatari
255,Medalist,TV (13 eps),Jan 2025 - Mar 2025,"98,305 members",8.38,https://myanimelist.net/anime/55318/Medalist
256,Ramayana: The Legend of Prince Rama,Movie (1 eps),Jan 1993 - Jan 1993,"16,027 members",8.38,https://myanimelist.net/anime/4921/Ramayana__The_Legend_of_Prince_Rama
257,3-gatsu no Lion,TV (22 eps),Oct 2016 - Mar 2017,"745,299 members",8.37,https://myanimelist.net/anime/31646/3-gatsu_no_Lion
258,Chihayafuru 2,TV (25 eps),Jan 2013 - Jun 2013,"255,028 members",8.37,https://myanimelist.net/anime/14397/Chihayafuru_2
259,Cross Game,TV (50 eps),Apr 2009 - Mar 2010,"133,793 members",8.37,https://myanimelist.net/anime/5941/Cross_Game
260,Doraemon Movie 31: Shin Nobita to Tetsujin Heidan - Habatake Tenshi-tachi,Movie (1 eps),Mar 2011 - Mar 2011,"23,344 members",8.37,https://myanimelist.net/anime/10534/Doraemon_Movie_31__Shin_Nobita_to_Tetsujin_Heidan_-_Habatake_Tenshi-tachi
261,Gintama°: Aizome Kaori-hen,OVA (2 eps),Aug 2016 - Nov 2016,"93,971 members",8.37,https://myanimelist.net/anime/32366/Gintama°__Aizome_Kaori-hen
262,Haikyuu!! To the Top,TV (13 eps),Jan 2020 - Apr 2020,"1,067,635 members",8.37,https://myanimelist.net/anime/38883/Haikyuu_To_the_Top
263,Initial D First Stage,TV (26 eps),Apr 1998 - Dec 1998,"448,472 members",8.37,https://myanimelist.net/anime/185/Initial_D_First_Stage
264,Ling Long 2nd Season,ONA (12 eps),May 2025 - Aug 2025,"2,298 members",8.37,https://myanimelist.net/anime/60570/Ling_Long_2nd_Season
265,Mushoku Tensei II: Isekai Ittara Honki Dasu Part 2,TV (12 eps),Apr 2024 - Jul 2024,"611,686 members",8.37,https://myanimelist.net/anime/55888/Mushoku_Tensei_II__Isekai_Ittara_Honki_Dasu_Part_2
266,Shinseiki Evangelion,TV (26 eps),Oct 1995 - Mar 1996,"2,063,689 members",8.37,https://myanimelist.net/anime/30/Shinseiki_Evangelion
267,Vivy: Fluorite Eye's Song,TV (13 eps),Apr 2021 - Jun 2021,"619,543 members",8.37,https://myanimelist.net/anime/46095/Vivy__Fluorite_Eyes_Song
268,Yuru Camp△ Movie,Movie (1 eps),Jul 2022 - Jul 2022,"96,450 members",8.37,https://myanimelist.net/anime/38475/Yuru_Camp△_Movie
269,Barakamon,TV (12 eps),Jul 2014 - Sep 2014,"721,576 members",8.36,https://myanimelist.net/anime/22789/Barakamon
270,Douluo Dalu 2nd Season,ONA (237 eps),Dec 2018 - Jun 2023,"24,478 members",8.36,https://myanimelist.net/anime/37822/Douluo_Dalu_2nd_Season
271,Gintama: Shiroyasha Koutan,Special (1 eps),Sep 2008 - Sep 2008,"76,265 members",8.36,https://myanimelist.net/anime/6945/Gintama__Shiroyasha_Koutan
272,K-On! Movie,Movie (1 eps),Dec 2011 - Dec 2011,"359,939 members",8.36,https://myanimelist.net/anime/9617/K-On_Movie
273,Kara no Kyoukai Movie 7: Satsujin Kousatsu (Go),Movie (1 eps),Aug 2009 - Aug 2009,"221,216 members",8.36,https://myanimelist.net/anime/5205/Kara_no_Kyoukai_Movie_7__Satsujin_Kousatsu_Go
274,Karakai Jouzu no Takagi-san 3,TV (12 eps),Jan 2022 - Mar 2022,"215,665 members",8.36,https://myanimelist.net/anime/49721/Karakai_Jouzu_no_Takagi-san_3
275,Kaze no Tani no Nausicaä,Movie (1 eps),Mar 1984 - Mar 1984,"419,764 members",8.36,https://myanimelist.net/anime/572/Kaze_no_Tani_no_Nausicaä
276,Kizumonogatari I: Tekketsu-hen,Movie (1 eps),Jan 2016 - Jan 2016,"589,108 members",8.36,https://myanimelist.net/anime/9260/Kizumonogatari_I__Tekketsu-hen
277,Versailles no Bara,TV (40 eps),Oct 1979 - Sep 1980,"117,324 members",8.36,https://myanimelist.net/anime/338/Versailles_no_Bara
278,"Violet Evergarden: Kitto ""Ai"" wo Shiru Hi ga Kuru no Darou",Special (1 eps),Jul 2018 - Jul 2018,"377,578 members",8.36,https://myanimelist.net/anime/37095/Violet_Evergarden__Kitto_Ai_wo_Shiru_Hi_ga_Kuru_no_Darou
279,86,TV (11 eps),Apr 2021 - Jun 2021,"1,004,529 members",8.35,https://myanimelist.net/anime/41457/86
280,Fruits Basket: Prelude,Movie (1 eps),Feb 2022 - Feb 2022,"134,237 members",8.35,https://myanimelist.net/anime/49310/Fruits_Basket__Prelude
281,Fumetsu no Anata e,TV (20 eps),Apr 2021 - Aug 2021,"1,015,626 members",8.35,https://myanimelist.net/anime/41025/Fumetsu_no_Anata_e
282,Girls Band Cry,TV (13 eps),Apr 2024 - Jun 2024,"143,380 members",8.35,https://myanimelist.net/anime/55102/Girls_Band_Cry
283,Hibike! Euphonium 2,TV (13 eps),Oct 2016 - Dec 2016,"260,382 members",8.35,https://myanimelist.net/anime/31988/Hibike_Euphonium_2
284,Jujutsu Kaisen 0 Movie,Movie (1 eps),Dec 2021 - Dec 2021,"1,310,339 members",8.35,https://myanimelist.net/anime/48561/Jujutsu_Kaisen_0_Movie
285,Meitantei Conan Movie 26: Kurogane no Submarine,Movie (1 eps),Apr 2023 - Apr 2023,"19,974 members",8.35,https://myanimelist.net/anime/53540/Meitantei_Conan_Movie_26__Kurogane_no_Submarine
286,Non Non Biyori Nonstop,TV (12 eps),Jan 2021 - Mar 2021,"140,928 members",8.35,https://myanimelist.net/anime/39808/Non_Non_Biyori_Nonstop
287,Tunshi Xingkong 3rd Season,ONA (33 eps),Sep 2022 - Apr 2023,"5,610 members",8.35,https://myanimelist.net/anime/56523/Tunshi_Xingkong_3rd_Season
288,Yahari Ore no Seishun Love Comedy wa Machigatteiru. Kan,TV (12 eps),Jul 2020 - Sep 2020,"835,766 members",8.35,https://myanimelist.net/anime/39547/Yahari_Ore_no_Seishun_Love_Comedy_wa_Machigatteiru_Kan
289,Baccano!,TV (13 eps),Jul 2007 - Nov 2007,"966,615 members",8.34,https://myanimelist.net/anime/2251/Baccano
290,Fanren Xiu Xian Zhuan: Xinghai Feichi,ONA (48 eps),Nov 2023 - Oct 2024,"4,429 members",8.34,https://myanimelist.net/anime/57067/Fanren_Xiu_Xian_Zhuan__Xinghai_Feichi
291,Hellsing Ultimate,OVA (10 eps),Feb 2006 - Dec 2012,"1,033,385 members",8.34,https://myanimelist.net/anime/777/Hellsing_Ultimate
292,IDOLiSH7 Third Beat! Part 2,TV (17 eps),Oct 2022 - Feb 2023,"18,296 members",8.34,https://myanimelist.net/anime/46654/IDOLiSH7_Third_Beat_Part_2
293,Yofukashi no Uta Season 2,TV (12 eps),Jul 2025 - Sep 2025,"265,088 members",8.34,https://myanimelist.net/anime/58390/Yofukashi_no_Uta_Season_2
294,Bakuman. 2nd Season,TV (25 eps),Oct 2011 - Mar 2012,"374,384 members",8.33,https://myanimelist.net/anime/10030/Bakuman_2nd_Season
295,Hyakuemu.,Movie (1 eps),Sep 2025 - Sep 2025,"87,540 members",8.33,https://myanimelist.net/anime/58919/Hyakuemu
296,Kimetsu no Yaiba: Mugen Ressha-hen,TV (7 eps),Oct 2021 - Nov 2021,"1,006,670 members",8.33,https://myanimelist.net/anime/49926/Kimetsu_no_Yaiba__Mugen_Ressha-hen
297,Kono Subarashii Sekai ni Shukufuku wo! 3,TV (11 eps),Apr 2024 - Jun 2024,"571,397 members",8.33,https://myanimelist.net/anime/49458/Kono_Subarashii_Sekai_ni_Shukufuku_wo_3
298,Re:Zero kara Hajimeru Isekai Seikatsu 2nd Season,TV (13 eps),Jul 2020 - Sep 2020,"1,317,840 members",8.33,https://myanimelist.net/anime/39587/Re_Zero_kara_Hajimeru_Isekai_Seikatsu_2nd_Season
299,Tensei shitara Slime Datta Ken 2nd Season,TV (12 eps),Jan 2021 - Mar 2021,"1,141,272 members",8.33,https://myanimelist.net/anime/39551/Tensei_shitara_Slime_Datta_Ken_2nd_Season
300,Bakemonogatari,TV (15 eps),Jul 2009 - Jun 2010,"1,506,694 members",8.32,https://myanimelist.net/anime/5081/Bakemonogatari
301,Fate/stay night: Unlimited Blade Works 2nd Season,TV (13 eps),Apr 2015 - Jun 2015,"932,393 members",8.32,https://myanimelist.net/anime/28701/Fate_stay_night__Unlimited_Blade_Works_2nd_Season
302,Ginga Eiyuu Densetsu: Die Neue These - Gekitotsu,Movie (12 eps),Mar 2022 - May 2022,"26,971 members",8.32,https://myanimelist.net/anime/42886/Ginga_Eiyuu_Densetsu__Die_Neue_These_-_Gekitotsu
303,Ginga Eiyuu Densetsu: Die Neue These - Sakubou,Movie (12 eps),Sep 2022 - Nov 2022,"19,514 members",8.32,https://myanimelist.net/anime/51805/Ginga_Eiyuu_Densetsu__Die_Neue_These_-_Sakubou
304,Hunter x Hunter: Original Video Animation,OVA (8 eps),Jan 2002 - Apr 2002,"138,416 members",8.32,https://myanimelist.net/anime/137/Hunter_x_Hunter__Original_Video_Animation
305,Kidou Senshi Gundam: The Origin,OVA (6 eps),Feb 2015 - May 2018,"85,792 members",8.32,https://myanimelist.net/anime/10937/Kidou_Senshi_Gundam__The_Origin
306,Kiseijuu: Sei no Kakuritsu,TV (24 eps),Oct 2014 - Mar 2015,"2,064,924 members",8.32,https://myanimelist.net/anime/22535/Kiseijuu__Sei_no_Kakuritsu
307,Major S6,TV (25 eps),Apr 2010 - Sep 2010,"67,762 members",8.32,https://myanimelist.net/anime/7655/Major_S6
308,Natsume Yuujinchou: Itsuka Yuki no Hi ni,OVA (1 eps),Feb 2014 - Feb 2014,"87,599 members",8.32,https://myanimelist.net/anime/20651/Natsume_Yuujinchou__Itsuka_Yuki_no_Hi_ni
309,NHK ni Youkoso!,TV (24 eps),Jul 2006 - Dec 2006,"853,691 members",8.32,https://myanimelist.net/anime/1210/NHK_ni_Youkoso
310,One Outs,TV (25 eps),Oct 2008 - Apr 2009,"259,639 members",8.32,https://myanimelist.net/anime/5040/One_Outs
311,Psycho-Pass,TV (22 eps),Oct 2012 - Mar 2013,"1,765,937 members",8.32,https://myanimelist.net/anime/13601/Psycho-Pass
312,Romeo no Aoi Sora,TV (33 eps),Jan 1995 - Dec 1995,"56,538 members",8.32,https://myanimelist.net/anime/2559/Romeo_no_Aoi_Sora
313,Super no Ura de Yani Suu Futari,TV (12 eps),Jul 2026 - Sep 2026,"233,461 members",8.32,https://myanimelist.net/anime/62076/Super_no_Ura_de_Yani_Suu_Futari
314,Tunshi Xingkong 4th Season,ONA (175 eps),Oct 2023 -,"6,580 members",8.32,https://myanimelist.net/anime/56524/Tunshi_Xingkong_4th_Season
315,Uchuu Senkan Yamato 2199,OVA (26 eps),May 2012 - Oct 2013,"127,487 members",8.32,https://myanimelist.net/anime/12029/Uchuu_Senkan_Yamato_2199
316,Uma Musume: Pretty Derby Season 2,TV (13 eps),Jan 2021 - Mar 2021,"118,441 members",8.32,https://myanimelist.net/anime/42941/Uma_Musume__Pretty_Derby_Season_2
317,Bocchi the Rock! Movie,Movie (2 eps),Jun 2024 - Aug 2024,"74,729 members",8.31,https://myanimelist.net/anime/55357/Bocchi_the_Rock_Movie
318,Boku dake ga Inai Machi,TV (12 eps),Jan 2016 - Mar 2016,"2,323,258 members",8.31,https://myanimelist.net/anime/31043/Boku_dake_ga_Inai_Machi
319,Diamond no Ace: Second Season,TV (51 eps),Apr 2015 - Mar 2016,"152,902 members",8.31,https://myanimelist.net/anime/30230/Diamond_no_Ace__Second_Season
320,Luo Xiaohei Zhanji (Movie),Movie (1 eps),Sep 2019 - Sep 2019,"47,595 members",8.31,https://myanimelist.net/anime/40211/Luo_Xiaohei_Zhanji_Movie
321,Mononoke Movie 2: Hinezumi,Movie (1 eps),Mar 2025 - Mar 2025,"24,370 members",8.31,https://myanimelist.net/anime/59408/Mononoke_Movie_2__Hinezumi
322,Mushen Ji,ONA (? eps),Oct 2024 -,"16,399 members",8.31,https://myanimelist.net/anime/59953/Mushen_Ji
323,Mushoku Tensei: Isekai Ittara Honki Dasu,TV (11 eps),Jan 2021 - Mar 2021,"1,621,725 members",8.31,https://myanimelist.net/anime/39535/Mushoku_Tensei__Isekai_Ittara_Honki_Dasu
324,Natsume Yuujinchou Go Specials,Special (2 eps),Mar 2017 - Apr 2017,"53,010 members",8.31,https://myanimelist.net/anime/34534/Natsume_Yuujinchou_Go_Specials
325,Sasaki to Miyano Movie: Sotsugyou-hen,Movie (1 eps),Feb 2023 - Feb 2023,"63,799 members",8.31,https://myanimelist.net/anime/51440/Sasaki_to_Miyano_Movie__Sotsugyou-hen
326,Usagi Drop,TV (11 eps),Jul 2011 - Sep 2011,"529,092 members",8.31,https://myanimelist.net/anime/10162/Usagi_Drop
327,Dr. Stone: New World Part 2,TV (11 eps),Oct 2023 - Dec 2023,"452,324 members",8.30,https://myanimelist.net/anime/55644/Dr_Stone__New_World_Part_2
328,Initial D Final Stage,TV (4 eps),May 2014 - Jun 2014,"170,198 members",8.30,https://myanimelist.net/anime/22507/Initial_D_Final_Stage
329,Kemono no Souja Erin,TV (50 eps),Jan 2009 - Dec 2009,"95,406 members",8.30,https://myanimelist.net/anime/5420/Kemono_no_Souja_Erin
330,Meitantei Conan Movie 06: Baker Street no Bourei,Movie (1 eps),Apr 2002 - Apr 2002,"86,467 members",8.30,https://myanimelist.net/anime/1365/Meitantei_Conan_Movie_06__Baker_Street_no_Bourei
331,Natsume Yuujinchou,TV (13 eps),Jul 2008 - Sep 2008,"594,613 members",8.30,https://myanimelist.net/anime/4081/Natsume_Yuujinchou
332,Ookami to Koushinryou II,TV (12 eps),Jul 2009 - Sep 2009,"524,819 members",8.30,https://myanimelist.net/anime/5341/Ookami_to_Koushinryou_II
333,Shiguang Dailiren: Yingdu Pian,ONA (6 eps),Dec 2024 - Jan 2025,"73,285 members",8.30,https://myanimelist.net/anime/56752/Shiguang_Dailiren__Yingdu_Pian
334,Tanoshii Muumin Ikka,TV (78 eps),Apr 1990 - Oct 1991,"34,053 members",8.30,https://myanimelist.net/anime/2150/Tanoshii_Muumin_Ikka
335,Beck,TV (26 eps),Oct 2004 - Mar 2005,"382,337 members",8.29,https://myanimelist.net/anime/57/Beck
336,Evangelion Movie 2: Ha,Movie (1 eps),Jun 2009 - Jun 2009,"601,885 members",8.29,https://myanimelist.net/anime/3784/Evangelion_Movie_2__Ha
337,Katanagatari,TV (12 eps),Jan 2010 - Dec 2010,"598,452 members",8.29,https://myanimelist.net/anime/6594/Katanagatari
338,Kobayashi-san Chi no Maid Dragon: Samishigariya no Ryuu,Movie (1 eps),Jun 2025 - Jun 2025,"65,136 members",8.29,https://myanimelist.net/anime/59897/Kobayashi-san_Chi_no_Maid_Dragon__Samishigariya_no_Ryuu
339,Kuroko no Basket 3rd Season,TV (25 eps),Jan 2015 - Jun 2015,"841,873 members",8.29,https://myanimelist.net/anime/24415/Kuroko_no_Basket_3rd_Season
340,Naruto: Shippuuden,TV (500 eps),Feb 2007 - Mar 2017,"2,787,598 members",8.29,https://myanimelist.net/anime/1735/Naruto__Shippuuden
341,Redline,Movie (1 eps),Aug 2009 - Aug 2009,"433,437 members",8.29,https://myanimelist.net/anime/6675/Redline
342,Sakamichi no Apollon,TV (12 eps),Apr 2012 - Jun 2012,"419,738 members",8.29,https://myanimelist.net/anime/12531/Sakamichi_no_Apollon
343,Steins;Gate: Oukoubakko no Poriomania,Special (1 eps),Feb 2012 - Feb 2012,"480,580 members",8.29,https://myanimelist.net/anime/10863/Steins_Gate__Oukoubakko_no_Poriomania
344,Tensei shitara Slime Datta Ken 2nd Season Part 2,TV (12 eps),Jul 2021 - Sep 2021,"937,254 members",8.29,https://myanimelist.net/anime/41487/Tensei_shitara_Slime_Datta_Ken_2nd_Season_Part_2
345,Tokyo Godfathers,Movie (1 eps),Nov 2003 - Nov 2003,"335,850 members",8.29,https://myanimelist.net/anime/759/Tokyo_Godfathers
346,Wu Liuqi: Jiyi Suipian,ONA (10 eps),Oct 2024 - Nov 2024,"21,872 members",8.29,https://myanimelist.net/anime/59150/Wu_Liuqi__Jiyi_Suipian
347,Wu Shan Wu Xing: Xichuan Huan Zi Lin,ONA (4 eps),Jul 2023 - Aug 2023,"20,026 members",8.29,https://myanimelist.net/anime/50407/Wu_Shan_Wu_Xing__Xichuan_Huan_Zi_Lin
348,Yuukoku no Moriarty Part 2,TV (13 eps),Apr 2021 - Jun 2021,"297,450 members",8.29,https://myanimelist.net/anime/43325/Yuukoku_no_Moriarty_Part_2
349,Ano Hi Mita Hana no Namae wo Bokutachi wa Mada Shiranai.,TV (11 eps),Apr 2011 - Jun 2011,"1,724,744 members",8.28,https://myanimelist.net/anime/9989/Ano_Hi_Mita_Hana_no_Namae_wo_Bokutachi_wa_Mada_Shiranai
350,Diamond no Ace: Act II,TV (52 eps),Apr 2019 - Mar 2020,"103,968 members",8.28,https://myanimelist.net/anime/38731/Diamond_no_Ace__Act_II
351,Ginga Eiyuu Densetsu: Die Neue These - Seiran 3,Movie (4 eps),Nov 2019 - Nov 2019,"31,006 members",8.28,https://myanimelist.net/anime/36371/Ginga_Eiyuu_Densetsu__Die_Neue_These_-_Seiran_3
352,Given,TV (11 eps),Jul 2019 - Sep 2019,"647,234 members",8.28,https://myanimelist.net/anime/39533/Given
353,Kingdom 2nd Season,TV (39 eps),Jun 2013 - Mar 2014,"153,753 members",8.28,https://myanimelist.net/anime/17389/Kingdom_2nd_Season
354,Kino no Tabi: The Beautiful World,TV (13 eps),Apr 2003 - Jul 2003,"362,141 members",8.28,https://myanimelist.net/anime/486/Kino_no_Tabi__The_Beautiful_World
355,Major: World Series,OVA (2 eps),Dec 2011 - Jan 2012,"40,437 members",8.28,https://myanimelist.net/anime/11917/Major__World_Series
356,Seishun Buta Yarou wa Randoseru Girl no Yume wo Minai,Movie (1 eps),Dec 2023 - Dec 2023,"199,391 members",8.28,https://myanimelist.net/anime/54870/Seishun_Buta_Yarou_wa_Randoseru_Girl_no_Yume_wo_Minai
357,Tunshi Xingkong 2nd Season,ONA (26 eps),Dec 2021 - Sep 2022,"9,510 members",8.28,https://myanimelist.net/anime/49571/Tunshi_Xingkong_2nd_Season
358,Zombieland Saga Movie: Yumeginga Paradise,Movie (1 eps),Oct 2025 - Oct 2025,"42,944 members",8.28,https://myanimelist.net/anime/50159/Zombieland_Saga_Movie__Yumeginga_Paradise
359,Doukyuusei,Movie (1 eps),Feb 2016 - Feb 2016,"300,773 members",8.27,https://myanimelist.net/anime/30346/Doukyuusei
360,Gin no Saji 2nd Season,TV (11 eps),Jan 2014 - Mar 2014,"156,369 members",8.27,https://myanimelist.net/anime/19363/Gin_no_Saji_2nd_Season
361,Haikyuu!! Movie 4: Concept no Tatakai,Movie (1 eps),Sep 2017 - Sep 2017,"108,464 members",8.27,https://myanimelist.net/anime/35111/Haikyuu_Movie_4__Concept_no_Tatakai
362,Koukaku Kidoutai,Movie (1 eps),Nov 1995 - Nov 1995,"719,422 members",8.27,https://myanimelist.net/anime/43/Koukaku_Kidoutai
363,Rurouni Kenshin: Meiji Kenkaku Romantan,TV (94 eps),Jan 1996 - Sep 1998,"528,823 members",8.27,https://myanimelist.net/anime/45/Rurouni_Kenshin__Meiji_Kenkaku_Romantan
364,Seihantai na Kimi to Boku,TV (12 eps),Jan 2026 - Mar 2026,"251,113 members",8.27,https://myanimelist.net/anime/60371/Seihantai_na_Kimi_to_Boku
365,Shen Yin Wangzuo 2nd Season,ONA (182 eps),Nov 2022 - Apr 2026,"8,174 members",8.27,https://myanimelist.net/anime/52684/Shen_Yin_Wangzuo_2nd_Season
366,Space☆Dandy 2nd Season,TV (13 eps),Jul 2014 - Sep 2014,"184,486 members",8.27,https://myanimelist.net/anime/23327/Space☆Dandy_2nd_Season
367,Steins;Gate: Kyoukaimenjou no Missing Link - Divide By Zero,TV Special (1 eps),Dec 2015 - Dec 2015,"294,643 members",8.27,https://myanimelist.net/anime/32188/Steins_Gate__Kyoukaimenjou_no_Missing_Link_-_Divide_By_Zero
368,Tenki no Ko,Movie (1 eps),Jul 2019 - Jul 2019,"1,150,270 members",8.27,https://myanimelist.net/anime/38826/Tenki_no_Ko
369,Dororo,TV (24 eps),Jan 2019 - Jun 2019,"1,398,545 members",8.26,https://myanimelist.net/anime/37520/Dororo
370,Dr. Stone,TV (24 eps),Jul 2019 - Dec 2019,"1,990,143 members",8.26,https://myanimelist.net/anime/38691/Dr_Stone
371,Dr. Stone: Science Future,TV (12 eps),Jan 2025 - Mar 2025,"331,781 members",8.26,https://myanimelist.net/anime/57592/Dr_Stone__Science_Future
372,Dr. Stone: Science Future Part 3,TV (13 eps),Apr 2026 - Jun 2026,"193,475 members",8.26,https://myanimelist.net/anime/62568/Dr_Stone__Science_Future_Part_3
373,Dungeon ni Deai wo Motomeru no wa Machigatteiru Darou ka IV: Shin Shou - Yakusai-hen,TV (11 eps),Jan 2023 - Mar 2023,"303,531 members",8.26,https://myanimelist.net/anime/53111/Dungeon_ni_Deai_wo_Motomeru_no_wa_Machigatteiru_Darou_ka_IV__Shin_Shou_-_Yakusai-hen
374,Fate/strange Fake,TV (13 eps),Jan 2026 - Mar 2026,"189,959 members",8.26,https://myanimelist.net/anime/55830/Fate_strange_Fake
375,Fate/Zero,TV (13 eps),Oct 2011 - Dec 2011,"1,618,830 members",8.26,https://myanimelist.net/anime/10087/Fate_Zero
376,Gintama: Shinyaku Benizakura-hen,Special (1 eps),Dec 2010 - Dec 2010,"48,236 members",8.26,https://myanimelist.net/anime/9735/Gintama__Shinyaku_Benizakura-hen
377,Hajime no Ippo: Mashiba vs. Kimura,OVA (1 eps),Sep 2003 - Sep 2003,"130,354 members",8.26,https://myanimelist.net/anime/265/Hajime_no_Ippo__Mashiba_vs_Kimura
378,Hotarubi no Mori e,Movie (1 eps),Sep 2011 - Sep 2011,"886,697 members",8.26,https://myanimelist.net/anime/10408/Hotarubi_no_Mori_e
379,Meitantei Conan: Episode One - Chiisaku Natta Meitantei,TV Special (1 eps),Dec 2016 - Dec 2016,"34,912 members",8.26,https://myanimelist.net/anime/34036/Meitantei_Conan__Episode_One_-_Chiisaku_Natta_Meitantei
380,Shirobako,TV (24 eps),Oct 2014 - Mar 2015,"474,152 members",8.26,https://myanimelist.net/anime/25835/Shirobako
381,Tenkuu no Shiro Laputa,Movie (1 eps),Aug 1986 - Aug 1986,"544,520 members",8.26,https://myanimelist.net/anime/513/Tenkuu_no_Shiro_Laputa
382,Tsubasa: Tokyo Revelations,OVA (3 eps),Nov 2007 - Mar 2008,"102,364 members",8.26,https://myanimelist.net/anime/2685/Tsubasa__Tokyo_Revelations
383,Yi Nian Yong Heng 3rd Season,ONA (59 eps),Jul 2024 - Jul 2025,"4,779 members",8.26,https://myanimelist.net/anime/56215/Yi_Nian_Yong_Heng_3rd_Season
384,Yuru Camp△,TV (12 eps),Jan 2018 - Mar 2018,"549,474 members",8.26,https://myanimelist.net/anime/34798/Yuru_Camp△
385,Doupo Cangqiong 4th Season,ONA (24 eps),Mar 2021 - Aug 2021,"10,639 members",8.25,https://myanimelist.net/anime/44412/Doupo_Cangqiong_4th_Season
386,Gyakkyou Burai Kaiji: Ultimate Survivor,TV (26 eps),Oct 2007 - Apr 2008,"397,479 members",8.25,https://myanimelist.net/anime/3002/Gyakkyou_Burai_Kaiji__Ultimate_Survivor
387,Hajime no Ippo: Champion Road,TV Special (1 eps),Apr 2003 - Apr 2003,"159,955 members",8.25,https://myanimelist.net/anime/264/Hajime_no_Ippo__Champion_Road
388,Hunter x Hunter: Greed Island Final,OVA (14 eps),Mar 2004 - Aug 2004,"158,565 members",8.25,https://myanimelist.net/anime/139/Hunter_x_Hunter__Greed_Island_Final
389,Koori no Jouheki,TV (14 eps),Apr 2026 - Jul 2026,"149,709 members",8.25,https://myanimelist.net/anime/60852/Koori_no_Jouheki
390,Kuroshitsuji Movie: Book of the Atlantic,Movie (1 eps),Jan 2017 - Jan 2017,"229,384 members",8.25,https://myanimelist.net/anime/31812/Kuroshitsuji_Movie__Book_of_the_Atlantic
391,Nodame Cantabile,TV (23 eps),Jan 2007 - Jun 2007,"334,674 members",8.25,https://myanimelist.net/anime/1698/Nodame_Cantabile
392,Re:Zero kara Hajimeru Isekai Seikatsu,TV (25 eps),Apr 2016 - Sep 2016,"2,508,663 members",8.25,https://myanimelist.net/anime/31240/Re_Zero_kara_Hajimeru_Isekai_Seikatsu
393,Sennen Joyuu,Movie (1 eps),Sep 2002 - Sep 2002,"214,794 members",8.25,https://myanimelist.net/anime/1033/Sennen_Joyuu
394,"Shangri-La Frontier: Kusoge Hunter, Kamige ni Idoman to su 2nd Season",TV (25 eps),Oct 2024 - Mar 2025,"286,183 members",8.25,https://myanimelist.net/anime/58572/Shangri-La_Frontier__Kusoge_Hunter_Kamige_ni_Idoman_to_su_2nd_Season
395,Shoujo Kakumei Utena,TV (39 eps),Apr 1997 - Dec 1997,"253,511 members",8.25,https://myanimelist.net/anime/440/Shoujo_Kakumei_Utena
396,Shoujo Shuumatsu Ryokou,TV (12 eps),Oct 2017 - Dec 2017,"413,195 members",8.25,https://myanimelist.net/anime/35838/Shoujo_Shuumatsu_Ryokou
397,Tonari no Totoro,Movie (1 eps),Apr 1988 - Apr 1988,"1,179,012 members",8.25,https://myanimelist.net/anime/523/Tonari_no_Totoro
398,Wu Liuqi: Anying Suming,ONA (10 eps),Jan 2023 - Mar 2023,"42,558 members",8.25,https://myanimelist.net/anime/54029/Wu_Liuqi__Anying_Suming
399,Youjo Senki II,TV (12 eps),Jul 2026 - Sep 2026,"263,268 members",8.25,https://myanimelist.net/anime/49233/Youjo_Senki_II
400,BanG Dream! It's MyGO!!!!!,TV (13 eps),Jun 2023 - Sep 2023,"44,680 members",8.24,https://myanimelist.net/anime/54959/BanG_Dream_Its_MyGO
401,Golden Kamuy 2nd Season,TV (12 eps),Oct 2018 - Dec 2018,"243,967 members",8.24,https://myanimelist.net/anime/37989/Golden_Kamuy_2nd_Season
402,Gyakkyou Burai Kaiji: Hakairoku-hen,TV (26 eps),Apr 2011 - Sep 2011,"216,625 members",8.24,https://myanimelist.net/anime/10271/Gyakkyou_Burai_Kaiji__Hakairoku-hen
403,Kage no Jitsuryokusha ni Naritakute! 2nd Season,TV (12 eps),Oct 2023 - Dec 2023,"556,872 members",8.24,https://myanimelist.net/anime/54595/Kage_no_Jitsuryokusha_ni_Naritakute_2nd_Season
404,Kamisama Hajimemashita◎,TV (12 eps),Jan 2015 - Mar 2015,"479,158 members",8.24,https://myanimelist.net/anime/25681/Kamisama_Hajimemashita◎
405,Kono Subarashii Sekai ni Shukufuku wo! 2,TV (10 eps),Jan 2017 - Mar 2017,"1,675,412 members",8.24,https://myanimelist.net/anime/32937/Kono_Subarashii_Sekai_ni_Shukufuku_wo_2
406,Majo no Takkyuubin,Movie (1 eps),Jul 1989 - Jul 1989,"675,392 members",8.24,https://myanimelist.net/anime/512/Majo_no_Takkyuubin
407,Non Non Biyori Movie: Vacation,Movie (1 eps),Aug 2018 - Aug 2018,"87,625 members",8.24,https://myanimelist.net/anime/36990/Non_Non_Biyori_Movie__Vacation
408,Planetes,TV (26 eps),Oct 2003 - Apr 2004,"285,312 members",8.24,https://myanimelist.net/anime/329/Planetes
409,Shinsekai yori,TV (25 eps),Sep 2012 - Mar 2013,"829,206 members",8.24,https://myanimelist.net/anime/13125/Shinsekai_yori
410,Stranger: Mukou Hadan,Movie (1 eps),Sep 2007 - Sep 2007,"357,792 members",8.24,https://myanimelist.net/anime/2418/Stranger__Mukou_Hadan
411,World Trigger 3rd Season,TV (14 eps),Oct 2021 - Jan 2022,"144,054 members",8.24,https://myanimelist.net/anime/44940/World_Trigger_3rd_Season
412,IDOLiSH7 Third Beat!,TV (13 eps),Jul 2021 - Sep 2021,"27,308 members",8.23,https://myanimelist.net/anime/45577/IDOLiSH7_Third_Beat
413,Kidou Senshi Gundam: Tekketsu no Orphans 2nd Season,TV (25 eps),Oct 2016 - Apr 2017,"163,403 members",8.23,https://myanimelist.net/anime/33051/Kidou_Senshi_Gundam__Tekketsu_no_Orphans_2nd_Season
414,Kono Sekai no Katasumi ni,Movie (1 eps),Nov 2016 - Nov 2016,"211,994 members",8.23,https://myanimelist.net/anime/15227/Kono_Sekai_no_Katasumi_ni
415,Liz to Aoi Tori,Movie (1 eps),Apr 2018 - Apr 2018,"166,370 members",8.23,https://myanimelist.net/anime/35677/Liz_to_Aoi_Tori
416,Mahou Shoujo Madoka★Magica Movie 1: Hajimari no Monogatari,Movie (1 eps),Oct 2012 - Oct 2012,"220,134 members",8.23,https://myanimelist.net/anime/11977/Mahou_Shoujo_Madoka★Magica_Movie_1__Hajimari_no_Monogatari
417,Mimi wo Sumaseba,Movie (1 eps),Jul 1995 - Jul 1995,"413,361 members",8.23,https://myanimelist.net/anime/585/Mimi_wo_Sumaseba
418,Seishun Buta Yarou wa Bunny Girl Senpai no Yume wo Minai,TV (13 eps),Oct 2018 - Dec 2018,"1,993,775 members",8.23,https://myanimelist.net/anime/37450/Seishun_Buta_Yarou_wa_Bunny_Girl_Senpai_no_Yume_wo_Minai
419,Suzume no Tojimari,Movie (1 eps),Nov 2022 - Nov 2022,"523,039 members",8.23,https://myanimelist.net/anime/50594/Suzume_no_Tojimari
420,Bakemono no Ko,Movie (1 eps),Jul 2015 - Jul 2015,"460,368 members",8.22,https://myanimelist.net/anime/28805/Bakemono_no_Ko
421,Cardcaptor Sakura Movie 2: Fuuin Sareta Card,Movie (1 eps),Jul 2000 - Jul 2000,"125,004 members",8.22,https://myanimelist.net/anime/372/Cardcaptor_Sakura_Movie_2__Fuuin_Sareta_Card
422,Danshi Koukousei no Nichijou,TV (12 eps),Jan 2012 - Mar 2012,"895,621 members",8.22,https://myanimelist.net/anime/11843/Danshi_Koukousei_no_Nichijou
423,Haikyuu!! Movie 3: Sainou to Sense,Movie (1 eps),Sep 2017 - Sep 2017,"112,181 members",8.22,https://myanimelist.net/anime/35110/Haikyuu_Movie_3__Sainou_to_Sense
424,Jujutsu Kaisen: Kaigyoku/Gyokusetsu,Movie (1 eps),May 2025 - May 2025,"67,752 members",8.22,https://myanimelist.net/anime/59654/Jujutsu_Kaisen__Kaigyoku_Gyokusetsu
425,Kaguya-hime no Monogatari,Movie (1 eps),Nov 2013 - Nov 2013,"265,705 members",8.22,https://myanimelist.net/anime/16664/Kaguya-hime_no_Monogatari
426,Maison Ikkoku,TV (96 eps),Mar 1986 - Mar 1988,"84,596 members",8.22,https://myanimelist.net/anime/1453/Maison_Ikkoku
427,Major S3,TV (26 eps),Jan 2007 - Jun 2007,"74,877 members",8.22,https://myanimelist.net/anime/1842/Major_S3
428,Nodame Cantabile Finale,TV (11 eps),Jan 2010 - Mar 2010,"134,119 members",8.22,https://myanimelist.net/anime/5690/Nodame_Cantabile_Finale
429,Stand By Me Doraemon 2,Movie (1 eps),Nov 2020 - Nov 2020,"43,219 members",8.22,https://myanimelist.net/anime/40853/Stand_By_Me_Doraemon_2
430,Trigun,TV (26 eps),Apr 1998 - Sep 1998,"844,835 members",8.22,https://myanimelist.net/anime/6/Trigun
431,Youjo Senki Movie,Movie (1 eps),Feb 2019 - Feb 2019,"346,962 members",8.22,https://myanimelist.net/anime/37055/Youjo_Senki_Movie
432,Berserk: Ougon Jidai-hen III - Kourin,Movie (1 eps),Feb 2013 - Feb 2013,"249,834 members",8.21,https://myanimelist.net/anime/12115/Berserk__Ougon_Jidai-hen_III_-_Kourin
433,Boku no Hero Academia 6th Season,TV (25 eps),Oct 2022 - Mar 2023,"848,859 members",8.21,https://myanimelist.net/anime/49918/Boku_no_Hero_Academia_6th_Season
434,Dragon Ball Super: Broly,Movie (1 eps),Dec 2018 - Dec 2018,"479,043 members",8.21,https://myanimelist.net/anime/36946/Dragon_Ball_Super__Broly
435,Dragon Ball Z,TV (291 eps),Apr 1989 - Jan 1996,"1,341,026 members",8.21,https://myanimelist.net/anime/813/Dragon_Ball_Z
436,Futsutsuka na Akujo dewa Gozaimasu ga: Suuguu Chouso Torikae Den,TV (11 eps),Jul 2026 - Sep 2026,"77,496 members",8.21,https://myanimelist.net/anime/61240/Futsutsuka_na_Akujo_dewa_Gozaimasu_ga__Suuguu_Chouso_Torikae_Den
437,Gachiakuta,TV (24 eps),Jul 2025 - Dec 2025,"549,505 members",8.21,https://myanimelist.net/anime/59062/Gachiakuta
438,Kage no Jitsuryokusha ni Naritakute!,TV (20 eps),Oct 2022 - Feb 2023,"895,847 members",8.21,https://myanimelist.net/anime/48316/Kage_no_Jitsuryokusha_ni_Naritakute
439,Major S1,TV (26 eps),Nov 2004 - May 2005,"108,952 members",8.21,https://myanimelist.net/anime/627/Major_S1
440,Ookami to Koushinryou,TV (13 eps),Jan 2008 - Mar 2008,"879,116 members",8.21,https://myanimelist.net/anime/2966/Ookami_to_Koushinryou
441,ReLIFE: Kanketsu-hen,Special (4 eps),Mar 2018 - Mar 2018,"454,895 members",8.21,https://myanimelist.net/anime/35466/ReLIFE__Kanketsu-hen
442,Saiki Kusuo no Ψ-nan: Kanketsu-hen,TV Special (1 eps),Dec 2018 - Dec 2018,"254,234 members",8.21,https://myanimelist.net/anime/38249/Saiki_Kusuo_no_Ψ-nan__Kanketsu-hen
443,Spy x Family Season 3,TV (13 eps),Oct 2025 - Dec 2025,"376,058 members",8.21,https://myanimelist.net/anime/59027/Spy_x_Family_Season_3
444,Fruits Basket 1st Season,TV (25 eps),Apr 2019 - Sep 2019,"963,438 members",8.20,https://myanimelist.net/anime/38680/Fruits_Basket_1st_Season
445,Girls & Panzer Movie,Movie (1 eps),Nov 2015 - Nov 2015,"132,760 members",8.20,https://myanimelist.net/anime/18617/Girls___Panzer_Movie
446,Initial D Second Stage,TV (13 eps),Oct 1999 - Jan 2000,"267,904 members",8.20,https://myanimelist.net/anime/186/Initial_D_Second_Stage
447,InuYasha: Kanketsu-hen,TV (26 eps),Oct 2009 - Mar 2010,"309,484 members",8.20,https://myanimelist.net/anime/6811/InuYasha__Kanketsu-hen
448,Kuroko no Basket 2nd Season,TV (25 eps),Oct 2013 - Mar 2014,"938,975 members",8.20,https://myanimelist.net/anime/16894/Kuroko_no_Basket_2nd_Season
449,Magi: The Kingdom of Magic,TV (25 eps),Oct 2013 - Mar 2014,"906,384 members",8.20,https://myanimelist.net/anime/18115/Magi__The_Kingdom_of_Magic
450,Meitantei Conan Movie 13: Shikkoku no Chaser,Movie (1 eps),Apr 2009 - Apr 2009,"65,769 members",8.20,https://myanimelist.net/anime/5460/Meitantei_Conan_Movie_13__Shikkoku_no_Chaser
451,Senki Zesshou Symphogear XV,TV (13 eps),Jul 2019 - Sep 2019,"44,545 members",8.20,https://myanimelist.net/anime/32843/Senki_Zesshou_Symphogear_XV
452,SKET Dance,TV (77 eps),Apr 2011 - Sep 2012,"240,737 members",8.20,https://myanimelist.net/anime/9863/SKET_Dance
453,Tengoku Daimakyou,TV (13 eps),Apr 2023 - Jun 2023,"648,777 members",8.20,https://myanimelist.net/anime/53393/Tengoku_Daimakyou
454,Wu Liuqi: Zui Qiang Fa Xing Shi,ONA (10 eps),Oct 2019 - Jan 2020,"100,776 members",8.20,https://myanimelist.net/anime/40784/Wu_Liuqi__Zui_Qiang_Fa_Xing_Shi
455,xxxHOLiC◆Kei,TV (13 eps),Apr 2008 - Jun 2008,"157,237 members",8.20,https://myanimelist.net/anime/3091/xxxHOLiC◆Kei
456,Yahari Ore no Seishun Love Comedy wa Machigatteiru. Zoku,TV (13 eps),Apr 2015 - Jun 2015,"1,178,413 members",8.20,https://myanimelist.net/anime/23847/Yahari_Ore_no_Seishun_Love_Comedy_wa_Machigatteiru_Zoku
457,Asobi Asobase,TV (12 eps),Jul 2018 - Sep 2018,"543,769 members",8.19,https://myanimelist.net/anime/37171/Asobi_Asobase
458,Boku no Kokoro no Yabai Yatsu,TV (12 eps),Apr 2023 - Jun 2023,"461,426 members",8.19,https://myanimelist.net/anime/52578/Boku_no_Kokoro_no_Yabai_Yatsu
459,Bungou Stray Dogs 3rd Season,TV (12 eps),Apr 2019 - Jun 2019,"719,314 members",8.19,https://myanimelist.net/anime/38003/Bungou_Stray_Dogs_3rd_Season
460,Cang Yuan Tu 2,ONA (36 eps),Dec 2024 - Aug 2025,"2,716 members",8.19,https://myanimelist.net/anime/60420/Cang_Yuan_Tu_2
461,Cardcaptor Sakura,TV (70 eps),Apr 1998 - Mar 2000,"491,680 members",8.19,https://myanimelist.net/anime/232/Cardcaptor_Sakura
462,Girls & Panzer: Saishuushou Part 3,Movie (1 eps),Mar 2021 - Mar 2021,"49,297 members",8.19,https://myanimelist.net/anime/39166/Girls___Panzer__Saishuushou_Part_3
463,Great Pretender,TV (23 eps),Jul 2020 - Dec 2020,"759,487 members",8.19,https://myanimelist.net/anime/40052/Great_Pretender
464,Hunter x Hunter: Greed Island,OVA (8 eps),Feb 2003 - Apr 2003,"184,280 members",8.19,https://myanimelist.net/anime/138/Hunter_x_Hunter__Greed_Island
465,K-On!!,TV (26 eps),Apr 2010 - Sep 2010,"763,936 members",8.19,https://myanimelist.net/anime/7791/K-On
466,Kaijuu 8-gou,TV (12 eps),Apr 2024 - Jun 2024,"759,142 members",8.19,https://myanimelist.net/anime/52588/Kaijuu_8-gou
467,Kobayashi-san Chi no Maid Dragon S,TV (12 eps),Jul 2021 - Sep 2021,"620,452 members",8.19,https://myanimelist.net/anime/39247/Kobayashi-san_Chi_no_Maid_Dragon_S
468,Made in Abyss Movie 1: Tabidachi no Yoake,Movie (1 eps),Jan 2019 - Jan 2019,"166,260 members",8.19,https://myanimelist.net/anime/37514/Made_in_Abyss_Movie_1__Tabidachi_no_Yoake
469,Meitantei Conan Movie 20: Junkoku no Nightmare,Movie (1 eps),Apr 2016 - Apr 2016,"47,748 members",8.19,https://myanimelist.net/anime/32005/Meitantei_Conan_Movie_20__Junkoku_no_Nightmare
470,Mushoku Tensei II: Isekai Ittara Honki Dasu,TV (12 eps),Jul 2023 - Sep 2023,"794,166 members",8.19,https://myanimelist.net/anime/51179/Mushoku_Tensei_II__Isekai_Ittara_Honki_Dasu
471,One Piece: Episode of Merry - Mou Hitori no Nakama no Monogatari,TV Special (1 eps),Aug 2013 - Aug 2013,"81,694 members",8.19,https://myanimelist.net/anime/19123/One_Piece__Episode_of_Merry_-_Mou_Hitori_no_Nakama_no_Monogatari
472,Spy x Family Part 2,TV (13 eps),Oct 2022 - Dec 2022,"1,160,736 members",8.19,https://myanimelist.net/anime/50602/Spy_x_Family_Part_2
473,Tensei shitara Slime Datta Ken 4th Season,TV (24 eps),Apr 2026 - Sep 2026,"250,256 members",8.19,https://myanimelist.net/anime/59970/Tensei_shitara_Slime_Datta_Ken_4th_Season
474,Vanitas no Karte Part 2,TV (12 eps),Jan 2022 - Apr 2022,"353,213 members",8.19,https://myanimelist.net/anime/49114/Vanitas_no_Karte_Part_2
475,Yi Nian Yong Heng 2nd Season,ONA (54 eps),Jul 2022 - Jul 2023,"9,918 members",8.19,https://myanimelist.net/anime/49574/Yi_Nian_Yong_Heng_2nd_Season
476,Yojouhan Time Machine Blues,ONA (6 eps),Sep 2022 - Oct 2022,"66,586 members",8.19,https://myanimelist.net/anime/49590/Yojouhan_Time_Machine_Blues
477,Ballroom e Youkoso,TV (24 eps),Jul 2017 - Dec 2017,"366,629 members",8.18,https://myanimelist.net/anime/34636/Ballroom_e_Youkoso
478,Black Lagoon: The Second Barrage,TV (12 eps),Oct 2006 - Dec 2006,"581,931 members",8.18,https://myanimelist.net/anime/1519/Black_Lagoon__The_Second_Barrage
479,Digimon Adventure: Last Evolution Kizuna,Movie (1 eps),Feb 2020 - Feb 2020,"63,852 members",8.18,https://myanimelist.net/anime/38088/Digimon_Adventure__Last_Evolution_Kizuna
480,Fangkai Nage Nuwu,ONA (8 eps),Mar 2026 - Apr 2026,"36,773 members",8.18,https://myanimelist.net/anime/62927/Fangkai_Nage_Nuwu
481,Fate/stay night: Unlimited Blade Works,TV (12 eps),Oct 2014 - Dec 2014,"1,189,942 members",8.18,https://myanimelist.net/anime/22297/Fate_stay_night__Unlimited_Blade_Works
482,Ginga Eiyuu Densetsu: Die Neue These - Seiran 2,Movie (4 eps),Oct 2019 - Oct 2019,"41,835 members",8.18,https://myanimelist.net/anime/36370/Ginga_Eiyuu_Densetsu__Die_Neue_These_-_Seiran_2
483,Hachimitsu to Clover II,TV (12 eps),Jun 2006 - Sep 2006,"125,205 members",8.18,https://myanimelist.net/anime/1142/Hachimitsu_to_Clover_II
484,Horimiya,TV (13 eps),Jan 2021 - Apr 2021,"1,684,233 members",8.18,https://myanimelist.net/anime/42897/Horimiya
485,Initial D Fourth Stage,TV (24 eps),Apr 2004 - Feb 2006,"218,574 members",8.18,https://myanimelist.net/anime/18/Initial_D_Fourth_Stage
486,Little Busters! Refrain,TV (13 eps),Oct 2013 - Dec 2013,"177,996 members",8.18,https://myanimelist.net/anime/18195/Little_Busters_Refrain
487,Major S2,TV (26 eps),Dec 2005 - Jun 2006,"77,122 members",8.18,https://myanimelist.net/anime/558/Major_S2
488,Major S4,TV (26 eps),Jan 2008 - Jun 2008,"70,102 members",8.18,https://myanimelist.net/anime/3226/Major_S4
489,Meitantei Conan,TV (? eps),Jan 1996 -,"381,648 members",8.18,https://myanimelist.net/anime/235/Meitantei_Conan
490,Natsume Yuujinchou: Ishi Okoshi to Ayashiki Raihousha,Movie (1 eps),Jan 2021 - Jan 2021,"54,253 members",8.18,https://myanimelist.net/anime/42894/Natsume_Yuujinchou__Ishi_Okoshi_to_Ayashiki_Raihousha
491,Nomad: Megalo Box 2,TV (13 eps),Apr 2021 - Jun 2021,"232,720 members",8.18,https://myanimelist.net/anime/40729/Nomad__Megalo_Box_2
492,Non Non Biyori Repeat,TV (12 eps),Jul 2015 - Sep 2015,"215,451 members",8.18,https://myanimelist.net/anime/23623/Non_Non_Biyori_Repeat
493,Sasaki to Miyano,TV (12 eps),Jan 2022 - Mar 2022,"244,130 members",8.18,https://myanimelist.net/anime/44055/Sasaki_to_Miyano
494,Tengen Toppa Gurren Lagann Movie 1: Gurren-hen,Movie (1 eps),Sep 2008 - Sep 2008,"195,054 members",8.18,https://myanimelist.net/anime/4107/Tengen_Toppa_Gurren_Lagann_Movie_1__Gurren-hen
495,xxxHOLiC Rou,OVA (2 eps),Apr 2010 - Mar 2011,"86,942 members",8.18,https://myanimelist.net/anime/6864/xxxHOLiC_Rou
496,Yoru wa Mijikashi Arukeyo Otome,Movie (1 eps),Apr 2017 - Apr 2017,"143,864 members",8.18,https://myanimelist.net/anime/34537/Yoru_wa_Mijikashi_Arukeyo_Otome
497,Yubisaki to Renren,TV (12 eps),Jan 2024 - Mar 2024,"362,415 members",8.18,https://myanimelist.net/anime/55866/Yubisaki_to_Renren
498,Aria the Natural,TV (26 eps),Apr 2006 - Sep 2006,"86,993 members",8.17,https://myanimelist.net/anime/962/Aria_the_Natural
499,Bakuman.,TV (25 eps),Oct 2010 - Apr 2011,"662,924 members",8.17,https://myanimelist.net/anime/7674/Bakuman
500,Chihayafuru,TV (25 eps),Oct 2011 - Mar 2012,"501,190 members",8.17,https://myanimelist.net/anime/10800/Chihayafuru
501,Ganbare! Nakamura-kun!!,TV (13 eps),Apr 2026 - Jun 2026,"67,585 members",8.17,https://myanimelist.net/anime/59551/Ganbare_Nakamura-kun
502,"Kamisama Hajimemashita: Kamisama, Shiawase ni Naru",OVA (1 eps),Dec 2016 - Dec 2016,"75,060 members",8.17,https://myanimelist.net/anime/33323/Kamisama_Hajimemashita__Kamisama_Shiawase_ni_Naru
503,Kidou Senshi Gundam: The Origin - Zenya Akai Suisei,TV (13 eps),Apr 2019 - Aug 2019,"28,987 members",8.17,https://myanimelist.net/anime/39592/Kidou_Senshi_Gundam__The_Origin_-_Zenya_Akai_Suisei
504,Kuroshitsuji: Midori no Majo-hen,TV (13 eps),Apr 2025 - Jun 2025,"78,193 members",8.17,https://myanimelist.net/anime/59228/Kuroshitsuji__Midori_no_Majo-hen
505,One Piece Movie 14: Stampede,Movie (1 eps),Aug 2019 - Aug 2019,"225,494 members",8.17,https://myanimelist.net/anime/38234/One_Piece_Movie_14__Stampede
506,Quanzhi Gaoshou Specials,ONA (3 eps),Apr 2018 - May 2018,"113,419 members",8.17,https://myanimelist.net/anime/37078/Quanzhi_Gaoshou_Specials
507,Seishun Buta Yarou wa Santa Claus no Yume wo Minai,TV (13 eps),Jul 2025 - Sep 2025,"230,921 members",8.17,https://myanimelist.net/anime/57433/Seishun_Buta_Yarou_wa_Santa_Claus_no_Yume_wo_Minai
508,Tamayura: Sotsugyou Shashin Part 4 - Ashita,Movie (1 eps),Apr 2016 - Apr 2016,"13,958 members",8.17,https://myanimelist.net/anime/29831/Tamayura__Sotsugyou_Shashin_Part_4_-_Ashita
509,Tsue to Tsurugi no Wistoria Season 2,TV (12 eps),Apr 2026 - Jun 2026,"223,291 members",8.17,https://myanimelist.net/anime/59983/Tsue_to_Tsurugi_no_Wistoria_Season_2
510,Yuukoku no Moriarty,TV (11 eps),Oct 2020 - Dec 2020,"517,903 members",8.17,https://myanimelist.net/anime/40911/Yuukoku_no_Moriarty
511,Akira,Movie (1 eps),Jul 1988 - Jul 1988,"970,540 members",8.16,https://myanimelist.net/anime/47/Akira
512,Bungou Stray Dogs 2nd Season,TV (12 eps),Oct 2016 - Dec 2016,"964,447 members",8.16,https://myanimelist.net/anime/32867/Bungou_Stray_Dogs_2nd_Season
513,Higurashi no Naku Koro ni Kai,TV (24 eps),Jul 2007 - Dec 2007,"525,010 members",8.16,https://myanimelist.net/anime/1889/Higurashi_no_Naku_Koro_ni_Kai
514,Lupin III: Cagliostro no Shiro,Movie (1 eps),Dec 1979 - Dec 1979,"139,950 members",8.16,https://myanimelist.net/anime/1430/Lupin_III__Cagliostro_no_Shiro
515,No Game No Life: Zero,Movie (1 eps),Jul 2017 - Jul 2017,"959,777 members",8.16,https://myanimelist.net/anime/33674/No_Game_No_Life__Zero
516,Ouran Koukou Host Club,TV (26 eps),Apr 2006 - Sep 2006,"1,246,177 members",8.16,https://myanimelist.net/anime/853/Ouran_Koukou_Host_Club
517,Sono Bisque Doll wa Koi wo Suru Season 2,TV (12 eps),Jul 2025 - Sep 2025,"509,233 members",8.16,https://myanimelist.net/anime/53065/Sono_Bisque_Doll_wa_Koi_wo_Suru_Season_2
518,Yuusha-Ou GaoGaiGar Final,OVA (8 eps),Jan 2000 - Mar 2003,"13,076 members",8.16,https://myanimelist.net/anime/1382/Yuusha-Ou_GaoGaiGar_Final
519,Ao Ashi,TV (24 eps),Apr 2022 - Sep 2022,"265,842 members",8.15,https://myanimelist.net/anime/49052/Ao_Ashi
520,Ao no Hako,TV (25 eps),Oct 2024 - Mar 2025,"355,780 members",8.15,https://myanimelist.net/anime/57181/Ao_no_Hako
521,Dr. Stone: Stone Wars,TV (11 eps),Jan 2021 - Mar 2021,"1,226,681 members",8.15,https://myanimelist.net/anime/40852/Dr_Stone__Stone_Wars
522,Jigokuraku 2nd Season,TV (12 eps),Jan 2026 - Mar 2026,"419,176 members",8.15,https://myanimelist.net/anime/55825/Jigokuraku_2nd_Season
523,Princess Tutu,TV (38 eps),Aug 2002 - May 2003,"187,872 members",8.15,https://myanimelist.net/anime/721/Princess_Tutu
524,The Fable,TV (25 eps),Apr 2024 - Sep 2024,"114,919 members",8.15,https://myanimelist.net/anime/55911/The_Fable
525,Black Clover,TV (170 eps),Oct 2017 - Mar 2021,"1,938,880 members",8.14,https://myanimelist.net/anime/34572/Black_Clover
526,Boku no Hero Academia 7th Season,TV (21 eps),May 2024 - Oct 2024,"508,330 members",8.14,https://myanimelist.net/anime/54789/Boku_no_Hero_Academia_7th_Season
527,Cang Yuan Tu,ONA (26 eps),Jun 2023 - Dec 2023,"5,838 members",8.14,https://myanimelist.net/anime/55655/Cang_Yuan_Tu
528,Dr. Stone: New World,TV (11 eps),Apr 2023 - Jun 2023,"627,018 members",8.14,https://myanimelist.net/anime/48549/Dr_Stone__New_World
529,Fate/stay night Movie: Heaven's Feel - I. Presage Flower,Movie (1 eps),Oct 2017 - Oct 2017,"525,151 members",8.14,https://myanimelist.net/anime/25537/Fate_stay_night_Movie__Heavens_Feel_-_I_Presage_Flower
530,Fate/strange Fake: Whispers of Dawn,TV Special (1 eps),Jul 2023 - Jul 2023,"128,697 members",8.14,https://myanimelist.net/anime/53127/Fate_strange_Fake__Whispers_of_Dawn
531,Golden Kamuy 4th Season,TV (13 eps),Oct 2022 - Jun 2023,"126,673 members",8.14,https://myanimelist.net/anime/50528/Golden_Kamuy_4th_Season
532,Kaiba,TV (12 eps),Apr 2008 - Jul 2008,"184,355 members",8.14,https://myanimelist.net/anime/3701/Kaiba
533,Kaze Tachinu,Movie (1 eps),Jul 2013 - Jul 2013,"394,268 members",8.14,https://myanimelist.net/anime/16662/Kaze_Tachinu
534,Kimetsu no Yaiba: Katanakaji no Sato-hen,TV (11 eps),Apr 2023 - Jun 2023,"1,148,809 members",8.14,https://myanimelist.net/anime/51019/Kimetsu_no_Yaiba__Katanakaji_no_Sato-hen
535,Kotarou wa Hitorigurashi,ONA (10 eps),Mar 2022 - Mar 2022,"212,083 members",8.14,https://myanimelist.net/anime/49909/Kotarou_wa_Hitorigurashi
536,Lupin III: Part 5,TV (24 eps),Apr 2018 - Sep 2018,"49,542 members",8.14,https://myanimelist.net/anime/35857/Lupin_III__Part_5
537,Lycoris Recoil,TV (13 eps),Jul 2022 - Sep 2022,"608,815 members",8.14,https://myanimelist.net/anime/50709/Lycoris_Recoil
538,Major: Message,OVA (1 eps),Dec 2010 - Dec 2010,"44,468 members",8.14,https://myanimelist.net/anime/9890/Major__Message
539,Non Non Biyori Nonstop: Bukatsu wo Ganbatta,OVA (1 eps),Mar 2022 - Mar 2022,"39,921 members",8.14,https://myanimelist.net/anime/49521/Non_Non_Biyori_Nonstop__Bukatsu_wo_Ganbatta
540,Noragami Aragoto,TV (13 eps),Oct 2015 - Dec 2015,"1,568,860 members",8.14,https://myanimelist.net/anime/30503/Noragami_Aragoto
541,Stand By Me Doraemon,Movie (1 eps),Aug 2014 - Aug 2014,"64,917 members",8.14,https://myanimelist.net/anime/21469/Stand_By_Me_Doraemon
542,Toaru Kagaku no Railgun T,TV (25 eps),Jan 2020 - Sep 2020,"269,365 members",8.14,https://myanimelist.net/anime/38481/Toaru_Kagaku_no_Railgun_T
543,Death Parade,TV (12 eps),Jan 2015 - Mar 2015,"1,938,950 members",8.13,https://myanimelist.net/anime/28223/Death_Parade
544,Eiga Daisuki Pompo-san,Movie (1 eps),Jun 2021 - Jun 2021,"71,541 members",8.13,https://myanimelist.net/anime/41361/Eiga_Daisuki_Pompo-san
545,Eizouken ni wa Te wo Dasu na!,TV (12 eps),Jan 2020 - Mar 2020,"374,570 members",8.13,https://myanimelist.net/anime/39792/Eizouken_ni_wa_Te_wo_Dasu_na
546,Ginga Eiyuu Densetsu Gaiden,OVA (24 eps),Feb 1998 - Sep 1998,"27,527 members",8.13,https://myanimelist.net/anime/3371/Ginga_Eiyuu_Densetsu_Gaiden
547,Given: Uragawa no Sonzai,OVA (1 eps),Dec 2021 - Dec 2021,"104,722 members",8.13,https://myanimelist.net/anime/49053/Given__Uragawa_no_Sonzai
548,Haikyuu!! Movie 1: Owari to Hajimari,Movie (1 eps),Jul 2015 - Jul 2015,"128,388 members",8.13,https://myanimelist.net/anime/29755/Haikyuu_Movie_1__Owari_to_Hajimari
549,Hidamari Sketch: Sae Hiro Sotsugyou-hen,OVA (2 eps),Nov 2013 - Nov 2013,"17,087 members",8.13,https://myanimelist.net/anime/17739/Hidamari_Sketch__Sae_Hiro_Sotsugyou-hen
550,Holo no Graffiti,ONA (? eps),May 2019 -,"58,659 members",8.13,https://myanimelist.net/anime/44042/Holo_no_Graffiti
551,IDOLiSH7 Second Beat!,TV (15 eps),Apr 2020 - Dec 2020,"36,690 members",8.13,https://myanimelist.net/anime/37962/IDOLiSH7_Second_Beat
552,Interstella5555: The 5tory of The 5ecret 5tar 5ystem,Movie (1 eps),Dec 2003 - Dec 2003,"83,852 members",8.13,https://myanimelist.net/anime/731/Interstella5555__The_5tory_of_The_5ecret_5tar_5ystem
553,"Kamiina Botan, Yoeru Sugata wa Yuri no Hana",TV (12 eps),Apr 2026 - Jun 2026,"62,484 members",8.13,https://myanimelist.net/anime/61186/Kamiina_Botan_Yoeru_Sugata_wa_Yuri_no_Hana
554,Kamisama Hajimemashita,TV (13 eps),Oct 2012 - Dec 2012,"740,849 members",8.13,https://myanimelist.net/anime/14713/Kamisama_Hajimemashita
555,Kono Subarashii Sekai ni Shukufuku wo! 3: Bonus Stage,OVA (2 eps),Apr 2025 - Apr 2025,"88,450 members",8.13,https://myanimelist.net/anime/59833/Kono_Subarashii_Sekai_ni_Shukufuku_wo_3__Bonus_Stage
556,Kyoukai no Kanata Movie 2: I'll Be Here - Mirai-hen,Movie (1 eps),Apr 2015 - Apr 2015,"295,767 members",8.13,https://myanimelist.net/anime/28675/Kyoukai_no_Kanata_Movie_2__Ill_Be_Here_-_Mirai-hen
557,Mahou Shoujo Lyrical Nanoha: The Movie 2nd A's,Movie (1 eps),Jul 2012 - Jul 2012,"27,558 members",8.13,https://myanimelist.net/anime/10153/Mahou_Shoujo_Lyrical_Nanoha__The_Movie_2nd_As
558,Nodame Cantabile: Paris-hen,TV (11 eps),Oct 2008 - Dec 2008,"131,293 members",8.13,https://myanimelist.net/anime/4477/Nodame_Cantabile__Paris-hen
559,Ookami to Koushinryou: Merchant Meets the Wise Wolf,TV (25 eps),Apr 2024 - Sep 2024,"269,926 members",8.13,https://myanimelist.net/anime/51122/Ookami_to_Koushinryou__Merchant_Meets_the_Wise_Wolf
560,Ore dake Level Up na Ken,TV (12 eps),Jan 2024 - Mar 2024,"1,188,366 members",8.13,https://myanimelist.net/anime/52299/Ore_dake_Level_Up_na_Ken
561,Working!!! Lord of the Takanashi,Special (1 eps),Mar 2016 - Mar 2016,"109,438 members",8.13,https://myanimelist.net/anime/31715/Working_Lord_of_the_Takanashi
562,Diamond no Ace,TV (75 eps),Oct 2013 - Mar 2015,"270,445 members",8.12,https://myanimelist.net/anime/18689/Diamond_no_Ace
563,Fullmetal Alchemist,TV (51 eps),Oct 2003 - Oct 2004,"1,571,837 members",8.12,https://myanimelist.net/anime/121/Fullmetal_Alchemist
564,Gintama': Futon ni Haitte kara Buki Nokoshi ni Kizuite Neru ni Nerenai Toki mo Aru,Special (1 eps),Apr 2015 - Apr 2015,"46,176 members",8.12,https://myanimelist.net/anime/25313/Gintama__Futon_ni_Haitte_kara_Buki_Nokoshi_ni_Kizuite_Neru_ni_Nerenai_Toki_mo_Aru
565,Haikyuu!! Movie 2: Shousha to Haisha,Movie (1 eps),Sep 2015 - Sep 2015,"114,831 members",8.12,https://myanimelist.net/anime/30364/Haikyuu_Movie_2__Shousha_to_Haisha
566,Horimiya: Piece,TV (13 eps),Jul 2023 - Sep 2023,"480,491 members",8.12,https://myanimelist.net/anime/54856/Horimiya__Piece
567,Initial D Fifth Stage,TV (14 eps),Nov 2012 - May 2013,"175,668 members",8.12,https://myanimelist.net/anime/15059/Initial_D_Fifth_Stage
568,Katekyou Hitman Reborn!,TV (203 eps),Oct 2006 - Sep 2010,"591,176 members",8.12,https://myanimelist.net/anime/1604/Katekyou_Hitman_Reborn
569,Meitantei Conan Movie 05: Tengoku e no Countdown,Movie (1 eps),Apr 2001 - Apr 2001,"70,976 members",8.12,https://myanimelist.net/anime/1364/Meitantei_Conan_Movie_05__Tengoku_e_no_Countdown
570,Mo Dao Zu Shi Q,ONA (30 eps),Jul 2020 - Jan 2021,"28,330 members",8.12,https://myanimelist.net/anime/40435/Mo_Dao_Zu_Shi_Q
571,Nisemonogatari,TV (11 eps),Jan 2012 - Mar 2012,"781,501 members",8.12,https://myanimelist.net/anime/11597/Nisemonogatari
572,Precure All Stars Movie F,Movie (1 eps),Sep 2023 - Sep 2023,"4,931 members",8.12,https://myanimelist.net/anime/54650/Precure_All_Stars_Movie_F
573,Seirei no Moribito,TV (26 eps),Apr 2007 - Sep 2007,"238,209 members",8.12,https://myanimelist.net/anime/1827/Seirei_no_Moribito
574,Shinigami Bocchan to Kuro Maid 3rd Season,TV (12 eps),Apr 2024 - Jun 2024,"74,245 members",8.12,https://myanimelist.net/anime/56738/Shinigami_Bocchan_to_Kuro_Maid_3rd_Season
575,Sono Bisque Doll wa Koi wo Suru,TV (12 eps),Jan 2022 - Mar 2022,"1,370,138 members",8.12,https://myanimelist.net/anime/48736/Sono_Bisque_Doll_wa_Koi_wo_Suru
576,Tensei shitara Slime Datta Ken,TV (24 eps),Oct 2018 - Mar 2019,"1,680,228 members",8.12,https://myanimelist.net/anime/37430/Tensei_shitara_Slime_Datta_Ken
577,Yuusha-kei ni Shosu: Choubatsu Yuusha 9004-tai Keimu Kiroku,TV (12 eps),Jan 2026 - Mar 2026,"353,500 members",8.12,https://myanimelist.net/anime/56009/Yuusha-kei_ni_Shosu__Choubatsu_Yuusha_9004-tai_Keimu_Kiroku
578,Akatsuki no Yona OVA,OVA (3 eps),Sep 2015 - Dec 2016,"147,845 members",8.11,https://myanimelist.net/anime/30370/Akatsuki_no_Yona_OVA
579,Dr. Stone: Ryuusui,TV Special (1 eps),Jul 2022 - Jul 2022,"403,735 members",8.11,https://myanimelist.net/anime/50612/Dr_Stone__Ryuusui
580,Fumetsu no Anata e Season 2,TV (20 eps),Oct 2022 - Mar 2023,"348,623 members",8.11,https://myanimelist.net/anime/49709/Fumetsu_no_Anata_e_Season_2
581,Gankutsuou,TV (24 eps),Oct 2004 - Mar 2005,"274,155 members",8.11,https://myanimelist.net/anime/239/Gankutsuou
582,Given Movie 1,Movie (1 eps),Aug 2020 - Aug 2020,"268,244 members",8.11,https://myanimelist.net/anime/40421/Given_Movie_1
583,Hinamatsuri,TV (12 eps),Apr 2018 - Jun 2018,"560,517 members",8.11,https://myanimelist.net/anime/36296/Hinamatsuri
584,JoJo no Kimyou na Bouken Part 3: Stardust Crusaders,TV (24 eps),Apr 2014 - Sep 2014,"1,397,766 members",8.11,https://myanimelist.net/anime/20899/JoJo_no_Kimyou_na_Bouken_Part_3__Stardust_Crusaders
585,Kuragehime,TV (11 eps),Oct 2010 - Dec 2010,"268,284 members",8.11,https://myanimelist.net/anime/8129/Kuragehime
586,Meitantei Conan Movie 14: Tenkuu no Lost Ship,Movie (1 eps),Apr 2010 - Apr 2010,"63,555 members",8.11,https://myanimelist.net/anime/6467/Meitantei_Conan_Movie_14__Tenkuu_no_Lost_Ship
587,Mirai Shounen Conan,TV (26 eps),Apr 1978 - Oct 1978,"58,715 members",8.11,https://myanimelist.net/anime/302/Mirai_Shounen_Conan
588,Saiki Kusuo no Ψ-nan: Ψ-shidou-hen,ONA (6 eps),Dec 2019 - Dec 2019,"254,367 members",8.11,https://myanimelist.net/anime/40542/Saiki_Kusuo_no_Ψ-nan__Ψ-shidou-hen
589,Saint Seiya: The Lost Canvas - Meiou Shinwa 2,OVA (13 eps),Feb 2011 - Jul 2011,"81,798 members",8.11,https://myanimelist.net/anime/9130/Saint_Seiya__The_Lost_Canvas_-_Meiou_Shinwa_2
590,Shokugeki no Souma,TV (24 eps),Apr 2015 - Sep 2015,"1,762,796 members",8.11,https://myanimelist.net/anime/28171/Shokugeki_no_Souma
591,Silent Witch: Chinmoku no Majo no Kakushigoto,TV (13 eps),Jul 2025 - Oct 2025,"238,629 members",8.11,https://myanimelist.net/anime/59459/Silent_Witch__Chinmoku_no_Majo_no_Kakushigoto
592,Tsurune: Tsunagari no Issha,TV (13 eps),Jan 2023 - Mar 2023,"70,215 members",8.11,https://myanimelist.net/anime/52826/Tsurune__Tsunagari_no_Issha
593,Chuunibyou demo Koi ga Shitai! Movie: Take On Me,Movie (1 eps),Jan 2018 - Jan 2018,"308,001 members",8.10,https://myanimelist.net/anime/35608/Chuunibyou_demo_Koi_ga_Shitai_Movie__Take_On_Me
594,Enen no Shouboutai: San no Shou Part 2,TV (13 eps),Jan 2026 - Apr 2026,"219,277 members",8.10,https://myanimelist.net/anime/59229/Enen_no_Shouboutai__San_no_Shou_Part_2
595,Girls & Panzer: Saishuushou Part 2,Movie (1 eps),Jun 2019 - Jun 2019,"47,186 members",8.10,https://myanimelist.net/anime/38081/Girls___Panzer__Saishuushou_Part_2
596,Kidou Senshi Gundam 00,TV (25 eps),Oct 2007 - Mar 2008,"236,630 members",8.10,https://myanimelist.net/anime/2581/Kidou_Senshi_Gundam_00
597,Koukaku Kidoutai: Stand Alone Complex - Solid State Society,TV Special (1 eps),Sep 2006 - Sep 2006,"109,490 members",8.10,https://myanimelist.net/anime/1566/Koukaku_Kidoutai__Stand_Alone_Complex_-_Solid_State_Society
598,One Piece Film: Z,Movie (1 eps),Dec 2012 - Dec 2012,"320,298 members",8.10,https://myanimelist.net/anime/12859/One_Piece_Film__Z
599,One Piece: Episode of Nami - Koukaishi no Namida to Nakama no Kizuna,TV Special (1 eps),Aug 2012 - Aug 2012,"77,125 members",8.10,https://myanimelist.net/anime/15323/One_Piece__Episode_of_Nami_-_Koukaishi_no_Namida_to_Nakama_no_Kizuna
600,Serial Experiments Lain,TV (13 eps),Jul 1998 - Sep 1998,"921,733 members",8.10,https://myanimelist.net/anime/339/Serial_Experiments_Lain
601,"Shangri-La Frontier: Kusoge Hunter, Kamige ni Idoman to su",TV (25 eps),Oct 2023 - Mar 2024,"490,403 members",8.10,https://myanimelist.net/anime/52347/Shangri-La_Frontier__Kusoge_Hunter_Kamige_ni_Idoman_to_su
602,Shen Yin Wangzuo,ONA (26 eps),Apr 2022 - Sep 2022,"11,494 members",8.10,https://myanimelist.net/anime/51335/Shen_Yin_Wangzuo
603,Skip to Loafer,TV (12 eps),Apr 2023 - Jun 2023,"354,745 members",8.10,https://myanimelist.net/anime/50416/Skip_to_Loafer
604,Spy x Family Movie: Code: White,Movie (1 eps),Dec 2023 - Dec 2023,"262,297 members",8.10,https://myanimelist.net/anime/53888/Spy_x_Family_Movie__Code__White
605,Yuanshen: Jinzhong Ge,ONA (1 eps),Apr 2024 - Apr 2024,"7,539 members",8.10,https://myanimelist.net/anime/58689/Yuanshen__Jinzhong_Ge
606,Blue Lock,TV (24 eps),Oct 2022 - Mar 2023,"928,034 members",8.09,https://myanimelist.net/anime/49596/Blue_Lock
607,Boku no Hero Academia: More,TV Special (1 eps),May 2026 - May 2026,"75,477 members",8.09,https://myanimelist.net/anime/63130/Boku_no_Hero_Academia__More
608,Buddy Daddies,TV (12 eps),Jan 2023 - Apr 2023,"367,010 members",8.09,https://myanimelist.net/anime/53411/Buddy_Daddies
609,Gin no Saji,TV (11 eps),Jul 2013 - Sep 2013,"316,781 members",8.09,https://myanimelist.net/anime/16918/Gin_no_Saji
610,Gintama°: Umai-mono wa Atomawashi ni Suru to Yokodorisareru kara Yappari Saki ni Kue,Special (1 eps),Nov 2015 - Nov 2015,"37,885 members",8.09,https://myanimelist.net/anime/32122/Gintama°__Umai-mono_wa_Atomawashi_ni_Suru_to_Yokodorisareru_kara_Yappari_Saki_ni_Kue
611,Hajime no Ippo: Boxer no Kobushi,Special (1 eps),Mar 2003 - Mar 2003,"64,047 members",8.09,https://myanimelist.net/anime/12069/Hajime_no_Ippo__Boxer_no_Kobushi
612,Kamisama Hajimemashita OVA,OVA (2 eps),Aug 2013 - Aug 2013,"151,448 members",8.09,https://myanimelist.net/anime/18661/Kamisama_Hajimemashita_OVA
613,Kidou Senshi Gundam Unicorn,OVA (7 eps),Mar 2010 - Jun 2014,"108,812 members",8.09,https://myanimelist.net/anime/6336/Kidou_Senshi_Gundam_Unicorn
614,Kuroko no Basket: Saikou no Present desu,Special (1 eps),Dec 2015 - Dec 2015,"119,521 members",8.09,https://myanimelist.net/anime/31051/Kuroko_no_Basket__Saikou_no_Present_desu
615,Mahoutsukai no Yome: Hoshi Matsu Hito,OVA (3 eps),Sep 2016 - Sep 2017,"300,960 members",8.09,https://myanimelist.net/anime/32902/Mahoutsukai_no_Yome__Hoshi_Matsu_Hito
616,Mairimashita! Iruma-kun 4th Season,TV (24 eps),Apr 2026 - Sep 2026,"91,908 members",8.09,https://myanimelist.net/anime/60310/Mairimashita_Iruma-kun_4th_Season
617,Toki wo Kakeru Shoujo,Movie (1 eps),Jul 2006 - Jul 2006,"846,745 members",8.09,https://myanimelist.net/anime/2236/Toki_wo_Kakeru_Shoujo
618,Zhan Shen: Fanchen Shenyu,ONA (15 eps),Jul 2024 - Oct 2024,"7,129 members",8.09,https://myanimelist.net/anime/59306/Zhan_Shen__Fanchen_Shenyu
619,Azumanga Daiou The Animation,TV (26 eps),Apr 2002 - Oct 2002,"437,479 members",8.08,https://myanimelist.net/anime/66/Azumanga_Daiou_The_Animation
620,BanG Dream! Ave Mujica,TV (13 eps),Jan 2025 - Mar 2025,"39,170 members",8.08,https://myanimelist.net/anime/56653/BanG_Dream_Ave_Mujica
621,City Hunter 2,TV (63 eps),Apr 1988 - Jul 1989,"31,948 members",8.08,https://myanimelist.net/anime/1471/City_Hunter_2
622,City The Animation,TV (13 eps),Jul 2025 - Sep 2025,"93,575 members",8.08,https://myanimelist.net/anime/59898/City_The_Animation
623,Detroit Metal City,OVA (12 eps),Aug 2008 - Oct 2008,"226,415 members",8.08,https://myanimelist.net/anime/3702/Detroit_Metal_City
624,Durarara!!,TV (24 eps),Jan 2010 - Jun 2010,"1,504,583 members",8.08,https://myanimelist.net/anime/6746/Durarara
625,Guangyin Zhi Wai 2,ONA (52 eps),Jun 2026 -,"1,143 members",8.08,https://myanimelist.net/anime/64398/Guangyin_Zhi_Wai_2
626,Hikaru no Go,TV (75 eps),Oct 2001 - Mar 2003,"151,548 members",8.08,https://myanimelist.net/anime/135/Hikaru_no_Go
627,Jigokuraku,TV (13 eps),Apr 2023 - Jul 2023,"990,035 members",8.08,https://myanimelist.net/anime/46569/Jigokuraku
628,Kimi no Koto ga Daidaidaidaidaisuki na 100-nin no Kanojo 3rd Season,TV (12 eps),Jul 2026 - Sep 2026,"77,308 members",8.08,https://myanimelist.net/anime/62811/Kimi_no_Koto_ga_Daidaidaidaidaisuki_na_100-nin_no_Kanojo_3rd_Season
629,Kimi wa Houkago Insomnia,TV (13 eps),Apr 2023 - Jul 2023,"285,759 members",8.08,https://myanimelist.net/anime/50796/Kimi_wa_Houkago_Insomnia
630,Kono Subarashii Sekai ni Shukufuku wo!,TV (10 eps),Jan 2016 - Mar 2016,"2,181,331 members",8.08,https://myanimelist.net/anime/30831/Kono_Subarashii_Sekai_ni_Shukufuku_wo
631,Kuroko no Basket Movie 4: Last Game,Movie (1 eps),Mar 2017 - Mar 2017,"355,022 members",8.08,https://myanimelist.net/anime/31658/Kuroko_no_Basket_Movie_4__Last_Game
632,Kyou kara Ore wa!!,OVA (10 eps),Apr 1993 - Dec 1997,"41,039 members",8.08,https://myanimelist.net/anime/851/Kyou_kara_Ore_wa
633,Paripi Koumei,TV (12 eps),Apr 2022 - Jun 2022,"334,390 members",8.08,https://myanimelist.net/anime/50380/Paripi_Koumei
634,Persona 3 the Movie 4: Winter of Rebirth,Movie (1 eps),Jan 2016 - Jan 2016,"87,352 members",8.08,https://myanimelist.net/anime/31149/Persona_3_the_Movie_4__Winter_of_Rebirth
635,Tsubasa: Shunraiki,OVA (2 eps),Mar 2009 - May 2009,"65,805 members",8.08,https://myanimelist.net/anime/4938/Tsubasa__Shunraiki
636,Tsukimonogatari,TV Special (4 eps),Dec 2014 - Dec 2014,"448,575 members",8.08,https://myanimelist.net/anime/28025/Tsukimonogatari
637,Tu Bian Yingxiong X Concept Movie,ONA (1 eps),Oct 2022 - Oct 2022,"3,782 members",8.08,https://myanimelist.net/anime/61633/Tu_Bian_Yingxiong_X_Concept_Movie
638,Uchouten Kazoku 2,TV (12 eps),Apr 2017 - Jun 2017,"69,830 members",8.08,https://myanimelist.net/anime/34076/Uchouten_Kazoku_2
639,Zankyou no Terror,TV (11 eps),Jul 2014 - Sep 2014,"1,299,584 members",8.08,https://myanimelist.net/anime/23283/Zankyou_no_Terror
640,Ansatsu Kyoushitsu,TV (22 eps),Jan 2015 - Jun 2015,"2,246,286 members",8.07,https://myanimelist.net/anime/24833/Ansatsu_Kyoushitsu
641,Baccano! Specials,Special (3 eps),Feb 2008 - May 2008,"188,120 members",8.07,https://myanimelist.net/anime/3901/Baccano_Specials
642,Ginga Eiyuu Densetsu: Arata naru Tatakai no Overture,Movie (1 eps),Dec 1993 - Dec 1993,"40,990 members",8.07,https://myanimelist.net/anime/3016/Ginga_Eiyuu_Densetsu__Arata_naru_Tatakai_no_Overture
643,Ginga Eiyuu Densetsu: Die Neue These - Seiran 1,Movie (4 eps),Sep 2019 - Sep 2019,"34,522 members",8.07,https://myanimelist.net/anime/36369/Ginga_Eiyuu_Densetsu__Die_Neue_These_-_Seiran_1
644,Gintama: Nanigoto mo Saisho ga Kanjin nanode Tashou Senobisuru Kurai ga Choudoyoi,Special (1 eps),Sep 2005 - Sep 2005,"61,573 members",8.07,https://myanimelist.net/anime/2951/Gintama__Nanigoto_mo_Saisho_ga_Kanjin_nanode_Tashou_Senobisuru_Kurai_ga_Choudoyoi
645,Given Movie 2: Hiiragi Mix,Movie (1 eps),Jan 2024 - Jan 2024,"52,973 members",8.07,https://myanimelist.net/anime/54791/Given_Movie_2__Hiiragi_Mix
646,Jibaku Shounen Hanako-kun 2 Part 2,TV (12 eps),Jul 2025 - Sep 2025,"61,829 members",8.07,https://myanimelist.net/anime/61339/Jibaku_Shounen_Hanako-kun_2_Part_2
647,Kanata no Astra,TV (12 eps),Jul 2019 - Sep 2019,"351,768 members",8.07,https://myanimelist.net/anime/39198/Kanata_no_Astra
648,Kidou Senshi Gundam 00 Second Season,TV (25 eps),Oct 2008 - Mar 2009,"163,019 members",8.07,https://myanimelist.net/anime/3927/Kidou_Senshi_Gundam_00_Second_Season
649,Kidou Senshi Gundam: Tekketsu no Orphans,TV (25 eps),Oct 2015 - Mar 2016,"277,622 members",8.07,https://myanimelist.net/anime/31251/Kidou_Senshi_Gundam__Tekketsu_no_Orphans
650,Kodomo no Omocha (TV),TV (102 eps),Apr 1996 - Mar 1998,"80,123 members",8.07,https://myanimelist.net/anime/1486/Kodomo_no_Omocha_TV
651,Make Heroine ga Oosugiru!,TV (12 eps),Jul 2024 - Sep 2024,"350,641 members",8.07,https://myanimelist.net/anime/57524/Make_Heroine_ga_Oosugiru
652,Saint Seiya: Meiou Hades Juuni Kyuu-hen,OVA (13 eps),Nov 2002 - Jul 2003,"63,877 members",8.07,https://myanimelist.net/anime/1257/Saint_Seiya__Meiou_Hades_Juuni_Kyuu-hen
653,Skip Beat!,TV (25 eps),Oct 2008 - Mar 2009,"289,511 members",8.07,https://myanimelist.net/anime/4722/Skip_Beat
654,Tunshi Xingkong,ONA (26 eps),Nov 2020 - May 2021,"13,368 members",8.07,https://myanimelist.net/anime/44218/Tunshi_Xingkong
655,Honzuki no Gekokujou: Shisho ni Naru Tame ni wa Shudan wo Erandeiraremasen 2nd Season,TV (12 eps),Apr 2020 - Jun 2020,"264,519 members",8.06,https://myanimelist.net/anime/40815/Honzuki_no_Gekokujou__Shisho_ni_Naru_Tame_ni_wa_Shudan_wo_Erandeiraremasen_2nd_Season
656,Honzuki no Gekokujou: Shisho ni Naru Tame ni wa Shudan wo Erandeiraremasen 3rd Season,TV (10 eps),Apr 2022 - Jun 2022,"205,104 members",8.06,https://myanimelist.net/anime/42429/Honzuki_no_Gekokujou__Shisho_ni_Naru_Tame_ni_wa_Shudan_wo_Erandeiraremasen_3rd_Season
657,Kidou Keisatsu Patlabor 2 the Movie,Movie (1 eps),Aug 1993 - Aug 1993,"47,710 members",8.06,https://myanimelist.net/anime/1096/Kidou_Keisatsu_Patlabor_2_the_Movie
658,Koukaku Kidoutai: Stand Alone Complex - The Laughing Man,OVA (1 eps),Sep 2005 - Sep 2005,"45,084 members",8.06,https://myanimelist.net/anime/2449/Koukaku_Kidoutai__Stand_Alone_Complex_-_The_Laughing_Man
659,Kuroshitsuji: Book of Circus,TV (10 eps),Jul 2014 - Sep 2014,"447,843 members",8.06,https://myanimelist.net/anime/22145/Kuroshitsuji__Book_of_Circus
660,Meitantei Conan Movie 08: Ginyoku no Magician,Movie (1 eps),Apr 2004 - Apr 2004,"63,278 members",8.06,https://myanimelist.net/anime/1367/Meitantei_Conan_Movie_08__Ginyoku_no_Magician
661,Meitantei Conan Movie 18: Ijigen no Sniper,Movie (1 eps),Apr 2014 - Apr 2014,"49,505 members",8.06,https://myanimelist.net/anime/21419/Meitantei_Conan_Movie_18__Ijigen_no_Sniper
662,NieR:Automata Ver1.1a Part 2,TV (12 eps),Jul 2024 - Sep 2024,"114,974 members",8.06,https://myanimelist.net/anime/56063/NieR_Automata_Ver11a_Part_2
663,Overlord IV,TV (13 eps),Jul 2022 - Sep 2022,"649,906 members",8.06,https://myanimelist.net/anime/48895/Overlord_IV
664,Shoushimin Series 2nd Season,TV (12 eps),Apr 2025 - Jun 2025,"58,931 members",8.06,https://myanimelist.net/anime/59828/Shoushimin_Series_2nd_Season
665,Angel Beats!,TV (13 eps),Apr 2010 - Jun 2010,"2,221,403 members",8.05,https://myanimelist.net/anime/6547/Angel_Beats
666,Dorohedoro,TV (12 eps),Jan 2020 - Mar 2020,"662,017 members",8.05,https://myanimelist.net/anime/38668/Dorohedoro
667,Durarara!!x2 Ketsu,TV (12 eps),Jan 2016 - Mar 2016,"405,755 members",8.05,https://myanimelist.net/anime/27833/Durararax2_Ketsu
668,Ginga Eiyuu Densetsu Gaiden (1999),OVA (28 eps),Dec 1999 - Jul 2000,"23,170 members",8.05,https://myanimelist.net/anime/3665/Ginga_Eiyuu_Densetsu_Gaiden_1999
669,Gintama: Dai Hanseikai,Special (1 eps),Mar 2010 - Mar 2010,"42,310 members",8.05,https://myanimelist.net/anime/10643/Gintama__Dai_Hanseikai
670,Glass no Kamen (2005),TV (51 eps),Apr 2005 - Mar 2006,"45,478 members",8.05,https://myanimelist.net/anime/1974/Glass_no_Kamen_2005
671,JoJo no Kimyou na Bouken Part 6: Stone Ocean,ONA (12 eps),Dec 2021 - Dec 2021,"633,825 members",8.05,https://myanimelist.net/anime/48661/JoJo_no_Kimyou_na_Bouken_Part_6__Stone_Ocean
672,Karasu wa Aruji wo Erabanai,TV (20 eps),Apr 2024 - Sep 2024,"64,256 members",8.05,https://myanimelist.net/anime/56980/Karasu_wa_Aruji_wo_Erabanai
673,Koukyoushihen Eureka Seven,TV (50 eps),Apr 2005 - Apr 2006,"464,115 members",8.05,https://myanimelist.net/anime/237/Koukyoushihen_Eureka_Seven
674,Mahoutsukai no Yome,TV (24 eps),Oct 2017 - Mar 2018,"1,030,344 members",8.05,https://myanimelist.net/anime/35062/Mahoutsukai_no_Yome
675,Meitantei Conan Movie 25: Halloween no Hanayome,Movie (1 eps),Apr 2022 - Apr 2022,"21,406 members",8.05,https://myanimelist.net/anime/49320/Meitantei_Conan_Movie_25__Halloween_no_Hanayome
676,Paprika,Movie (1 eps),Nov 2006 - Nov 2006,"625,510 members",8.05,https://myanimelist.net/anime/1943/Paprika
677,Shokugeki no Souma: Ni no Sara,TV (13 eps),Jul 2016 - Sep 2016,"1,216,654 members",8.05,https://myanimelist.net/anime/32282/Shokugeki_no_Souma__Ni_no_Sara
678,Spy x Family Season 2,TV (12 eps),Oct 2023 - Dec 2023,"703,987 members",8.05,https://myanimelist.net/anime/53887/Spy_x_Family_Season_2
679,World Trigger 2nd Season,TV (12 eps),Jan 2021 - Apr 2021,"178,786 members",8.05,https://myanimelist.net/anime/40907/World_Trigger_2nd_Season
680,Yowamushi Pedal: Grande Road,TV (24 eps),Oct 2014 - Mar 2015,"151,890 members",8.05,https://myanimelist.net/anime/24277/Yowamushi_Pedal__Grande_Road
681,Akatsuki no Yona,TV (24 eps),Oct 2014 - Mar 2015,"950,470 members",8.04,https://myanimelist.net/anime/25013/Akatsuki_no_Yona
682,Black Lagoon,TV (12 eps),Apr 2006 - Jun 2006,"1,127,097 members",8.04,https://myanimelist.net/anime/889/Black_Lagoon
683,Boku no Hero Academia 2nd Season,TV (25 eps),Apr 2017 - Sep 2017,"2,765,347 members",8.04,https://myanimelist.net/anime/33486/Boku_no_Hero_Academia_2nd_Season
684,Darker than Black: Kuro no Keiyakusha,TV (25 eps),Apr 2007 - Sep 2007,"1,015,832 members",8.04,https://myanimelist.net/anime/2025/Darker_than_Black__Kuro_no_Keiyakusha
685,FLCL,OVA (6 eps),Apr 2000 - Mar 2001,"908,446 members",8.04,https://myanimelist.net/anime/227/FLCL
686,Golden Boy,OVA (6 eps),Oct 1995 - Jun 1996,"468,588 members",8.04,https://myanimelist.net/anime/268/Golden_Boy
687,Gosick,TV (24 eps),Jan 2011 - Jul 2011,"613,233 members",8.04,https://myanimelist.net/anime/8425/Gosick
688,Gridman Universe,Movie (1 eps),Mar 2023 - Mar 2023,"42,969 members",8.04,https://myanimelist.net/anime/50587/Gridman_Universe
689,Hanada Shounen-shi,TV (25 eps),Oct 2002 - Mar 2003,"19,050 members",8.04,https://myanimelist.net/anime/2004/Hanada_Shounen-shi
690,Hyouka,TV (22 eps),Apr 2012 - Sep 2012,"1,495,230 members",8.04,https://myanimelist.net/anime/12189/Hyouka
691,Kuroko no Basket,TV (25 eps),Apr 2012 - Sep 2012,"1,329,377 members",8.04,https://myanimelist.net/anime/11771/Kuroko_no_Basket
692,Kuroshitsuji: Book of Murder,OVA (2 eps),Jan 2015 - Feb 2015,"275,554 members",8.04,https://myanimelist.net/anime/23317/Kuroshitsuji__Book_of_Murder
693,Meitantei Conan Movie 03: Seikimatsu no Majutsushi,Movie (1 eps),Apr 1999 - Apr 1999,"73,309 members",8.04,https://myanimelist.net/anime/781/Meitantei_Conan_Movie_03__Seikimatsu_no_Majutsushi
694,Omoide no Marnie,Movie (1 eps),Jul 2014 - Jul 2014,"339,257 members",8.04,https://myanimelist.net/anime/21557/Omoide_no_Marnie
695,Quanzhi Gaoshou: Dianfeng Rongyao,Movie (1 eps),Aug 2019 - Aug 2019,"57,491 members",8.04,https://myanimelist.net/anime/40080/Quanzhi_Gaoshou__Dianfeng_Rongyao
696,Shingeki no Kyojin Movie 2: Jiyuu no Tsubasa,Movie (1 eps),Jun 2015 - Jun 2015,"160,872 members",8.04,https://myanimelist.net/anime/23777/Shingeki_no_Kyojin_Movie_2__Jiyuu_no_Tsubasa
697,Yuru Camp△ Season 3,TV (12 eps),Apr 2024 - Jun 2024,"106,399 members",8.04,https://myanimelist.net/anime/53410/Yuru_Camp△_Season_3
698,Black Lagoon: Roberta's Blood Trail,OVA (5 eps),Jun 2010 - Jun 2011,"335,937 members",8.03,https://myanimelist.net/anime/4901/Black_Lagoon__Robertas_Blood_Trail
699,Diamond no Ace: Act II Second Season,TV (13 eps),Apr 2026 - Jun 2026,"23,540 members",8.03,https://myanimelist.net/anime/58877/Diamond_no_Ace__Act_II_Second_Season
700,Douluo Dalu II: Jueshi Tangmen,ONA (182 eps),Jun 2023 -,"7,589 members",8.03,https://myanimelist.net/anime/51836/Douluo_Dalu_II__Jueshi_Tangmen
701,Fate/stay night: Unlimited Blade Works Prologue,TV Special (1 eps),Oct 2014 - Oct 2014,"353,304 members",8.03,https://myanimelist.net/anime/27821/Fate_stay_night__Unlimited_Blade_Works_Prologue
702,Fujimoto Tatsuki 17-26,ONA (8 eps),Nov 2025 - Nov 2025,"99,214 members",8.03,https://myanimelist.net/anime/62405/Fujimoto_Tatsuki_17-26
703,Ginga Nagareboshi Gin,TV (21 eps),Apr 1986 - Sep 1986,"30,411 members",8.03,https://myanimelist.net/anime/589/Ginga_Nagareboshi_Gin
704,Hibike! Euphonium,TV (13 eps),Apr 2015 - Jul 2015,"518,202 members",8.03,https://myanimelist.net/anime/27989/Hibike_Euphonium
705,Hyouge Mono,TV (39 eps),Apr 2011 - Jan 2012,"32,521 members",8.03,https://myanimelist.net/anime/9996/Hyouge_Mono
706,JoJo no Kimyou na Bouken Part 6: Stone Ocean Part 2,ONA (12 eps),Sep 2022 - Sep 2022,"374,077 members",8.03,https://myanimelist.net/anime/51367/JoJo_no_Kimyou_na_Bouken_Part_6__Stone_Ocean_Part_2
707,Kidou Senshi Gundam 0080: Pocket no Naka no Sensou,OVA (6 eps),Mar 1989 - Aug 1989,"71,884 members",8.03,https://myanimelist.net/anime/82/Kidou_Senshi_Gundam_0080__Pocket_no_Naka_no_Sensou
708,Kill la Kill,TV (24 eps),Oct 2013 - Mar 2014,"1,867,596 members",8.03,https://myanimelist.net/anime/18679/Kill_la_Kill
709,Lovely★Complex,TV (24 eps),Apr 2007 - Sep 2007,"667,438 members",8.03,https://myanimelist.net/anime/2034/Lovely★Complex
710,Meitantei Conan Movie 04: Hitomi no Naka no Ansatsusha,Movie (1 eps),Apr 2000 - Apr 2000,"69,738 members",8.03,https://myanimelist.net/anime/1363/Meitantei_Conan_Movie_04__Hitomi_no_Naka_no_Ansatsusha
711,Meitantei Conan Movie 10: Tantei-tachi no Requiem,Movie (1 eps),Apr 2006 - Apr 2006,"62,910 members",8.03,https://myanimelist.net/anime/1506/Meitantei_Conan_Movie_10__Tantei-tachi_no_Requiem
712,Mononoke Movie 1: Karakasa,Movie (1 eps),Jul 2024 - Jul 2024,"53,910 members",8.03,https://myanimelist.net/anime/52107/Mononoke_Movie_1__Karakasa
713,No Game No Life,TV (12 eps),Apr 2014 - Jun 2014,"2,581,289 members",8.03,https://myanimelist.net/anime/19815/No_Game_No_Life
714,Omae Umasou da na,Movie (1 eps),Oct 2010 - Oct 2010,"23,187 members",8.03,https://myanimelist.net/anime/9204/Omae_Umasou_da_na
715,One Piece Film: Strong World,Movie (1 eps),Dec 2009 - Dec 2009,"282,059 members",8.03,https://myanimelist.net/anime/4155/One_Piece_Film__Strong_World
716,Ore dake Level Up na Ken: ReAwakening,Movie (1 eps),Nov 2024 - Nov 2024,"54,079 members",8.03,https://myanimelist.net/anime/59841/Ore_dake_Level_Up_na_Ken__ReAwakening
717,Sakura-sou no Pet na Kanojo,TV (24 eps),Oct 2012 - Mar 2013,"1,336,242 members",8.03,https://myanimelist.net/anime/13759/Sakura-sou_no_Pet_na_Kanojo
718,Shadows House 2nd Season,TV (12 eps),Jul 2022 - Sep 2022,"143,048 members",8.03,https://myanimelist.net/anime/49782/Shadows_House_2nd_Season
719,Shijou Saikyou no Deshi Kenichi,TV (50 eps),Oct 2006 - Sep 2007,"327,195 members",8.03,https://myanimelist.net/anime/1559/Shijou_Saikyou_no_Deshi_Kenichi
720,Toradora!,TV (25 eps),Oct 2008 - Mar 2009,"2,392,518 members",8.03,https://myanimelist.net/anime/4224/Toradora
721,xxxHOLiC Shunmuki,OVA (2 eps),Feb 2009 - Jun 2009,"76,854 members",8.03,https://myanimelist.net/anime/4918/xxxHOLiC_Shunmuki
722,Youkoso Jitsuryoku Shijou Shugi no Kyoushitsu e 2nd Season,TV (13 eps),Jul 2022 - Sep 2022,"828,751 members",8.03,https://myanimelist.net/anime/51096/Youkoso_Jitsuryoku_Shijou_Shugi_no_Kyoushitsu_e_2nd_Season
723,BanG Dream! Movie: Episode of Roselia - II: Song I Am.,Movie (1 eps),Jun 2021 - Jun 2021,"13,072 members",8.02,https://myanimelist.net/anime/41781/BanG_Dream_Movie__Episode_of_Roselia_-_II__Song_I_Am
724,Dennou Coil,TV (26 eps),May 2007 - Dec 2007,"161,467 members",8.02,https://myanimelist.net/anime/2164/Dennou_Coil
725,Full Metal Panic? Fumoffu,TV (12 eps),Aug 2003 - Nov 2003,"314,318 members",8.02,https://myanimelist.net/anime/72/Full_Metal_Panic_Fumoffu
726,Hikaru ga Shinda Natsu,TV (12 eps),Jul 2025 - Sep 2025,"327,128 members",8.02,https://myanimelist.net/anime/58913/Hikaru_ga_Shinda_Natsu
727,Mairimashita! Iruma-kun 2nd Season,TV (21 eps),Apr 2021 - Sep 2021,"383,755 members",8.02,https://myanimelist.net/anime/41402/Mairimashita_Iruma-kun_2nd_Season
728,Naruto,TV (220 eps),Oct 2002 - Feb 2007,"3,158,538 members",8.02,https://myanimelist.net/anime/20/Naruto
729,Pui Pui Molcar,TV (12 eps),Jan 2021 - Mar 2021,"19,801 members",8.02,https://myanimelist.net/anime/44235/Pui_Pui_Molcar
730,Slayers Next,TV (26 eps),Apr 1996 - Sep 1996,"76,604 members",8.02,https://myanimelist.net/anime/535/Slayers_Next
731,Yahari Ore no Seishun Love Comedy wa Machigatteiru. Zoku OVA,OVA (1 eps),Oct 2016 - Oct 2016,"278,146 members",8.02,https://myanimelist.net/anime/33161/Yahari_Ore_no_Seishun_Love_Comedy_wa_Machigatteiru_Zoku_OVA
732,Apocalypse Hotel,TV (12 eps),Apr 2025 - Jun 2025,"83,206 members",8.01,https://myanimelist.net/anime/59675/Apocalypse_Hotel
733,Haibane Renmei,TV (13 eps),Oct 2002 - Dec 2002,"346,336 members",8.01,https://myanimelist.net/anime/387/Haibane_Renmei
734,Juuni Kokuki,TV (45 eps),Apr 2002 - Aug 2003,"176,698 members",8.01,https://myanimelist.net/anime/153/Juuni_Kokuki
735,Karakai Jouzu no Takagi-san 2,TV (12 eps),Jul 2019 - Sep 2019,"365,778 members",8.01,https://myanimelist.net/anime/38993/Karakai_Jouzu_no_Takagi-san_2
736,Kimi ni Todoke,TV (25 eps),Oct 2009 - Mar 2010,"1,090,329 members",8.01,https://myanimelist.net/anime/6045/Kimi_ni_Todoke
737,Kono Subarashii Sekai ni Shukufuku wo! 2: Kono Subarashii Geijutsu ni Shukufuku wo!,OVA (1 eps),Jul 2017 - Jul 2017,"413,077 members",8.01,https://myanimelist.net/anime/34626/Kono_Subarashii_Sekai_ni_Shukufuku_wo_2__Kono_Subarashii_Geijutsu_ni_Shukufuku_wo
738,Touch,TV (101 eps),Mar 1985 - Mar 1987,"40,425 members",8.01,https://myanimelist.net/anime/1065/Touch
739,Tsuki ga Kirei,TV (12 eps),Apr 2017 - Jun 2017,"604,579 members",8.01,https://myanimelist.net/anime/34822/Tsuki_ga_Kirei
740,Wan Sheng Jie 2,ONA (12 eps),Oct 2020 - Dec 2020,"15,935 members",8.01,https://myanimelist.net/anime/42640/Wan_Sheng_Jie_2
741,"Watashi ga Koibito ni Nareru Wake Nai jan, Muri Muri! (※Muri ja Nakatta!?) (TV Special)",TV Special (5 eps),Jan 2026 - Jan 2026,"38,611 members",8.01,https://myanimelist.net/anime/62543/Watashi_ga_Koibito_ni_Nareru_Wake_Nai_jan_Muri_Muri_※Muri_ja_Nakatta_TV_Special
742,Yuuki Yuuna wa Yuusha de Aru: Washio Sumi no Shou 3 - Yakusoku,Movie (1 eps),Jul 2017 - Jul 2017,"16,707 members",8.01,https://myanimelist.net/anime/34376/Yuuki_Yuuna_wa_Yuusha_de_Aru__Washio_Sumi_no_Shou_3_-_Yakusoku
743,5-toubun no Hanayome ∬,TV (12 eps),Jan 2021 - Mar 2021,"835,821 members",8.00,https://myanimelist.net/anime/39783/5-toubun_no_Hanayome_∬
744,Aria the Benedizione,Movie (1 eps),Dec 2021 - Dec 2021,"12,263 members",8.00,https://myanimelist.net/anime/48411/Aria_the_Benedizione
745,Aria the OVA: Arietta,OVA (1 eps),Sep 2007 - Sep 2007,"42,519 members",8.00,https://myanimelist.net/anime/2563/Aria_the_OVA__Arietta
746,Baby Steps 2nd Season,TV (25 eps),Apr 2015 - Sep 2015,"96,659 members",8.00,https://myanimelist.net/anime/27663/Baby_Steps_2nd_Season
747,BanG Dream! 3rd Season,TV (13 eps),Jan 2020 - Apr 2020,"44,774 members",8.00,https://myanimelist.net/anime/37870/BanG_Dream_3rd_Season
748,Bleach,TV (366 eps),Oct 2004 - Mar 2012,"2,249,284 members",8.00,https://myanimelist.net/anime/269/Bleach
749,D.Gray-man,TV (103 eps),Oct 2006 - Sep 2008,"737,282 members",8.00,https://myanimelist.net/anime/1482/DGray-man
750,Fanren Xiu Xian Zhuan 2nd Season,ONA (51 eps),Nov 2021 - Oct 2022,"5,658 members",8.00,https://myanimelist.net/anime/50207/Fanren_Xiu_Xian_Zhuan_2nd_Season
751,Fanren Xiu Xian Zhuan: Mulan Zhi Zhan,ONA (52 eps),Jun 2026 -,"1,726 members",8.00,https://myanimelist.net/anime/63240/Fanren_Xiu_Xian_Zhuan__Mulan_Zhi_Zhan
752,Fullmetal Alchemist: Brotherhood Specials,Special (4 eps),Aug 2009 - Aug 2010,"170,854 members",8.00,https://myanimelist.net/anime/6421/Fullmetal_Alchemist__Brotherhood_Specials
753,Kara no Kyoukai Movie 3: Tsuukaku Zanryuu,Movie (1 eps),Feb 2008 - Feb 2008,"245,218 members",8.00,https://myanimelist.net/anime/3783/Kara_no_Kyoukai_Movie_3__Tsuukaku_Zanryuu
754,Kidou Senshi Gundam: Dai 08 MS Shoutai,OVA (12 eps),Jan 1996 - Jul 1999,"95,771 members",8.00,https://myanimelist.net/anime/81/Kidou_Senshi_Gundam__Dai_08_MS_Shoutai
755,Kimetsu no Yaiba: Hashira Geiko-hen,TV (8 eps),May 2024 - Jun 2024,"810,686 members",8.00,https://myanimelist.net/anime/55701/Kimetsu_no_Yaiba__Hashira_Geiko-hen
756,Magi: The Labyrinth of Magic,TV (25 eps),Oct 2012 - Mar 2013,"1,133,732 members",8.00,https://myanimelist.net/anime/14513/Magi__The_Labyrinth_of_Magic
757,Meitantei Conan Movie 15: Chinmoku no Quarter,Movie (1 eps),Apr 2011 - Apr 2011,"54,256 members",8.00,https://myanimelist.net/anime/9963/Meitantei_Conan_Movie_15__Chinmoku_no_Quarter
758,"Natsu e no Tunnel, Sayonara no Deguchi",Movie (1 eps),Sep 2022 - Sep 2022,"270,743 members",8.00,https://myanimelist.net/anime/50593/Natsu_e_no_Tunnel_Sayonara_no_Deguchi
759,Saint Seiya: The Lost Canvas - Meiou Shinwa,OVA (13 eps),Jun 2009 - Apr 2010,"117,686 members",8.00,https://myanimelist.net/anime/6171/Saint_Seiya__The_Lost_Canvas_-_Meiou_Shinwa
760,Summer Wars,Movie (1 eps),Aug 2009 - Aug 2009,"555,569 members",8.00,https://myanimelist.net/anime/5681/Summer_Wars
761,Toaru Kagaku no Railgun S,TV (24 eps),Apr 2013 - Sep 2013,"416,960 members",8.00,https://myanimelist.net/anime/16049/Toaru_Kagaku_no_Railgun_S
762,Tokyo Magnitude 8.0,TV (11 eps),Jul 2009 - Sep 2009,"316,588 members",8.00,https://myanimelist.net/anime/6211/Tokyo_Magnitude_80
763,Tonikaku Kawaii: SNS,OVA (1 eps),Aug 2021 - Aug 2021,"184,227 members",8.00,https://myanimelist.net/anime/44931/Tonikaku_Kawaii__SNS
764,"Toumei na Yoru ni Kakeru Kimi to, Me ni Mienai Koi wo Shita.",TV (12 eps),Jul 2026 - Sep 2026,"81,201 members",8.00,https://myanimelist.net/anime/62936/Toumei_na_Yoru_ni_Kakeru_Kimi_to_Me_ni_Mienai_Koi_wo_Shita
765,Tunshi Xingkong Movie: Xueluo Dalu,ONA (1 eps),Dec 2024 - Dec 2024,"2,365 members",8.00,https://myanimelist.net/anime/59939/Tunshi_Xingkong_Movie__Xueluo_Dalu
766,Wan Sheng Jie 3,ONA (12 eps),Jan 2022 - Apr 2022,"11,053 members",8.00,https://myanimelist.net/anime/49587/Wan_Sheng_Jie_3
767,Yahari Ore no Seishun Love Comedy wa Machigatteiru.,TV (13 eps),Apr 2013 - Jun 2013,"1,590,211 members",8.00,https://myanimelist.net/anime/14813/Yahari_Ore_no_Seishun_Love_Comedy_wa_Machigatteiru
768,Ao no Exorcist: Yosuga-hen,TV (12 eps),Jan 2025 - Mar 2025,"92,537 members",7.99,https://myanimelist.net/anime/59226/Ao_no_Exorcist__Yosuga-hen
769,Cheng He Titong,ONA (24 eps),Jun 2024 - Oct 2024,"17,838 members",7.99,https://myanimelist.net/anime/59001/Cheng_He_Titong
770,Clannad,TV (23 eps),Oct 2007 - Mar 2008,"1,528,160 members",7.99,https://myanimelist.net/anime/2167/Clannad
771,Evangelion Movie 1: Jo,Movie (1 eps),Sep 2007 - Sep 2007,"626,936 members",7.99,https://myanimelist.net/anime/2759/Evangelion_Movie_1__Jo
772,Girls Band Cry Movie,Movie (2 eps),Oct 2025 - Nov 2025,"9,760 members",7.99,https://myanimelist.net/anime/59817/Girls_Band_Cry_Movie
773,Saiunkoku Monogatari 2nd Season,TV (39 eps),Apr 2007 - Mar 2008,"45,663 members",7.99,https://myanimelist.net/anime/1914/Saiunkoku_Monogatari_2nd_Season
774,Shingeki no Kyojin Season 2 Movie: Kakusei no Houkou,Movie (1 eps),Jan 2018 - Jan 2018,"86,806 members",7.99,https://myanimelist.net/anime/36702/Shingeki_no_Kyojin_Season_2_Movie__Kakusei_no_Houkou
775,SK∞,TV (12 eps),Jan 2021 - Apr 2021,"641,796 members",7.99,https://myanimelist.net/anime/42923/SK∞
776,Tsumiki no Ie,Movie (1 eps),Jun 2008 - Jun 2008,"102,161 members",7.99,https://myanimelist.net/anime/5365/Tsumiki_no_Ie
777,Vampire Hunter D (2000),Movie (1 eps),Aug 2000 - Aug 2000,"254,270 members",7.99,https://myanimelist.net/anime/543/Vampire_Hunter_D_2000
778,Yuri!!! on Ice: Yuri Plisetsky GPF in Barcelona EX - Welcome to The Madness,Special (1 eps),May 2017 - May 2017,"93,173 members",7.99,https://myanimelist.net/anime/35382/Yuri_on_Ice__Yuri_Plisetsky_GPF_in_Barcelona_EX_-_Welcome_to_The_Madness
779,Dragon Ball,TV (153 eps),Feb 1986 - Apr 1989,"1,154,241 members",7.98,https://myanimelist.net/anime/223/Dragon_Ball
780,ef: A Tale of Melodies.,TV (12 eps),Oct 2008 - Dec 2008,"171,567 members",7.98,https://myanimelist.net/anime/4789/ef__A_Tale_of_Melodies
781,Hachimitsu to Clover,TV (24 eps),Apr 2005 - Sep 2005,"287,723 members",7.98,https://myanimelist.net/anime/16/Hachimitsu_to_Clover
782,Kaichou wa Maid-sama!,TV (26 eps),Apr 2010 - Sep 2010,"1,354,041 members",7.98,https://myanimelist.net/anime/7054/Kaichou_wa_Maid-sama
783,Kara no Kyoukai Movie: Mirai Fukuin,Movie (1 eps),Sep 2013 - Sep 2013,"127,452 members",7.98,https://myanimelist.net/anime/14807/Kara_no_Kyoukai_Movie__Mirai_Fukuin
784,Kindaichi Shounen no Jikenbo,TV (148 eps),Apr 1997 - Sep 2000,"37,038 members",7.98,https://myanimelist.net/anime/2076/Kindaichi_Shounen_no_Jikenbo
785,Mignon,ONA (12 eps),Aug 2023 - Aug 2023,"39,880 members",7.98,https://myanimelist.net/anime/49430/Mignon
786,Ruri no Houseki,TV (13 eps),Jul 2025 - Sep 2025,"96,080 members",7.98,https://myanimelist.net/anime/59791/Ruri_no_Houseki
787,Sayonara Lara,TV (12 eps),Jul 2026 - Sep 2026,"54,093 members",7.98,https://myanimelist.net/anime/58878/Sayonara_Lara
788,Takarajima,TV (26 eps),Oct 1978 - Apr 1979,"25,479 members",7.98,https://myanimelist.net/anime/2618/Takarajima
789,Uma Musume: Pretty Derby - Road to the Top (Movie),Movie (1 eps),May 2024 - May 2024,"23,380 members",7.98,https://myanimelist.net/anime/58517/Uma_Musume__Pretty_Derby_-_Road_to_the_Top_Movie
790,Wolf's Rain OVA,OVA (4 eps),Jan 2004 - Feb 2004,"77,925 members",7.98,https://myanimelist.net/anime/1023/Wolfs_Rain_OVA
791,Zombieland Saga Revenge,TV (12 eps),Apr 2021 - Jun 2021,"241,151 members",7.98,https://myanimelist.net/anime/40174/Zombieland_Saga_Revenge
792,Aishang Ta de Liyou Extra,ONA (1 eps),Feb 2024 - Feb 2024,"11,055 members",7.97,https://myanimelist.net/anime/58143/Aishang_Ta_de_Liyou_Extra
793,Bishoujo Senshi Sailor Moon: Sailor Stars,TV (34 eps),Mar 1996 - Feb 1997,"123,694 members",7.97,https://myanimelist.net/anime/996/Bishoujo_Senshi_Sailor_Moon__Sailor_Stars
794,Black Clover: Mahou Tei no Ken,Movie (1 eps),Jun 2023 - Jun 2023,"277,335 members",7.97,https://myanimelist.net/anime/48585/Black_Clover__Mahou_Tei_no_Ken
795,Boku no Hero Academia 3rd Season,TV (25 eps),Apr 2018 - Sep 2018,"2,412,427 members",7.97,https://myanimelist.net/anime/36456/Boku_no_Hero_Academia_3rd_Season
796,Bungou Stray Dogs Wan!,TV (12 eps),Jan 2021 - Mar 2021,"137,576 members",7.97,https://myanimelist.net/anime/42250/Bungou_Stray_Dogs_Wan
797,Code Geass: Hangyaku no Lelouch III - Oudou,Movie (1 eps),May 2018 - May 2018,"106,001 members",7.97,https://myanimelist.net/anime/34440/Code_Geass__Hangyaku_no_Lelouch_III_-_Oudou
798,Densetsu Kyojin Ideon: Hatsudou-hen,Movie (1 eps),Jul 1982 - Jul 1982,"13,513 members",7.97,https://myanimelist.net/anime/2761/Densetsu_Kyojin_Ideon__Hatsudou-hen
799,Durarara!!x2 Shou,TV (12 eps),Jan 2015 - Mar 2015,"517,461 members",7.97,https://myanimelist.net/anime/23199/Durararax2_Shou
800,Eve no Jikan,ONA (6 eps),Aug 2008 - Sep 2009,"197,539 members",7.97,https://myanimelist.net/anime/3167/Eve_no_Jikan
801,Gake no Ue no Ponyo,Movie (1 eps),Jul 2008 - Jul 2008,"665,488 members",7.97,https://myanimelist.net/anime/2890/Gake_no_Ue_no_Ponyo
802,Girls & Panzer: Saishuushou Part 1,Movie (1 eps),Dec 2017 - Dec 2017,"60,068 members",7.97,https://myanimelist.net/anime/33970/Girls___Panzer__Saishuushou_Part_1
803,Jian Lai 2nd Season,ONA (27 eps),Dec 2025 - Apr 2026,"1,511 members",7.97,https://myanimelist.net/anime/62728/Jian_Lai_2nd_Season
804,Kami nomi zo Shiru Sekai: Megami-hen,TV (12 eps),Jul 2013 - Sep 2013,"369,729 members",7.97,https://myanimelist.net/anime/16706/Kami_nomi_zo_Shiru_Sekai__Megami-hen
805,Kidou Senshi Gundam Thunderbolt: December Sky,Movie (1 eps),Jun 2016 - Jun 2016,"29,375 members",7.97,https://myanimelist.net/anime/33221/Kidou_Senshi_Gundam_Thunderbolt__December_Sky
806,Kimi ni Todoke 2nd Season,TV (12 eps),Jan 2011 - Mar 2011,"566,060 members",7.97,https://myanimelist.net/anime/9656/Kimi_ni_Todoke_2nd_Season
807,Kizumonogatari: Koyomi Vamp,Movie (1 eps),Jan 2024 - Jan 2024,"23,485 members",7.97,https://myanimelist.net/anime/56609/Kizumonogatari__Koyomi_Vamp
808,Koukaku Kidoutai: Stand Alone Complex 2nd GIG - Individual Eleven,OVA (1 eps),Jan 2006 - Jan 2006,"33,212 members",7.97,https://myanimelist.net/anime/2448/Koukaku_Kidoutai__Stand_Alone_Complex_2nd_GIG_-_Individual_Eleven
809,Kurenai no Buta,Movie (1 eps),Jul 1992 - Jul 1992,"293,182 members",7.97,https://myanimelist.net/anime/416/Kurenai_no_Buta
810,School Rumble Ni Gakki,TV (26 eps),Apr 2006 - Sep 2006,"173,429 members",7.97,https://myanimelist.net/anime/846/School_Rumble_Ni_Gakki
811,xxxHOLiC,TV (24 eps),Apr 2006 - Sep 2006,"353,027 members",7.97,https://myanimelist.net/anime/861/xxxHOLiC
812,Yi Nian Yong Heng,ONA (52 eps),Aug 2020 - Jul 2021,"24,258 members",7.97,https://myanimelist.net/anime/41923/Yi_Nian_Yong_Heng
813,Akagami no Shirayuki-hime 2nd Season,TV (12 eps),Jan 2016 - Mar 2016,"394,076 members",7.96,https://myanimelist.net/anime/31173/Akagami_no_Shirayuki-hime_2nd_Season
814,Crayon Shin-chan Movie 09: Arashi wo Yobu Mouretsu! Otona Teikoku no Gyakushuu,Movie (1 eps),Apr 2001 - Apr 2001,"13,803 members",7.96,https://myanimelist.net/anime/2450/Crayon_Shin-chan_Movie_09__Arashi_wo_Yobu_Mouretsu_Otona_Teikoku_no_Gyakushuu
815,Durarara!!x2 Ten,TV (12 eps),Jul 2015 - Sep 2015,"424,190 members",7.96,https://myanimelist.net/anime/27831/Durararax2_Ten
816,Hidamari Sketch x Honeycomb,TV (12 eps),Oct 2012 - Dec 2012,"28,033 members",7.96,https://myanimelist.net/anime/11239/Hidamari_Sketch_x_Honeycomb
817,Hokuto no Ken,TV (109 eps),Oct 1984 - Mar 1987,"145,121 members",7.96,https://myanimelist.net/anime/967/Hokuto_no_Ken
818,Honzuki no Gekokujou: Shisho ni Naru Tame ni wa Shudan wo Erandeiraremasen,TV (14 eps),Oct 2019 - Dec 2019,"384,196 members",7.96,https://myanimelist.net/anime/39468/Honzuki_no_Gekokujou__Shisho_ni_Naru_Tame_ni_wa_Shudan_wo_Erandeiraremasen
819,IDOLiSH7 Vibrato,ONA (8 eps),Feb 2018 - Mar 2019,"18,171 members",7.96,https://myanimelist.net/anime/36963/IDOLiSH7_Vibrato
820,Kakushigoto,TV (12 eps),Apr 2020 - Jun 2020,"357,228 members",7.96,https://myanimelist.net/anime/40716/Kakushigoto
821,Kidou Senshi Gundam Thunderbolt,ONA (4 eps),Dec 2015 - Apr 2016,"65,774 members",7.96,https://myanimelist.net/anime/31973/Kidou_Senshi_Gundam_Thunderbolt
822,"Komi-san wa, Comyushou desu. 2nd Season",TV (12 eps),Apr 2022 - Jun 2022,"568,058 members",7.96,https://myanimelist.net/anime/50631/Komi-san_wa_Comyushou_desu_2nd_Season
823,Koukaku Kidoutai 2.0,Movie (1 eps),Jul 2008 - Jul 2008,"95,068 members",7.96,https://myanimelist.net/anime/4672/Koukaku_Kidoutai_20
824,Mahou Shoujo Lyrical Nanoha A's,TV (13 eps),Oct 2005 - Dec 2005,"70,303 members",7.96,https://myanimelist.net/anime/77/Mahou_Shoujo_Lyrical_Nanoha_As
825,Ookiku Furikabutte: Natsu no Taikai-hen,TV (13 eps),Apr 2010 - Jun 2010,"47,956 members",7.96,https://myanimelist.net/anime/7720/Ookiku_Furikabutte__Natsu_no_Taikai-hen
826,Ranma ½ (2024),TV (12 eps),Oct 2024 - Dec 2024,"179,040 members",7.96,https://myanimelist.net/anime/59145/Ranma_½_2024
827,ReLIFE,TV (13 eps),Jul 2016 - Sep 2016,"1,156,047 members",7.96,https://myanimelist.net/anime/30015/ReLIFE
828,Rurouni Kenshin: Meiji Kenkaku Romantan - Seisou-hen,OVA (2 eps),Dec 2001 - Mar 2002,"90,299 members",7.96,https://myanimelist.net/anime/401/Rurouni_Kenshin__Meiji_Kenkaku_Romantan_-_Seisou-hen
829,Shen Yin Wangzuo Movie: Yi Lai Ke Si Chuanqi,ONA (1 eps),Apr 2025 - Apr 2025,"1,663 members",7.96,https://myanimelist.net/anime/61508/Shen_Yin_Wangzuo_Movie__Yi_Lai_Ke_Si_Chuanqi
830,Shokugeki no Souma: San no Sara,TV (12 eps),Oct 2017 - Dec 2017,"1,050,662 members",7.96,https://myanimelist.net/anime/35788/Shokugeki_no_Souma__San_no_Sara
831,Wan Sheng Jie,ONA (12 eps),Apr 2020 - May 2020,"33,768 members",7.96,https://myanimelist.net/anime/41611/Wan_Sheng_Jie
832,Youjo Senki,TV (12 eps),Jan 2017 - Mar 2017,"1,073,355 members",7.96,https://myanimelist.net/anime/32615/Youjo_Senki
833,Aikatsu! 10th Story: Mirai e no Starway (2023),Movie (1 eps),Jan 2023 - Jan 2023,"3,184 members",7.95,https://myanimelist.net/anime/53499/Aikatsu_10th_Story__Mirai_e_no_Starway_2023
834,Aria the Origination: Sono Choppiri Himitsu no Basho ni...,Special (1 eps),Jun 2008 - Jun 2008,"23,982 members",7.95,https://myanimelist.net/anime/4772/Aria_the_Origination__Sono_Choppiri_Himitsu_no_Basho_ni
835,BanG Dream! Film Live 2nd Stage,Movie (1 eps),Aug 2021 - Aug 2021,"10,103 members",7.95,https://myanimelist.net/anime/41462/BanG_Dream_Film_Live_2nd_Stage
836,Eve no Jikan (Movie),Movie (1 eps),Mar 2010 - Mar 2010,"131,799 members",7.95,https://myanimelist.net/anime/7465/Eve_no_Jikan_Movie
837,Fanren Xiu Xian Zhuan: Xinghai Feichi Prologue,ONA (4 eps),Jul 2023 - Aug 2023,"15,101 members",7.95,https://myanimelist.net/anime/55993/Fanren_Xiu_Xian_Zhuan__Xinghai_Feichi_Prologue
838,Full Moon wo Sagashite,TV (52 eps),Apr 2002 - Mar 2003,"119,025 members",7.95,https://myanimelist.net/anime/122/Full_Moon_wo_Sagashite
839,Ginga Sengoku Gunyuuden Rai,TV (52 eps),Apr 1994 - Mar 1995,"18,240 members",7.95,https://myanimelist.net/anime/3907/Ginga_Sengoku_Gunyuuden_Rai
840,High Score Girl: Extra Stage,OVA (3 eps),Mar 2019 - Mar 2019,"83,088 members",7.95,https://myanimelist.net/anime/38422/High_Score_Girl__Extra_Stage
841,Jibaku Shounen Hanako-kun 2,TV (12 eps),Jan 2025 - Mar 2025,"107,672 members",7.95,https://myanimelist.net/anime/53924/Jibaku_Shounen_Hanako-kun_2
842,Les Misérables: Shoujo Cosette,TV (52 eps),Jan 2007 - Dec 2007,"35,016 members",7.95,https://myanimelist.net/anime/1695/Les_Misérables__Shoujo_Cosette
843,Macross F Movie 2: Sayonara no Tsubasa,Movie (1 eps),Feb 2011 - Feb 2011,"30,139 members",7.95,https://myanimelist.net/anime/7222/Macross_F_Movie_2__Sayonara_no_Tsubasa
844,Macross: Do You Remember Love?,Movie (1 eps),Jul 1984 - Jul 1984,"54,896 members",7.95,https://myanimelist.net/anime/1089/Macross__Do_You_Remember_Love
845,Major Movie: Yuujou no Winning Shot,Movie (1 eps),Dec 2008 - Dec 2008,"22,469 members",7.95,https://myanimelist.net/anime/5029/Major_Movie__Yuujou_no_Winning_Shot
846,Maoujou de Oyasumi,TV (12 eps),Oct 2020 - Dec 2020,"254,765 members",7.95,https://myanimelist.net/anime/40397/Maoujou_de_Oyasumi
847,Tennis no Oujisama: Zenkoku Taikai-hen - Final,OVA (7 eps),Apr 2008 - Jan 2009,"39,425 members",7.95,https://myanimelist.net/anime/4053/Tennis_no_Oujisama__Zenkoku_Taikai-hen_-_Final
848,5-toubun no Hanayome∽,TV Special (2 eps),Sep 2023 - Sep 2023,"104,000 members",7.94,https://myanimelist.net/anime/54915/5-toubun_no_Hanayome∽
849,Akane-banashi,TV (12 eps),Apr 2026 - Jun 2026,"76,734 members",7.94,https://myanimelist.net/anime/62164/Akane-banashi
850,Douluo Dalu,ONA (26 eps),Jan 2018 - Jul 2018,"35,002 members",7.94,https://myanimelist.net/anime/37150/Douluo_Dalu
851,Fate/Grand Order: Zettai Majuu Sensen Babylonia,TV (21 eps),Oct 2019 - Mar 2020,"317,742 members",7.94,https://myanimelist.net/anime/38084/Fate_Grand_Order__Zettai_Majuu_Sensen_Babylonia
852,High Score Girl II,TV (9 eps),Oct 2019 - Dec 2019,"153,166 members",7.94,https://myanimelist.net/anime/39570/High_Score_Girl_II
853,Kanon (2006),TV (24 eps),Oct 2006 - Mar 2007,"294,805 members",7.94,https://myanimelist.net/anime/1530/Kanon_2006
854,Kobato.,TV (24 eps),Oct 2009 - Mar 2010,"178,893 members",7.94,https://myanimelist.net/anime/5678/Kobato
855,Kono Oto Tomare!,TV (13 eps),Apr 2019 - Jun 2019,"357,302 members",7.94,https://myanimelist.net/anime/38080/Kono_Oto_Tomare
856,Non Non Biyori,TV (12 eps),Oct 2013 - Dec 2013,"459,419 members",7.94,https://myanimelist.net/anime/17549/Non_Non_Biyori
857,Noragami,TV (12 eps),Jan 2014 - Mar 2014,"2,338,424 members",7.94,https://myanimelist.net/anime/20507/Noragami
858,Rising Impact Season 2,ONA (14 eps),Aug 2024 - Aug 2024,"16,190 members",7.94,https://myanimelist.net/anime/59497/Rising_Impact_Season_2
859,Sword Art Online: Progressive Movie - Hoshi Naki Yoru no Aria,Movie (1 eps),Oct 2021 - Oct 2021,"291,300 members",7.94,https://myanimelist.net/anime/42916/Sword_Art_Online__Progressive_Movie_-_Hoshi_Naki_Yoru_no_Aria
860,Tekkon Kinkreet,Movie (1 eps),Dec 2006 - Dec 2006,"125,969 members",7.94,https://myanimelist.net/anime/2154/Tekkon_Kinkreet
861,Working!!!,TV (13 eps),Jul 2015 - Sep 2015,"265,832 members",7.94,https://myanimelist.net/anime/25879/Working
862,Wotaku ni Koi wa Muzukashii OVA,OVA (3 eps),Mar 2019 - Oct 2021,"237,900 members",7.94,https://myanimelist.net/anime/38349/Wotaku_ni_Koi_wa_Muzukashii_OVA
863,Yofukashi no Uta,TV (13 eps),Jul 2022 - Sep 2022,"801,570 members",7.94,https://myanimelist.net/anime/50346/Yofukashi_no_Uta
864,You Shou Yan 3rd Season,ONA (12 eps),May 2024 - Jul 2024,"1,217 members",7.94,https://myanimelist.net/anime/58555/You_Shou_Yan_3rd_Season
865,"Clannad: Mou Hitotsu no Sekai, Tomoyo-hen",Special (1 eps),Jul 2008 - Jul 2008,"322,562 members",7.93,https://myanimelist.net/anime/4059/Clannad__Mou_Hitotsu_no_Sekai_Tomoyo-hen
866,Fate/kaleid liner Prisma☆Illya Movie: Sekka no Chikai,Movie (1 eps),Aug 2017 - Aug 2017,"106,599 members",7.93,https://myanimelist.net/anime/34100/Fate_kaleid_liner_Prisma☆Illya_Movie__Sekka_no_Chikai
867,Ginga Tokkyuu Milky☆Subway,TV (12 eps),Jul 2025 - Sep 2025,"22,570 members",7.93,https://myanimelist.net/anime/61274/Ginga_Tokkyuu_Milky☆Subway
868,Hug tto! Precure,TV (49 eps),Feb 2018 - Jan 2019,"32,091 members",7.93,https://myanimelist.net/anime/36593/Hug_tto_Precure
869,Ie Naki Ko,TV (51 eps),Oct 1977 - Oct 1978,"19,978 members",7.93,https://myanimelist.net/anime/2828/Ie_Naki_Ko
870,Nagi no Asu kara,TV (26 eps),Oct 2013 - Apr 2014,"642,520 members",7.93,https://myanimelist.net/anime/16067/Nagi_no_Asu_kara
871,Touhai Densetsu Akagi: Yami ni Maiorita Tensai,TV (26 eps),Oct 2005 - Mar 2006,"115,558 members",7.93,https://myanimelist.net/anime/658/Touhai_Densetsu_Akagi__Yami_ni_Maiorita_Tensai
872,xxxHOLiC Movie: Manatsu no Yoru no Yume,Movie (1 eps),Aug 2005 - Aug 2005,"71,867 members",7.93,https://myanimelist.net/anime/793/xxxHOLiC_Movie__Manatsu_no_Yoru_no_Yume
873,Ze Tian Ji (2026),ONA (26 eps),Jan 2026 - Jul 2026,"1,919 members",7.93,https://myanimelist.net/anime/61562/Ze_Tian_Ji_2026
874,Zhu Xian 2nd Season,ONA (26 eps),Mar 2024 - Aug 2024,"3,644 members",7.93,https://myanimelist.net/anime/58509/Zhu_Xian_2nd_Season
875,Zhu Xian 3rd Season,ONA (26 eps),Jun 2025 - Oct 2025,"1,738 members",7.93,https://myanimelist.net/anime/61784/Zhu_Xian_3rd_Season
876,Benghuai: Xing Qiong Tiedao - Gelamo de Yujin,ONA (1 eps),Jun 2024 - Jun 2024,"3,631 members",7.92,https://myanimelist.net/anime/59077/Benghuai__Xing_Qiong_Tiedao_-_Gelamo_de_Yujin
877,Berserk: Ougon Jidai-hen - Memorial Edition,TV (13 eps),Oct 2022 - Dec 2022,"56,027 members",7.92,https://myanimelist.net/anime/52976/Berserk__Ougon_Jidai-hen_-_Memorial_Edition
878,Bishoujo Senshi Sailor Moon S,TV (38 eps),Mar 1994 - Feb 1995,"160,372 members",7.92,https://myanimelist.net/anime/532/Bishoujo_Senshi_Sailor_Moon_S
879,Boku no Hero Academia the Movie 2: Heroes:Rising,Movie (1 eps),Dec 2019 - Dec 2019,"641,282 members",7.92,https://myanimelist.net/anime/39565/Boku_no_Hero_Academia_the_Movie_2__Heroes_Rising
880,City Hunter,TV (51 eps),Apr 1987 - Mar 1988,"92,990 members",7.92,https://myanimelist.net/anime/1470/City_Hunter
881,Dead Dead Demons Dededede Destruction (ONA),ONA (17 eps),May 2024 - Sep 2024,"71,876 members",7.92,https://myanimelist.net/anime/58883/Dead_Dead_Demons_Dededede_Destruction_ONA
882,Gochuumon wa Usagi desu ka? Bloom,TV (12 eps),Oct 2020 - Dec 2020,"73,580 members",7.92,https://myanimelist.net/anime/38337/Gochuumon_wa_Usagi_desu_ka_Bloom
883,Heartcatch Precure!,TV (49 eps),Feb 2010 - Jan 2011,"37,777 members",7.92,https://myanimelist.net/anime/7645/Heartcatch_Precure
884,Hidamari Sketch x ☆☆☆,TV (12 eps),Jan 2010 - Mar 2010,"31,367 members",7.92,https://myanimelist.net/anime/7062/Hidamari_Sketch_x_☆☆☆
885,Hikaru no Go: Hokuto Hai e no Michi,Special (1 eps),Jan 2004 - Jan 2004,"26,279 members",7.92,https://myanimelist.net/anime/645/Hikaru_no_Go__Hokuto_Hai_e_no_Michi
886,Ie Naki Ko Remy,TV (23 eps),Sep 1996 - Mar 1997,"24,187 members",7.92,https://myanimelist.net/anime/2829/Ie_Naki_Ko_Remy
887,Initial D Third Stage,Movie (1 eps),Jan 2001 - Jan 2001,"211,103 members",7.92,https://myanimelist.net/anime/187/Initial_D_Third_Stage
888,Kidou Senshi Zeta Gundam,TV (50 eps),Mar 1985 - Feb 1986,"89,820 members",7.92,https://myanimelist.net/anime/85/Kidou_Senshi_Zeta_Gundam
889,Love Live! The School Idol Movie,Movie (1 eps),Jun 2015 - Jun 2015,"139,748 members",7.92,https://myanimelist.net/anime/24997/Love_Live_The_School_Idol_Movie
890,Mahoutsukai no Yome Season 2 Part 2,TV (12 eps),Oct 2023 - Dec 2023,"128,537 members",7.92,https://myanimelist.net/anime/55742/Mahoutsukai_no_Yome_Season_2_Part_2
891,Mawaru Penguindrum,TV (24 eps),Jul 2011 - Dec 2011,"322,784 members",7.92,https://myanimelist.net/anime/10721/Mawaru_Penguindrum
892,My Melody & Kuromi,ONA (12 eps),Jul 2025 - Jul 2025,"7,793 members",7.92,https://myanimelist.net/anime/60726/My_Melody___Kuromi
893,Nurarihyon no Mago: Sennen Makyou,TV (24 eps),Jul 2011 - Dec 2011,"173,879 members",7.92,https://myanimelist.net/anime/10049/Nurarihyon_no_Mago__Sennen_Makyou
894,Osomatsu-san,TV (25 eps),Oct 2015 - Mar 2016,"182,518 members",7.92,https://myanimelist.net/anime/31174/Osomatsu-san
895,Plastic Memories,TV (13 eps),Apr 2015 - Jun 2015,"1,044,000 members",7.92,https://myanimelist.net/anime/27775/Plastic_Memories
896,Sakasama no Patema,Movie (1 eps),Nov 2013 - Nov 2013,"325,581 members",7.92,https://myanimelist.net/anime/12477/Sakasama_no_Patema
897,Shokugeki no Souma: San no Sara - Tootsuki Ressha-hen,TV (12 eps),Apr 2018 - Jun 2018,"781,625 members",7.92,https://myanimelist.net/anime/36949/Shokugeki_no_Souma__San_no_Sara_-_Tootsuki_Ressha-hen
898,Summer Ghost,Movie (1 eps),Nov 2021 - Nov 2021,"157,091 members",7.92,https://myanimelist.net/anime/48171/Summer_Ghost
899,Wu Dong Qian Kun 6th Season,ONA (12 eps),Nov 2025 - Dec 2025,"1,694 members",7.92,https://myanimelist.net/anime/62249/Wu_Dong_Qian_Kun_6th_Season
900,Yowamushi Pedal,TV (38 eps),Oct 2013 - Jul 2014,"249,426 members",7.92,https://myanimelist.net/anime/18179/Yowamushi_Pedal
901,BanG Dream! Movie: Poppin' Dream!,Movie (1 eps),Jan 2022 - Jan 2022,"13,886 members",7.91,https://myanimelist.net/anime/41782/BanG_Dream_Movie__Poppin_Dream
902,Bungou Stray Dogs: Dead Apple,Movie (1 eps),Mar 2018 - Mar 2018,"319,309 members",7.91,https://myanimelist.net/anime/34944/Bungou_Stray_Dogs__Dead_Apple
903,Code Geass: Fukkatsu no Lelouch,Movie (1 eps),Feb 2019 - Feb 2019,"349,396 members",7.91,https://myanimelist.net/anime/34437/Code_Geass__Fukkatsu_no_Lelouch
904,Eyeshield 21,TV (145 eps),Apr 2005 - Mar 2008,"197,454 members",7.91,https://myanimelist.net/anime/15/Eyeshield_21
905,Full Metal Panic! The Second Raid,TV (13 eps),Jul 2005 - Oct 2005,"275,394 members",7.91,https://myanimelist.net/anime/73/Full_Metal_Panic_The_Second_Raid
906,Hanamonogatari,TV Special (5 eps),Aug 2014 - Aug 2014,"459,119 members",7.91,https://myanimelist.net/anime/21855/Hanamonogatari
907,Kaleido Star,TV (51 eps),Apr 2003 - Mar 2004,"93,509 members",7.91,https://myanimelist.net/anime/427/Kaleido_Star
908,Kimi to Boku. 2,TV (13 eps),Apr 2012 - Jun 2012,"95,097 members",7.91,https://myanimelist.net/anime/11739/Kimi_to_Boku_2
909,Kuuchuu Buranko,TV (11 eps),Oct 2009 - Dec 2009,"104,009 members",7.91,https://myanimelist.net/anime/6774/Kuuchuu_Buranko
910,Love Live! Superstar!!,TV (12 eps),Jul 2021 - Oct 2021,"79,774 members",7.91,https://myanimelist.net/anime/41169/Love_Live_Superstar
911,Love Live! Superstar!! 3rd Season,TV (12 eps),Oct 2024 - Dec 2024,"22,956 members",7.91,https://myanimelist.net/anime/53287/Love_Live_Superstar_3rd_Season
912,Meitantei Conan Movie 27: 100-man Dollar no Michishirube,Movie (1 eps),Apr 2024 - Apr 2024,"14,832 members",7.91,https://myanimelist.net/anime/56785/Meitantei_Conan_Movie_27__100-man_Dollar_no_Michishirube
913,Nekomonogatari: Kuro,TV Special (4 eps),Dec 2012 - Dec 2012,"595,231 members",7.91,https://myanimelist.net/anime/15689/Nekomonogatari__Kuro
914,Ojamajo Doremi Na-i-sho,OVA (13 eps),Jun 2004 - Dec 2004,"13,416 members",7.91,https://myanimelist.net/anime/1376/Ojamajo_Doremi_Na-i-sho
915,One Piece Film: Strong World Episode 0,OVA (1 eps),Apr 2010 - Apr 2010,"93,320 members",7.91,https://myanimelist.net/anime/8740/One_Piece_Film__Strong_World_Episode_0
916,Phantom: Requiem for the Phantom,TV (26 eps),Apr 2009 - Sep 2009,"360,281 members",7.91,https://myanimelist.net/anime/5682/Phantom__Requiem_for_the_Phantom
917,Tamako Love Story,Movie (1 eps),Apr 2014 - Apr 2014,"434,169 members",7.91,https://myanimelist.net/anime/21647/Tamako_Love_Story
918,Usagi Drop Specials,Special (4 eps),Oct 2011 - Jan 2012,"75,497 members",7.91,https://myanimelist.net/anime/11113/Usagi_Drop_Specials
919,Wotaku ni Koi wa Muzukashii,TV (11 eps),Apr 2018 - Jun 2018,"1,118,782 members",7.91,https://myanimelist.net/anime/35968/Wotaku_ni_Koi_wa_Muzukashii
920,Yakitate!! Japan,TV (69 eps),Oct 2004 - Mar 2006,"105,985 members",7.91,https://myanimelist.net/anime/28/Yakitate_Japan
921,Youkoso Jitsuryoku Shijou Shugi no Kyoushitsu e 3rd Season,TV (13 eps),Jan 2024 - Mar 2024,"559,297 members",7.91,https://myanimelist.net/anime/51180/Youkoso_Jitsuryoku_Shijou_Shugi_no_Kyoushitsu_e_3rd_Season
922,Yuru Yuri San☆Hai!,TV (12 eps),Oct 2015 - Dec 2015,"134,540 members",7.91,https://myanimelist.net/anime/30279/Yuru_Yuri_San☆Hai
923,Akage no Anne,TV (50 eps),Jan 1979 - Dec 1979,"53,055 members",7.90,https://myanimelist.net/anime/283/Akage_no_Anne
924,Atarashii Joushi wa Do Tennen,TV (12 eps),Oct 2023 - Dec 2023,"75,124 members",7.90,https://myanimelist.net/anime/55310/Atarashii_Joushi_wa_Do_Tennen
925,Chiikawa Movie: Ningyo no Shima no Himitsu,Movie (1 eps),Jul 2026 - Jul 2026,"3,529 members",7.90,https://myanimelist.net/anime/63011/Chiikawa_Movie__Ningyo_no_Shima_no_Himitsu
926,Cike Wu Liuqi,ONA (10 eps),Apr 2018 - Jun 2018,"144,240 members",7.90,https://myanimelist.net/anime/38409/Cike_Wu_Liuqi
927,Date A Live II: Kurumi Star Festival,OVA (1 eps),Dec 2014 - Dec 2014,"202,927 members",7.90,https://myanimelist.net/anime/22961/Date_A_Live_II__Kurumi_Star_Festival
928,Doraemon (1979),TV (1787 eps),Apr 1979 - Mar 2005,"73,254 members",7.90,https://myanimelist.net/anime/2471/Doraemon_1979
929,Dungeon ni Deai wo Motomeru no wa Machigatteiru Darou ka V: Houjou no Megami-hen,TV (15 eps),Oct 2024 - Mar 2025,"229,427 members",7.90,https://myanimelist.net/anime/57066/Dungeon_ni_Deai_wo_Motomeru_no_wa_Machigatteiru_Darou_ka_V__Houjou_no_Megami-hen
930,Ergo Proxy,TV (23 eps),Feb 2006 - Aug 2006,"727,832 members",7.90,https://myanimelist.net/anime/790/Ergo_Proxy
931,Gakuen Babysitters,TV (12 eps),Jan 2018 - Mar 2018,"384,934 members",7.90,https://myanimelist.net/anime/35222/Gakuen_Babysitters
932,Hanma Baki: Son of Ogre 2nd Season,ONA (27 eps),Jul 2023 - Aug 2023,"122,346 members",7.90,https://myanimelist.net/anime/51318/Hanma_Baki__Son_of_Ogre_2nd_Season
933,I Byeol-e Pil-yohan,ONA (1 eps),May 2025 - May 2025,"21,217 members",7.90,https://myanimelist.net/anime/61595/I_Byeol-e_Pil-yohan
934,IDOLiSH7 Movie: LIVE 4bit - BEYOND THE PERiOD,Movie (2 eps),May 2023 - May 2023,"4,608 members",7.90,https://myanimelist.net/anime/54118/IDOLiSH7_Movie__LIVE_4bit_-_BEYOND_THE_PERiOD
935,Karigurashi no Arrietty,Movie (1 eps),Jul 2010 - Jul 2010,"400,167 members",7.90,https://myanimelist.net/anime/7711/Karigurashi_no_Arrietty
936,Kobayashi-san Chi no Maid Dragon,TV (13 eps),Jan 2017 - Apr 2017,"1,343,899 members",7.90,https://myanimelist.net/anime/33206/Kobayashi-san_Chi_no_Maid_Dragon
937,Kokoro Connect: Michi Random,Special (4 eps),Nov 2012 - Dec 2012,"276,180 members",7.90,https://myanimelist.net/anime/16001/Kokoro_Connect__Michi_Random
938,Lupin III (2015),TV (24 eps),Oct 2015 - Mar 2016,"78,762 members",7.90,https://myanimelist.net/anime/27947/Lupin_III_2015
939,Niehime to Kemono no Ou,TV (24 eps),Apr 2023 - Sep 2023,"104,479 members",7.90,https://myanimelist.net/anime/46422/Niehime_to_Kemono_no_Ou
940,Oniisama e...,TV (39 eps),Jul 1991 - May 1992,"58,003 members",7.90,https://myanimelist.net/anime/795/Oniisama_e
941,Overlord III,TV (13 eps),Jul 2018 - Oct 2018,"1,025,504 members",7.90,https://myanimelist.net/anime/37675/Overlord_III
942,Sakamoto Days Part 2,TV (11 eps),Jul 2025 - Sep 2025,"274,032 members",7.90,https://myanimelist.net/anime/60285/Sakamoto_Days_Part_2
943,Shingeki no Kyojin OVA,OVA (3 eps),Dec 2013 - Aug 2014,"513,242 members",7.90,https://myanimelist.net/anime/18397/Shingeki_no_Kyojin_OVA
944,Trigun: Badlands Rumble,Movie (1 eps),Apr 2010 - Apr 2010,"155,752 members",7.90,https://myanimelist.net/anime/4106/Trigun__Badlands_Rumble
945,Vanitas no Karte,TV (12 eps),Jul 2021 - Sep 2021,"643,198 members",7.90,https://myanimelist.net/anime/48580/Vanitas_no_Karte
946,Wu Dong Qian Kun 5th Season,ONA (12 eps),Jan 2025 - Jan 2025,"2,637 members",7.90,https://myanimelist.net/anime/60541/Wu_Dong_Qian_Kun_5th_Season
947,Xingchen Bian 6th Season,ONA (28 eps),Jan 2025 - Jul 2025,"1,743 members",7.90,https://myanimelist.net/anime/60787/Xingchen_Bian_6th_Season
948,You Shou Yan 4th Season,ONA (12 eps),Aug 2024 - Oct 2024,"1,179 members",7.90,https://myanimelist.net/anime/59385/You_Shou_Yan_4th_Season
949,Yuri!!! on Ice,TV (12 eps),Oct 2016 - Dec 2016,"963,624 members",7.90,https://myanimelist.net/anime/32995/Yuri_on_Ice
950,Darker than Black: Kuro no Keiyakusha Gaiden,Special (4 eps),Jan 2010 - Jul 2010,"271,580 members",7.89,https://myanimelist.net/anime/7338/Darker_than_Black__Kuro_no_Keiyakusha_Gaiden
951,Doupo Cangqiong 3rd Season,ONA (12 eps),Jul 2019 - Sep 2019,"11,854 members",7.89,https://myanimelist.net/anime/38436/Doupo_Cangqiong_3rd_Season
952,Final Fantasy VII: Advent Children Complete,OVA (1 eps),Apr 2009 - Apr 2009,"139,114 members",7.89,https://myanimelist.net/anime/2952/Final_Fantasy_VII__Advent_Children_Complete
953,Golden Kamuy,TV (12 eps),Apr 2018 - Jun 2018,"468,461 members",7.89,https://myanimelist.net/anime/36028/Golden_Kamuy
954,Hanasaku Iroha,TV (26 eps),Apr 2011 - Sep 2011,"349,570 members",7.89,https://myanimelist.net/anime/9289/Hanasaku_Iroha
955,Hoozuki no Reitetsu 2nd Season,TV (13 eps),Oct 2017 - Dec 2017,"51,750 members",7.89,https://myanimelist.net/anime/35075/Hoozuki_no_Reitetsu_2nd_Season
956,Log Horizon,TV (25 eps),Oct 2013 - Mar 2014,"1,193,063 members",7.89,https://myanimelist.net/anime/17265/Log_Horizon
957,Macross,TV (36 eps),Oct 1982 - Jun 1983,"126,315 members",7.89,https://myanimelist.net/anime/1088/Macross
958,Meitantei Conan OVA 09: 10-nengo no Stranger,OVA (1 eps),Jun 2009 - Jun 2009,"22,814 members",7.89,https://myanimelist.net/anime/6438/Meitantei_Conan_OVA_09__10-nengo_no_Stranger
959,One Piece: Gyojin Tou-hen,TV (21 eps),Nov 2024 - Mar 2025,"41,459 members",7.89,https://myanimelist.net/anime/60108/One_Piece__Gyojin_Tou-hen
960,Ore Monogatari!!,TV (24 eps),Apr 2015 - Sep 2015,"744,060 members",7.89,https://myanimelist.net/anime/28297/Ore_Monogatari
961,Overlord,TV (13 eps),Jul 2015 - Sep 2015,"1,779,825 members",7.89,https://myanimelist.net/anime/29803/Overlord
962,Paradise Kiss,TV (12 eps),Oct 2005 - Dec 2005,"266,030 members",7.89,https://myanimelist.net/anime/322/Paradise_Kiss
963,Rock wa Lady no Tashinami deshite,TV (13 eps),Apr 2025 - Jun 2025,"87,226 members",7.89,https://myanimelist.net/anime/59360/Rock_wa_Lady_no_Tashinami_deshite
964,Romantic Killer,ONA (12 eps),Oct 2022 - Oct 2022,"304,488 members",7.89,https://myanimelist.net/anime/52865/Romantic_Killer
965,Shingeki no Kyojin Movie 1: Guren no Yumiya,Movie (1 eps),Nov 2014 - Nov 2014,"148,853 members",7.89,https://myanimelist.net/anime/23775/Shingeki_no_Kyojin_Movie_1__Guren_no_Yumiya
966,Shirokuma Cafe,TV (50 eps),Apr 2012 - Mar 2013,"103,463 members",7.89,https://myanimelist.net/anime/12815/Shirokuma_Cafe
967,Space☆Dandy,TV (13 eps),Jan 2014 - Mar 2014,"395,770 members",7.89,https://myanimelist.net/anime/20057/Space☆Dandy
968,Tamayura: Sotsugyou Shashin Part 3 - Akogare,Movie (1 eps),Nov 2015 - Nov 2015,"12,127 members",7.89,https://myanimelist.net/anime/29830/Tamayura__Sotsugyou_Shashin_Part_3_-_Akogare
969,Tate no Yuusha no Nariagari,TV (25 eps),Jan 2019 - Jun 2019,"1,790,070 members",7.89,https://myanimelist.net/anime/35790/Tate_no_Yuusha_no_Nariagari
970,Zoku Sayonara Zetsubou Sensei,TV (13 eps),Jan 2008 - Mar 2008,"141,353 members",7.89,https://myanimelist.net/anime/3228/Zoku_Sayonara_Zetsubou_Sensei
971,Aria the Avvenire,Special (3 eps),Sep 2015 - Sep 2015,"31,963 members",7.88,https://myanimelist.net/anime/29893/Aria_the_Avvenire
972,Code Geass: Hangyaku no Lelouch I - Koudou,Movie (1 eps),Oct 2017 - Oct 2017,"115,744 members",7.88,https://myanimelist.net/anime/34438/Code_Geass__Hangyaku_no_Lelouch_I_-_Koudou
973,Drifters,TV (12 eps),Oct 2016 - Dec 2016,"625,153 members",7.88,https://myanimelist.net/anime/31339/Drifters
974,Free! Eternal Summer: Kindan no All Hard!,Special (1 eps),Mar 2015 - Mar 2015,"99,280 members",7.88,https://myanimelist.net/anime/26213/Free_Eternal_Summer__Kindan_no_All_Hard
975,Go! Princess Precure,TV (50 eps),Feb 2015 - Jan 2016,"35,249 members",7.88,https://myanimelist.net/anime/28669/Go_Princess_Precure
976,InuYasha,TV (167 eps),Oct 2000 - Sep 2004,"870,480 members",7.88,https://myanimelist.net/anime/249/InuYasha
977,Jormungand: Perfect Order,TV (12 eps),Oct 2012 - Dec 2012,"211,156 members",7.88,https://myanimelist.net/anime/13331/Jormungand__Perfect_Order
978,Kidou Senshi Gundam: Suisei no Majo Season 2,TV (12 eps),Apr 2023 - Jul 2023,"111,924 members",7.88,https://myanimelist.net/anime/53199/Kidou_Senshi_Gundam__Suisei_no_Majo_Season_2
979,Lupin the IIIrd: Chikemuri no Ishikawa Goemon,Movie (1 eps),Feb 2017 - Feb 2017,"46,718 members",7.88,https://myanimelist.net/anime/34021/Lupin_the_IIIrd__Chikemuri_no_Ishikawa_Goemon
980,Macross F,TV (25 eps),Apr 2008 - Sep 2008,"157,142 members",7.88,https://myanimelist.net/anime/3572/Macross_F
981,Meitantei Conan Movie 02: 14-banme no Target,Movie (1 eps),Apr 1998 - Apr 1998,"71,016 members",7.88,https://myanimelist.net/anime/780/Meitantei_Conan_Movie_02__14-banme_no_Target
982,New Initial D Movie: Legend 3 - Mugen,Movie (1 eps),Feb 2016 - Feb 2016,"32,830 members",7.88,https://myanimelist.net/anime/30952/New_Initial_D_Movie__Legend_3_-_Mugen
983,Osomatsu-san Movie,Movie (1 eps),Mar 2019 - Mar 2019,"17,342 members",7.88,https://myanimelist.net/anime/38201/Osomatsu-san_Movie
984,Promare,Movie (1 eps),May 2019 - May 2019,"307,080 members",7.88,https://myanimelist.net/anime/35848/Promare
985,Quanzhi Gaoshou 2,ONA (12 eps),Sep 2020 - Dec 2020,"131,200 members",7.88,https://myanimelist.net/anime/37932/Quanzhi_Gaoshou_2
986,Sakigake!! Cromartie Koukou,TV (26 eps),Oct 2003 - Mar 2004,"157,071 members",7.88,https://myanimelist.net/anime/114/Sakigake_Cromartie_Koukou
987,School Rumble,TV (26 eps),Oct 2004 - Mar 2005,"347,495 members",7.88,https://myanimelist.net/anime/24/School_Rumble
988,Shijou Saikyou no Deshi Kenichi OVA,OVA (11 eps),Mar 2012 - May 2014,"62,907 members",7.88,https://myanimelist.net/anime/11813/Shijou_Saikyou_no_Deshi_Kenichi_OVA
989,SKET Dance: Imouto no Nayami ni Nayamu Ani ni Nayamu Imouto to Sono Nakama-tachi,OVA (1 eps),Feb 2013 - Feb 2013,"23,830 members",7.88,https://myanimelist.net/anime/16395/SKET_Dance__Imouto_no_Nayami_ni_Nayamu_Ani_ni_Nayamu_Imouto_to_Sono_Nakama-tachi
990,Tennis no Oujisama: Zenkoku Taikai-hen,OVA (13 eps),Mar 2006 - Mar 2007,"49,936 members",7.88,https://myanimelist.net/anime/995/Tennis_no_Oujisama__Zenkoku_Taikai-hen
991,Urusei Yatsura 2: Beautiful Dreamer,Movie (1 eps),Feb 1984 - Feb 1984,"25,051 members",7.88,https://myanimelist.net/anime/1921/Urusei_Yatsura_2__Beautiful_Dreamer
992,Ushio to Tora (TV) 2nd Season,TV (13 eps),Apr 2016 - Jun 2016,"141,716 members",7.88,https://myanimelist.net/anime/31098/Ushio_to_Tora_TV_2nd_Season
993,Yagate Kimi ni Naru,TV (13 eps),Oct 2018 - Dec 2018,"390,125 members",7.88,https://myanimelist.net/anime/37786/Yagate_Kimi_ni_Naru
994,Yuusha-Ou GaoGaiGar,TV (49 eps),Feb 1997 - Jan 1998,"25,681 members",7.88,https://myanimelist.net/anime/890/Yuusha-Ou_GaoGaiGar
995,Zetsuen no Tempest,TV (24 eps),Oct 2012 - Mar 2013,"629,689 members",7.88,https://myanimelist.net/anime/14075/Zetsuen_no_Tempest
996,Berserk: Ougon Jidai-hen II - Doldrey Kouryaku,Movie (1 eps),Jun 2012 - Jun 2012,"235,654 members",7.87,https://myanimelist.net/anime/12113/Berserk__Ougon_Jidai-hen_II_-_Doldrey_Kouryaku
997,Carnival Phantasm,OVA (12 eps),Aug 2011 - Dec 2011,"212,968 members",7.87,https://myanimelist.net/anime/10012/Carnival_Phantasm
998,Death Billiards,Movie (1 eps),Mar 2013 - Mar 2013,"254,273 members",7.87,https://myanimelist.net/anime/14353/Death_Billiards
999,Free! Movie 5: The Final Stroke - Kouhen,Movie (1 eps),Apr 2022 - Apr 2022,"48,941 members",7.87,https://myanimelist.net/anime/48830/Free_Movie_5__The_Final_Stroke_-_Kouhen
1000,Hibike! Euphonium Movie 2: Todoketai Melody,Movie (1 eps),Sep 2017 - Sep 2017,"37,278 members",7.87,https://myanimelist.net/anime/35082/Hibike_Euphonium_Movie_2__Todoketai_Melody
1001,Higurashi no Naku Koro ni,TV (26 eps),Apr 2006 - Sep 2006,"866,659 members",7.87,https://myanimelist.net/anime/934/Higurashi_no_Naku_Koro_ni
1002,Hoozuki no Reitetsu 2nd Season: Sono Ni,TV (13 eps),Apr 2018 - Jul 2018,"32,422 members",7.87,https://myanimelist.net/anime/37029/Hoozuki_no_Reitetsu_2nd_Season__Sono_Ni
1003,Jian Lai,ONA (26 eps),Aug 2024 - Dec 2024,"3,113 members",7.87,https://myanimelist.net/anime/59389/Jian_Lai
1004,Jigoku Shoujo Futakomori,TV (26 eps),Oct 2006 - Apr 2007,"172,854 members",7.87,https://myanimelist.net/anime/1594/Jigoku_Shoujo_Futakomori
1005,JoJo no Kimyou na Bouken (TV),TV (26 eps),Oct 2012 - Apr 2013,"1,893,655 members",7.87,https://myanimelist.net/anime/14719/JoJo_no_Kimyou_na_Bouken_TV
1006,K-On!,TV (13 eps),Apr 2009 - Jun 2009,"1,143,438 members",7.87,https://myanimelist.net/anime/5680/K-On
1007,Kidou Senshi Gundam: Suisei no Majo - Prologue,Special (1 eps),Jul 2022 - Jul 2022,"56,964 members",7.87,https://myanimelist.net/anime/52168/Kidou_Senshi_Gundam__Suisei_no_Majo_-_Prologue
1008,Kimi no Koto ga Daidaidaidaidaisuki na 100-nin no Kanojo 2nd Season,TV (12 eps),Jan 2025 - Mar 2025,"192,034 members",7.87,https://myanimelist.net/anime/57616/Kimi_no_Koto_ga_Daidaidaidaidaisuki_na_100-nin_no_Kanojo_2nd_Season
1009,Koukaku Kidoutai (TV),TV (10 eps),Jul 2026 - Sep 2026,"94,477 members",7.87,https://myanimelist.net/anime/58929/Koukaku_Kidoutai_TV
1010,Liang Bu Yi 2nd Season,ONA (24 eps),Oct 2022 - Apr 2023,"7,363 members",7.87,https://myanimelist.net/anime/50403/Liang_Bu_Yi_2nd_Season
1011,Magic Kaito 1412,TV (24 eps),Oct 2014 - Mar 2015,"136,872 members",7.87,https://myanimelist.net/anime/25517/Magic_Kaito_1412
1012,Mahou Shoujo Lyrical Nanoha: The Movie 1st,Movie (1 eps),Jan 2010 - Jan 2010,"34,655 members",7.87,https://myanimelist.net/anime/4985/Mahou_Shoujo_Lyrical_Nanoha__The_Movie_1st
1013,Megalo Box,TV (13 eps),Apr 2018 - Jun 2018,"551,661 members",7.87,https://myanimelist.net/anime/36563/Megalo_Box
1014,Meitantei Conan Movie 01: Tokei Jikake no Matenrou,Movie (1 eps),Apr 1997 - Apr 1997,"80,115 members",7.87,https://myanimelist.net/anime/779/Meitantei_Conan_Movie_01__Tokei_Jikake_no_Matenrou
1015,Meitantei Conan Movie 23: Konjou no Fist,Movie (1 eps),Apr 2019 - Apr 2019,"35,006 members",7.87,https://myanimelist.net/anime/38770/Meitantei_Conan_Movie_23__Konjou_no_Fist
1016,New Panty & Stocking with Garterbelt,TV (13 eps),Jul 2025 - Sep 2025,"91,813 members",7.87,https://myanimelist.net/anime/52293/New_Panty___Stocking_with_Garterbelt
1017,Ookiku Furikabutte,TV (25 eps),Apr 2007 - Sep 2007,"107,188 members",7.87,https://myanimelist.net/anime/2159/Ookiku_Furikabutte
1018,Tennis no Oujisama: Zenkoku Taikai-hen - Semifinal,OVA (6 eps),Jun 2007 - Jan 2008,"40,820 members",7.87,https://myanimelist.net/anime/2752/Tennis_no_Oujisama__Zenkoku_Taikai-hen_-_Semifinal
1019,Terra e... (TV),TV (24 eps),Apr 2007 - Sep 2007,"67,339 members",7.87,https://myanimelist.net/anime/2158/Terra_e_TV
1020,Yuanshen: Weixing Zhi Lu,ONA (1 eps),May 2024 - May 2024,"4,572 members",7.87,https://myanimelist.net/anime/58930/Yuanshen__Weixing_Zhi_Lu
1021,Yuzuki-san Chi no Yonkyoudai.,TV (12 eps),Oct 2023 - Dec 2023,"76,070 members",7.87,https://myanimelist.net/anime/55153/Yuzuki-san_Chi_no_Yonkyoudai
1022,Anne Shirley,TV (24 eps),Apr 2025 - Sep 2025,"56,790 members",7.86,https://myanimelist.net/anime/60334/Anne_Shirley
1023,Boku no Hero Academia 4th Season,TV (25 eps),Oct 2019 - Apr 2020,"1,936,409 members",7.86,https://myanimelist.net/anime/38408/Boku_no_Hero_Academia_4th_Season
1024,Capeta,TV (52 eps),Oct 2005 - Sep 2006,"42,555 members",7.86,https://myanimelist.net/anime/388/Capeta
1025,ef: A Tale of Memories.,TV (12 eps),Oct 2007 - Dec 2007,"271,677 members",7.86,https://myanimelist.net/anime/2924/ef__A_Tale_of_Memories
1026,K-On!!: Keikaku!,Special (1 eps),Mar 2011 - Mar 2011,"137,503 members",7.86,https://myanimelist.net/anime/9734/K-On__Keikaku
1027,Kami nomi zo Shiru Sekai II,TV (12 eps),Apr 2011 - Jun 2011,"411,974 members",7.86,https://myanimelist.net/anime/10080/Kami_nomi_zo_Shiru_Sekai_II
1028,Kingdom,TV (38 eps),Jun 2012 - Feb 2013,"267,272 members",7.86,https://myanimelist.net/anime/12031/Kingdom
1029,Kuroshitsuji: Kishuku Gakkou-hen,TV (11 eps),Apr 2024 - Jun 2024,"114,593 members",7.86,https://myanimelist.net/anime/55855/Kuroshitsuji__Kishuku_Gakkou-hen
1030,Machikado Mazoku: 2-choume,TV (12 eps),Apr 2022 - Jul 2022,"78,320 members",7.86,https://myanimelist.net/anime/42745/Machikado_Mazoku__2-choume
1031,Meitantei Conan Movie 22: Zero no Shikkounin,Movie (1 eps),Apr 2018 - Apr 2018,"36,400 members",7.86,https://myanimelist.net/anime/35798/Meitantei_Conan_Movie_22__Zero_no_Shikkounin
1032,Musekinin Kanchou Tylor,TV (26 eps),Jan 1993 - Jul 1993,"55,750 members",7.86,https://myanimelist.net/anime/569/Musekinin_Kanchou_Tylor
1033,Non Non Biyori Repeat: Hotaru ga Tanoshinda,OVA (1 eps),Sep 2016 - Sep 2016,"54,345 members",7.86,https://myanimelist.net/anime/32547/Non_Non_Biyori_Repeat__Hotaru_ga_Tanoshinda
1034,One Piece Film: Gold,Movie (1 eps),Jul 2016 - Jul 2016,"255,406 members",7.86,https://myanimelist.net/anime/31490/One_Piece_Film__Gold
1035,Ookami to Koushinryou II: Ookami to Kohakuiro no Yuuutsu,OVA (1 eps),Apr 2009 - Apr 2009,"183,460 members",7.86,https://myanimelist.net/anime/6007/Ookami_to_Koushinryou_II__Ookami_to_Kohakuiro_no_Yuuutsu
1036,Saiunkoku Monogatari,TV (39 eps),Apr 2006 - Feb 2007,"106,114 members",7.86,https://myanimelist.net/anime/957/Saiunkoku_Monogatari
1037,Sonny Boy,TV (12 eps),Jul 2021 - Oct 2021,"393,616 members",7.86,https://myanimelist.net/anime/48849/Sonny_Boy
1038,Soul Eater,TV (51 eps),Apr 2008 - Mar 2009,"1,795,306 members",7.86,https://myanimelist.net/anime/3588/Soul_Eater
1039,Tsue to Tsurugi no Wistoria,TV (12 eps),Jul 2024 - Sep 2024,"422,227 members",7.86,https://myanimelist.net/anime/58059/Tsue_to_Tsurugi_no_Wistoria
1040,Wanmei Shijie,ONA (338 eps),Apr 2021 -,"14,775 members",7.86,https://myanimelist.net/anime/47405/Wanmei_Shijie
1041,Yume-iro Pâtissière,TV (50 eps),Oct 2009 - Sep 2010,"92,517 members",7.86,https://myanimelist.net/anime/6586/Yume-iro_Pâtissière
1042,Zan Sayonara Zetsubou Sensei,TV (13 eps),Jul 2009 - Sep 2009,"114,683 members",7.86,https://myanimelist.net/anime/6377/Zan_Sayonara_Zetsubou_Sensei
1043,Akachan to Boku,TV (35 eps),Jul 1996 - Mar 1997,"38,058 members",7.85,https://myanimelist.net/anime/1485/Akachan_to_Boku
1044,Bishoujo Senshi Sailor Moon Cosmos Movie,Movie (2 eps),Jun 2023 - Jun 2023,"29,200 members",7.85,https://myanimelist.net/anime/51716/Bishoujo_Senshi_Sailor_Moon_Cosmos_Movie
1045,Cool Doji Danshi,TV (24 eps),Oct 2022 - Mar 2023,"116,181 members",7.85,https://myanimelist.net/anime/51680/Cool_Doji_Danshi
1046,Hidamari Sketch x 365,TV (13 eps),Jul 2008 - Sep 2008,"47,380 members",7.85,https://myanimelist.net/anime/3604/Hidamari_Sketch_x_365
1047,High☆Speed! Movie: Free! Starting Days,Movie (1 eps),Dec 2015 - Dec 2015,"100,735 members",7.85,https://myanimelist.net/anime/30415/High☆Speed_Movie__Free_Starting_Days
1048,K-On!: Live House!,Special (1 eps),Jan 2010 - Jan 2010,"174,747 members",7.85,https://myanimelist.net/anime/6862/K-On__Live_House
1049,Kaleido Star: Legend of Phoenix - Layla Hamilton Monogatari,OVA (1 eps),Dec 2005 - Dec 2005,"15,666 members",7.85,https://myanimelist.net/anime/429/Kaleido_Star__Legend_of_Phoenix_-_Layla_Hamilton_Monogatari
1050,Kotonoha no Niwa,Movie (1 eps),May 2013 - May 2013,"942,473 members",7.85,https://myanimelist.net/anime/16782/Kotonoha_no_Niwa
1051,Lupin III vs. Meitantei Conan: The Movie,Movie (1 eps),Dec 2013 - Dec 2013,"37,244 members",7.85,https://myanimelist.net/anime/18429/Lupin_III_vs_Meitantei_Conan__The_Movie
1052,Otonari no Tenshi-sama ni Itsunomanika Dame Ningen ni Sareteita Ken,TV (12 eps),Jan 2023 - Mar 2023,"471,104 members",7.85,https://myanimelist.net/anime/50739/Otonari_no_Tenshi-sama_ni_Itsunomanika_Dame_Ningen_ni_Sareteita_Ken
1053,Quanzhi Gaoshou,ONA (12 eps),Apr 2017 - Jun 2017,"397,084 members",7.85,https://myanimelist.net/anime/33926/Quanzhi_Gaoshou
1054,Shingeki no Kyojin: Chronicle,Movie (1 eps),Jul 2020 - Jul 2020,"100,925 members",7.85,https://myanimelist.net/anime/42091/Shingeki_no_Kyojin__Chronicle
1055,Tennis no Oujisama,TV (178 eps),Oct 2001 - Mar 2005,"199,258 members",7.85,https://myanimelist.net/anime/22/Tennis_no_Oujisama
1056,Top wo Nerae! Gunbuster,OVA (6 eps),Oct 1988 - Jul 1989,"147,053 members",7.85,https://myanimelist.net/anime/949/Top_wo_Nerae_Gunbuster
1057,Urusei Yatsura (2022) 2nd Season,TV (23 eps),Jan 2024 - Jun 2024,"59,383 members",7.85,https://myanimelist.net/anime/54829/Urusei_Yatsura_2022_2nd_Season
1058,Wu Dong Qian Kun 3rd Season,ONA (12 eps),May 2022 - Jul 2022,"5,723 members",7.85,https://myanimelist.net/anime/49570/Wu_Dong_Qian_Kun_3rd_Season
1059,Wu Dong Qian Kun 4th Season,ONA (12 eps),Nov 2023 - Dec 2023,"3,248 members",7.85,https://myanimelist.net/anime/57183/Wu_Dong_Qian_Kun_4th_Season
1060,Wu Shan Wu Xing (2020),ONA (3 eps),Jul 2020 - Aug 2020,"74,570 members",7.85,https://myanimelist.net/anime/37936/Wu_Shan_Wu_Xing_2020
1061,Yuru Yuri Nachuyachumi!,OVA (1 eps),Feb 2015 - Feb 2015,"79,680 members",7.85,https://myanimelist.net/anime/23225/Yuru_Yuri_Nachuyachumi
1062,Beelzebub,TV (60 eps),Jan 2011 - Mar 2012,"636,692 members",7.84,https://myanimelist.net/anime/9513/Beelzebub
1063,Carole & Tuesday,TV (24 eps),Apr 2019 - Oct 2019,"355,042 members",7.84,https://myanimelist.net/anime/37435/Carole___Tuesday
1064,Dark Gathering,TV (25 eps),Jul 2023 - Dec 2023,"193,270 members",7.84,https://myanimelist.net/anime/52505/Dark_Gathering
1065,Dragon Ball Z Special 2: Zetsubou e no Hankou!! Nokosareta Chousenshi - Gohan to Trunks,TV Special (1 eps),Feb 1993 - Feb 1993,"136,774 members",7.84,https://myanimelist.net/anime/985/Dragon_Ball_Z_Special_2__Zetsubou_e_no_Hankou_Nokosareta_Chousenshi_-_Gohan_to_Trunks
1066,Ginga Eiyuu Densetsu: Waga Yuku wa Hoshi no Taikai,Movie (1 eps),Feb 1988 - Feb 1988,"46,405 members",7.84,https://myanimelist.net/anime/3014/Ginga_Eiyuu_Densetsu__Waga_Yuku_wa_Hoshi_no_Taikai
1067,Haikyuu!! Riku vs. Kuu,OVA (2 eps),Jan 2020 - Jan 2020,"353,393 members",7.84,https://myanimelist.net/anime/40262/Haikyuu_Riku_vs_Kuu
1068,Hanasaku Iroha Movie: Home Sweet Home,Movie (1 eps),Mar 2013 - Mar 2013,"98,941 members",7.84,https://myanimelist.net/anime/14175/Hanasaku_Iroha_Movie__Home_Sweet_Home
1069,Kidou Senshi Gundam: Suisei no Majo,TV (12 eps),Oct 2022 - Jan 2023,"190,812 members",7.84,https://myanimelist.net/anime/49828/Kidou_Senshi_Gundam__Suisei_no_Majo
1070,Kuroko no Basket Movie 3: Winter Cup - Tobira no Mukou,Movie (1 eps),Dec 2016 - Dec 2016,"62,628 members",7.84,https://myanimelist.net/anime/32871/Kuroko_no_Basket_Movie_3__Winter_Cup_-_Tobira_no_Mukou
1071,Madogiwa no Totto-chan,Movie (1 eps),Dec 2023 - Dec 2023,"5,939 members",7.84,https://myanimelist.net/anime/54764/Madogiwa_no_Totto-chan
1072,Mairimashita! Iruma-kun 3rd Season,TV (21 eps),Oct 2022 - Mar 2023,"257,995 members",7.84,https://myanimelist.net/anime/49784/Mairimashita_Iruma-kun_3rd_Season
1073,Natsume Yuujinchou Shichi: Nobashita Te wa,Special (1 eps),Apr 2025 - Apr 2025,"12,966 members",7.84,https://myanimelist.net/anime/60302/Natsume_Yuujinchou_Shichi__Nobashita_Te_wa
1074,Noragami Aragoto OVA,OVA (2 eps),Nov 2015 - Mar 2016,"274,295 members",7.84,https://myanimelist.net/anime/30885/Noragami_Aragoto_OVA
1075,One Piece: Episode of East Blue - Luffy to 4-nin no Nakama no Daibouken,TV Special (1 eps),Aug 2017 - Aug 2017,"48,626 members",7.84,https://myanimelist.net/anime/36215/One_Piece__Episode_of_East_Blue_-_Luffy_to_4-nin_no_Nakama_no_Daibouken
1076,Owarimonogatari 2nd Season Recaps,TV Special (2 eps),Aug 2017 - Aug 2017,"28,853 members",7.84,https://myanimelist.net/anime/36796/Owarimonogatari_2nd_Season_Recaps
1077,Sayonara Zetsubou Sensei,TV (12 eps),Jul 2007 - Sep 2007,"369,759 members",7.84,https://myanimelist.net/anime/2605/Sayonara_Zetsubou_Sensei
1078,Seitokai Yakuindomo* OVA,OVA (10 eps),May 2014 - Sep 2020,"86,548 members",7.84,https://myanimelist.net/anime/26123/Seitokai_Yakuindomo_OVA
1079,Sekaiichi Hatsukoi OVA,OVA (2 eps),Mar 2011 - Sep 2011,"74,948 members",7.84,https://myanimelist.net/anime/8063/Sekaiichi_Hatsukoi_OVA
1080,Star☆Twinkle Precure: Hoshi no Uta ni Omoi wo Komete,Movie (1 eps),Oct 2019 - Oct 2019,"5,238 members",7.84,https://myanimelist.net/anime/38850/Star☆Twinkle_Precure__Hoshi_no_Uta_ni_Omoi_wo_Komete
1081,Tonikaku Kawaii,TV (12 eps),Oct 2020 - Dec 2020,"854,716 members",7.84,https://myanimelist.net/anime/41389/Tonikaku_Kawaii
1082,Tsuki ga Michibiku Isekai Douchuu 2nd Season,TV (25 eps),Jan 2024 - Jun 2024,"346,219 members",7.84,https://myanimelist.net/anime/49889/Tsuki_ga_Michibiku_Isekai_Douchuu_2nd_Season
1083,Turn A Gundam,TV (50 eps),Apr 1999 - Apr 2000,"56,777 members",7.84,https://myanimelist.net/anime/95/Turn_A_Gundam
1084,Undead Girl Murder Farce,TV (13 eps),Jul 2023 - Sep 2023,"189,178 members",7.84,https://myanimelist.net/anime/54790/Undead_Girl_Murder_Farce
1085,Yuuki Yuuna wa Yuusha de Aru: Washio Sumi no Shou 2 - Tamashii,Movie (1 eps),Apr 2017 - Apr 2017,"15,889 members",7.84,https://myanimelist.net/anime/34375/Yuuki_Yuuna_wa_Yuusha_de_Aru__Washio_Sumi_no_Shou_2_-_Tamashii
1086,Ano Hi Mita Hana no Namae wo Bokutachi wa Mada Shiranai. Movie,Movie (1 eps),Aug 2013 - Aug 2013,"316,703 members",7.83,https://myanimelist.net/anime/15039/Ano_Hi_Mita_Hana_no_Namae_wo_Bokutachi_wa_Mada_Shiranai_Movie
1087,Arknights: Rise from Ember,TV (10 eps),Jul 2025 - Sep 2025,"38,983 members",7.83,https://myanimelist.net/anime/58749/Arknights__Rise_from_Ember
1088,Durarara!! Specials,Special (2 eps),Aug 2010 - Feb 2011,"174,879 members",7.83,https://myanimelist.net/anime/8408/Durarara_Specials
1089,Giant Robo the Animation: Chikyuu ga Seishi Suru Hi,OVA (7 eps),Jul 1992 - Jan 1998,"31,567 members",7.83,https://myanimelist.net/anime/2321/Giant_Robo_the_Animation__Chikyuu_ga_Seishi_Suru_Hi
1090,Hoozuki no Reitetsu OVA,OVA (4 eps),Feb 2015 - Mar 2017,"19,456 members",7.83,https://myanimelist.net/anime/24471/Hoozuki_no_Reitetsu_OVA
1091,Magi: Sinbad no Bouken (TV),TV (13 eps),Apr 2016 - Jul 2016,"523,092 members",7.83,https://myanimelist.net/anime/31741/Magi__Sinbad_no_Bouken_TV
1092,Michiko to Hatchin,TV (22 eps),Oct 2008 - Mar 2009,"226,087 members",7.83,https://myanimelist.net/anime/4087/Michiko_to_Hatchin
1093,Neko to Ryuu,TV (12 eps),Jul 2026 - Sep 2026,"43,092 members",7.83,https://myanimelist.net/anime/61048/Neko_to_Ryuu
1094,New Initial D Movie: Legend 2 - Tousou,Movie (1 eps),May 2015 - May 2015,"48,773 members",7.83,https://myanimelist.net/anime/28881/New_Initial_D_Movie__Legend_2_-_Tousou
1095,One Piece 3D2Y: Ace no Shi wo Koete! Luffy Nakama to no Chikai,TV Special (1 eps),Aug 2014 - Aug 2014,"103,964 members",7.83,https://myanimelist.net/anime/25161/One_Piece_3D2Y__Ace_no_Shi_wo_Koete_Luffy_Nakama_to_no_Chikai
1096,Oomuro-ke: Dear Sisters,Movie (1 eps),Feb 2024 - Feb 2024,"19,652 members",7.83,https://myanimelist.net/anime/56175/Oomuro-ke__Dear_Sisters
1097,Pokemon XY&Z,TV (47 eps),Oct 2015 - Oct 2016,"168,871 members",7.83,https://myanimelist.net/anime/31592/Pokemon_XY_Z
1098,Seihou Bukyou Outlaw Star,TV (24 eps),Jan 1998 - Jun 1998,"173,069 members",7.83,https://myanimelist.net/anime/400/Seihou_Bukyou_Outlaw_Star
1099,Sekaiichi Hatsukoi Movie: Yokozawa Takafumi no Baai,Movie (1 eps),Mar 2014 - Mar 2014,"72,894 members",7.83,https://myanimelist.net/anime/20371/Sekaiichi_Hatsukoi_Movie__Yokozawa_Takafumi_no_Baai
1100,Shingeki no Kyojin: Lost Girls,OVA (3 eps),Dec 2017 - Aug 2018,"342,336 members",7.83,https://myanimelist.net/anime/36106/Shingeki_no_Kyojin__Lost_Girls
1101,SK∞ OVA: Extra Part,OVA (1 eps),Mar 2025 - Mar 2025,"51,810 members",7.83,https://myanimelist.net/anime/49363/SK∞_OVA__Extra_Part
1102,Tamayura: Sotsugyou Shashin Part 2 - Hibiki,Movie (1 eps),Aug 2015 - Aug 2015,"12,517 members",7.83,https://myanimelist.net/anime/29829/Tamayura__Sotsugyou_Shashin_Part_2_-_Hibiki
1103,Tiger & Bunny,TV (25 eps),Apr 2011 - Sep 2011,"239,792 members",7.83,https://myanimelist.net/anime/9941/Tiger___Bunny
1104,Tteotda Keunyeo!!,ONA (5 eps),Apr 2003 - Dec 2008,"25,707 members",7.83,https://myanimelist.net/anime/6505/Tteotda_Keunyeo
1105,Uma Musume: Pretty Derby - Road to the Top,ONA (4 eps),Apr 2023 - May 2023,"49,517 members",7.83,https://myanimelist.net/anime/51761/Uma_Musume__Pretty_Derby_-_Road_to_the_Top
1106,Wan Sheng Jie 4,ONA (12 eps),Jul 2023 - Jul 2023,"19,383 members",7.83,https://myanimelist.net/anime/53859/Wan_Sheng_Jie_4
1107,Yomi no Tsugai,TV (24 eps),Apr 2026 - Sep 2026,"240,830 members",7.83,https://myanimelist.net/anime/62001/Yomi_no_Tsugai
1108,Youkoso Jitsuryoku Shijou Shugi no Kyoushitsu e 4th Season: 2-nensei-hen 1 Gakki,TV (16 eps),Apr 2026 - Jun 2026,"259,779 members",7.83,https://myanimelist.net/anime/59708/Youkoso_Jitsuryoku_Shijou_Shugi_no_Kyoushitsu_e_4th_Season__2-nensei-hen_1_Gakki
1109,5-toubun no Hanayome Movie,Movie (1 eps),May 2022 - May 2022,"335,487 members",7.82,https://myanimelist.net/anime/48548/5-toubun_no_Hanayome_Movie
1110,91 Days,TV (12 eps),Jul 2016 - Oct 2016,"803,391 members",7.82,https://myanimelist.net/anime/32998/91_Days
1111,Aishang Ta de Liyou,ONA (22 eps),Apr 2023 - Jun 2023,"57,544 members",7.82,https://myanimelist.net/anime/54846/Aishang_Ta_de_Liyou
1112,Aoki Hagane no Arpeggio: Ars Nova Movie 2 - Cadenza,Movie (1 eps),Oct 2015 - Oct 2015,"45,454 members",7.82,https://myanimelist.net/anime/24921/Aoki_Hagane_no_Arpeggio__Ars_Nova_Movie_2_-_Cadenza
1113,BanG Dream! It's MyGO!!!!! Movie,Movie (2 eps),Sep 2024 - Nov 2024,"3,488 members",7.82,https://myanimelist.net/anime/57754/BanG_Dream_Its_MyGO_Movie
1114,Boku no Hero Academia,TV (13 eps),Apr 2016 - Jun 2016,"3,350,100 members",7.82,https://myanimelist.net/anime/31964/Boku_no_Hero_Academia
1115,Break Blade Movie 4: Sanka no Chi,Movie (1 eps),Oct 2010 - Oct 2010,"71,565 members",7.82,https://myanimelist.net/anime/9465/Break_Blade_Movie_4__Sanka_no_Chi
1116,City Hunter 3,TV (13 eps),Oct 1989 - Jan 1990,"37,387 members",7.82,https://myanimelist.net/anime/1472/City_Hunter_3
1117,Crayon Shin-chan,TV (? eps),Apr 1992 -,"95,493 members",7.82,https://myanimelist.net/anime/966/Crayon_Shin-chan
1118,Danshi Koukousei no Nichijou Specials,Special (6 eps),Apr 2012 - Sep 2012,"159,840 members",7.82,https://myanimelist.net/anime/12893/Danshi_Koukousei_no_Nichijou_Specials
1119,Digimon Adventure: Bokura no War Game!,Movie (1 eps),Mar 2000 - Mar 2000,"99,138 members",7.82,https://myanimelist.net/anime/2397/Digimon_Adventure__Bokura_no_War_Game
1120,Enen no Shouboutai: Ni no Shou,TV (24 eps),Jul 2020 - Dec 2020,"936,933 members",7.82,https://myanimelist.net/anime/40956/Enen_no_Shouboutai__Ni_no_Shou
1121,Flanders no Inu (Movie),Movie (1 eps),Mar 1997 - Mar 1997,"36,521 members",7.82,https://myanimelist.net/anime/2623/Flanders_no_Inu_Movie
1122,Giji Harem,TV (12 eps),Jul 2024 - Sep 2024,"241,605 members",7.82,https://myanimelist.net/anime/54968/Giji_Harem
1123,Gnosia,TV (21 eps),Oct 2025 - Mar 2026,"59,896 members",7.82,https://myanimelist.net/anime/60427/Gnosia
1124,Gungrave,TV (26 eps),Oct 2003 - Mar 2004,"221,604 members",7.82,https://myanimelist.net/anime/267/Gungrave
1125,Heike Monogatari,TV (11 eps),Jan 2022 - Mar 2022,"95,646 members",7.82,https://myanimelist.net/anime/49738/Heike_Monogatari
1126,Hidamari Sketch x ☆☆☆ Specials,TV Special (2 eps),Oct 2010 - Oct 2010,"28,712 members",7.82,https://myanimelist.net/anime/9563/Hidamari_Sketch_x_☆☆☆_Specials
1127,Igano Kabamaru,TV (24 eps),Oct 1983 - Mar 1984,"12,918 members",7.82,https://myanimelist.net/anime/2762/Igano_Kabamaru
1128,Jibaku Shounen Hanako-kun,TV (12 eps),Jan 2020 - Mar 2020,"698,776 members",7.82,https://myanimelist.net/anime/39534/Jibaku_Shounen_Hanako-kun
1129,Jungle wa Itsumo Hare nochi Guu,TV (26 eps),Apr 2001 - Sep 2001,"52,303 members",7.82,https://myanimelist.net/anime/253/Jungle_wa_Itsumo_Hare_nochi_Guu
1130,Kidou Senshi Gundam: Senkou no Hathaway,Movie (1 eps),Jun 2021 - Jun 2021,"65,735 members",7.82,https://myanimelist.net/anime/37765/Kidou_Senshi_Gundam__Senkou_no_Hathaway
1131,Kochira Katsushikaku Kameari Kouenmae Hashutsujo,TV (373 eps),Jun 1996 - Dec 2004,"22,219 members",7.82,https://myanimelist.net/anime/3545/Kochira_Katsushikaku_Kameari_Kouenmae_Hashutsujo
1132,Kono Subarashii Sekai ni Shukufuku wo!: Kono Subarashii Choker ni Shukufuku wo!,OVA (1 eps),Jun 2016 - Jun 2016,"450,184 members",7.82,https://myanimelist.net/anime/32380/Kono_Subarashii_Sekai_ni_Shukufuku_wo__Kono_Subarashii_Choker_ni_Shukufuku_wo
1133,Ling Long: Incarnation Part 2,ONA (6 eps),Jul 2020 - Oct 2020,"3,931 members",7.82,https://myanimelist.net/anime/42290/Ling_Long__Incarnation_Part_2
1134,One Piece Film: Red,Movie (1 eps),Aug 2022 - Aug 2022,"233,860 members",7.82,https://myanimelist.net/anime/50410/One_Piece_Film__Red
1135,Planetarian: Hoshi no Hito,Movie (1 eps),Sep 2016 - Sep 2016,"54,755 members",7.82,https://myanimelist.net/anime/33190/Planetarian__Hoshi_no_Hito
1136,Seitokai Yakuindomo Movie,Movie (1 eps),Jul 2017 - Jul 2017,"66,954 members",7.82,https://myanimelist.net/anime/34504/Seitokai_Yakuindomo_Movie
1137,Suzumiya Haruhi no Yuuutsu,TV (14 eps),Apr 2006 - Jul 2006,"991,707 members",7.82,https://myanimelist.net/anime/849/Suzumiya_Haruhi_no_Yuuutsu
1138,Tentai Senshi Sunred 2nd Season,TV (26 eps),Oct 2009 - Mar 2010,"8,858 members",7.82,https://myanimelist.net/anime/6582/Tentai_Senshi_Sunred_2nd_Season
1139,Uchouten Kazoku,TV (13 eps),Jul 2013 - Sep 2013,"191,309 members",7.82,https://myanimelist.net/anime/17909/Uchouten_Kazoku
1140,Youkoso Jitsuryoku Shijou Shugi no Kyoushitsu e,TV (12 eps),Jul 2017 - Sep 2017,"1,498,268 members",7.82,https://myanimelist.net/anime/35507/Youkoso_Jitsuryoku_Shijou_Shugi_no_Kyoushitsu_e
1141,Gekkan Shoujo Nozaki-kun,TV (12 eps),Jul 2014 - Sep 2014,"1,005,473 members",7.81,https://myanimelist.net/anime/23289/Gekkan_Shoujo_Nozaki-kun
1142,Ginga Eiyuu Densetsu: Die Neue These - Kaikou,TV (12 eps),Apr 2018 - Jun 2018,"107,808 members",7.81,https://myanimelist.net/anime/31433/Ginga_Eiyuu_Densetsu__Die_Neue_These_-_Kaikou
1143,Grisaia no Meikyuu: Caprice no Mayu 0,TV Special (1 eps),Apr 2015 - Apr 2015,"260,549 members",7.81,https://myanimelist.net/anime/29093/Grisaia_no_Meikyuu__Caprice_no_Mayu_0
1144,Id:Invaded,TV (13 eps),Jan 2020 - Mar 2020,"433,738 members",7.81,https://myanimelist.net/anime/40046/Id_Invaded
1145,Jungle wa Itsumo Hare nochi Guu Deluxe,OVA (6 eps),Aug 2002 - Jan 2003,"14,289 members",7.81,https://myanimelist.net/anime/254/Jungle_wa_Itsumo_Hare_nochi_Guu_Deluxe
1146,Kara no Kyoukai Movie 4: Garan no Dou,Movie (1 eps),May 2008 - May 2008,"242,173 members",7.81,https://myanimelist.net/anime/4280/Kara_no_Kyoukai_Movie_4__Garan_no_Dou
1147,Kengan Ashura Season 2 Part 2,ONA (16 eps),Aug 2024 - Aug 2024,"32,973 members",7.81,https://myanimelist.net/anime/56704/Kengan_Ashura_Season_2_Part_2
1148,Little Witch Academia (TV),TV (25 eps),Jan 2017 - Jun 2017,"719,660 members",7.81,https://myanimelist.net/anime/33489/Little_Witch_Academia_TV
1149,Lupin the IIIrd: Jigen Daisuke no Bohyou,Movie (1 eps),Jun 2014 - Jun 2014,"33,684 members",7.81,https://myanimelist.net/anime/23293/Lupin_the_IIIrd__Jigen_Daisuke_no_Bohyou
1150,Maria-sama ga Miteru 3rd,OVA (5 eps),Dec 2006 - Jul 2007,"25,508 members",7.81,https://myanimelist.net/anime/1729/Maria-sama_ga_Miteru_3rd
1151,Mind Game,Movie (1 eps),Aug 2004 - Aug 2004,"98,579 members",7.81,https://myanimelist.net/anime/875/Mind_Game
1152,New Initial D Movie: Legend 1 - Kakusei,Movie (1 eps),Aug 2014 - Aug 2014,"44,911 members",7.81,https://myanimelist.net/anime/19613/New_Initial_D_Movie__Legend_1_-_Kakusei
1153,Nitian Xie Shen,ONA (30 eps),Sep 2023 - Mar 2024,"2,870 members",7.81,https://myanimelist.net/anime/55745/Nitian_Xie_Shen
1154,Shadows House,TV (13 eps),Apr 2021 - Jul 2021,"287,898 members",7.81,https://myanimelist.net/anime/43439/Shadows_House
1155,Shanhe Jian Xin,ONA (16 eps),Feb 2021 - Mar 2021,"24,045 members",7.81,https://myanimelist.net/anime/44196/Shanhe_Jian_Xin
1156,Slayers Try,TV (26 eps),Apr 1997 - Sep 1997,"59,849 members",7.81,https://myanimelist.net/anime/1172/Slayers_Try
1157,Somali to Mori no Kamisama,TV (12 eps),Jan 2020 - Mar 2020,"322,296 members",7.81,https://myanimelist.net/anime/39575/Somali_to_Mori_no_Kamisama
1158,Tasogare Otome x Amnesia,TV (12 eps),Apr 2012 - Jun 2012,"455,179 members",7.81,https://myanimelist.net/anime/12445/Tasogare_Otome_x_Amnesia
1159,Tokyo Revengers: Tenjiku-hen,TV (13 eps),Oct 2023 - Dec 2023,"282,800 members",7.81,https://myanimelist.net/anime/54918/Tokyo_Revengers__Tenjiku-hen
1160,Working'!!,TV (13 eps),Oct 2011 - Dec 2011,"290,607 members",7.81,https://myanimelist.net/anime/10521/Working
1161,Xian Ni Movie: Shenlin Zhi Zhan,ONA (1 eps),May 2025 - May 2025,"1,889 members",7.81,https://myanimelist.net/anime/60279/Xian_Ni_Movie__Shenlin_Zhi_Zhan
1162,Yuru Yuri♪♪,TV (12 eps),Jul 2012 - Sep 2012,"211,417 members",7.81,https://myanimelist.net/anime/12403/Yuru_Yuri♪♪
1163,Yuukoku no Moriarty OVA,OVA (2 eps),Apr 2022 - Apr 2022,"50,459 members",7.81,https://myanimelist.net/anime/49733/Yuukoku_no_Moriarty_OVA
1164,Break Blade Movie 5: Shisen no Hate,Movie (1 eps),Jan 2011 - Jan 2011,"57,498 members",7.80,https://myanimelist.net/anime/9724/Break_Blade_Movie_5__Shisen_no_Hate
1165,Bungou Stray Dogs,TV (12 eps),Apr 2016 - Jun 2016,"1,574,006 members",7.80,https://myanimelist.net/anime/31478/Bungou_Stray_Dogs
1166,Dance Dance Danseur,TV (11 eps),Apr 2022 - Jun 2022,"106,521 members",7.80,https://myanimelist.net/anime/48702/Dance_Dance_Danseur
1167,Eikoku Koi Monogatari Emma: Molders-hen,TV (12 eps),Apr 2007 - Jul 2007,"42,999 members",7.80,https://myanimelist.net/anime/2035/Eikoku_Koi_Monogatari_Emma__Molders-hen
1168,Gochuumon wa Usagi desu ka?? Dear My Sister,Movie (1 eps),Nov 2017 - Nov 2017,"46,458 members",7.80,https://myanimelist.net/anime/33280/Gochuumon_wa_Usagi_desu_ka_Dear_My_Sister
1169,Goku Sayonara Zetsubou Sensei,OVA (3 eps),Oct 2008 - Feb 2009,"79,932 members",7.80,https://myanimelist.net/anime/4872/Goku_Sayonara_Zetsubou_Sensei
1170,Haikyuu!! (OVA),OVA (10 eps),Mar 2020 - Mar 2020,"36,786 members",7.80,https://myanimelist.net/anime/40372/Haikyuu_OVA
1171,InuYasha Movie 3: Tenka Hadou no Ken,Movie (1 eps),Dec 2003 - Dec 2003,"120,365 members",7.80,https://myanimelist.net/anime/451/InuYasha_Movie_3__Tenka_Hadou_no_Ken
1172,Kidou Senshi Gundam: Senkou no Hathaway - Circe no Majo,Movie (1 eps),Jan 2026 - Jan 2026,"18,264 members",7.80,https://myanimelist.net/anime/38716/Kidou_Senshi_Gundam__Senkou_no_Hathaway_-_Circe_no_Majo
1173,Lucky☆Star: Original na Visual to Animation,OVA (1 eps),Sep 2008 - Sep 2008,"153,764 members",7.80,https://myanimelist.net/anime/4472/Lucky☆Star__Original_na_Visual_to_Animation
1174,Lupin III: Part II,TV (155 eps),Oct 1977 - Oct 1980,"39,780 members",7.80,https://myanimelist.net/anime/1425/Lupin_III__Part_II
1175,Lupin III: The First,Movie (1 eps),Dec 2019 - Dec 2019,"48,823 members",7.80,https://myanimelist.net/anime/40082/Lupin_III__The_First
1176,Magi: Sinbad no Bouken,OVA (5 eps),May 2014 - Jul 2015,"148,751 members",7.80,https://myanimelist.net/anime/22097/Magi__Sinbad_no_Bouken
1177,Mahoujin Guruguru (2017),TV (24 eps),Jul 2017 - Dec 2017,"35,339 members",7.80,https://myanimelist.net/anime/34745/Mahoujin_Guruguru_2017
1178,Meitantei Conan Movie 08: Ginyoku no Time Travel Recap,TV Special (1 eps),Apr 2004 - Apr 2004,"23,127 members",7.80,https://myanimelist.net/anime/7304/Meitantei_Conan_Movie_08__Ginyoku_no_Time_Travel_Recap
1179,MF Ghost 2nd Season,TV (12 eps),Oct 2024 - Dec 2024,"52,228 members",7.80,https://myanimelist.net/anime/57559/MF_Ghost_2nd_Season
1180,Ojamajo Doremi Dokkaan!,TV (51 eps),Feb 2002 - Jan 2003,"19,736 members",7.80,https://myanimelist.net/anime/353/Ojamajo_Doremi_Dokkaan
1181,One Piece Movie 06: Omatsuri Danshaku to Himitsu no Shima,Movie (1 eps),Mar 2005 - Mar 2005,"123,932 members",7.80,https://myanimelist.net/anime/464/One_Piece_Movie_06__Omatsuri_Danshaku_to_Himitsu_no_Shima
1182,Oomuro-ke: Dear Friends,Movie (1 eps),Jun 2024 - Jun 2024,"10,753 members",7.80,https://myanimelist.net/anime/57993/Oomuro-ke__Dear_Friends
1183,Sekaiichi Hatsukoi 2,TV (12 eps),Oct 2011 - Dec 2011,"178,296 members",7.80,https://myanimelist.net/anime/11123/Sekaiichi_Hatsukoi_2
1184,Seto no Hanayome OVA,OVA (2 eps),Nov 2008 - Jan 2009,"56,519 members",7.80,https://myanimelist.net/anime/4163/Seto_no_Hanayome_OVA
1185,Tamon-kun Ima Docchi!?,TV (13 eps),Jan 2026 - Mar 2026,"103,821 members",7.80,https://myanimelist.net/anime/59047/Tamon-kun_Ima_Docchi
1186,The Last: Naruto the Movie,Movie (1 eps),Dec 2014 - Dec 2014,"678,094 members",7.80,https://myanimelist.net/anime/16870/The_Last__Naruto_the_Movie
1187,Tokyo Revengers,TV (24 eps),Apr 2021 - Sep 2021,"1,428,080 members",7.80,https://myanimelist.net/anime/42249/Tokyo_Revengers
1188,Trigun Stampede,TV (12 eps),Jan 2023 - Mar 2023,"241,257 members",7.80,https://myanimelist.net/anime/52093/Trigun_Stampede
1189,Baby Steps,TV (25 eps),Apr 2014 - Sep 2014,"167,170 members",7.79,https://myanimelist.net/anime/21185/Baby_Steps
1190,Blue Period,TV (12 eps),Oct 2021 - Dec 2021,"538,575 members",7.79,https://myanimelist.net/anime/46352/Blue_Period
1191,Change!! Getter Robo: Sekai Saigo no Hi,OVA (13 eps),Aug 1998 - May 1999,"18,613 members",7.79,https://myanimelist.net/anime/978/Change_Getter_Robo__Sekai_Saigo_no_Hi
1192,Clevatess: Majuu no Ou to Akago to Shikabane no Yuusha,TV (12 eps),Jul 2025 - Sep 2025,"219,283 members",7.79,https://myanimelist.net/anime/59205/Clevatess__Majuu_no_Ou_to_Akago_to_Shikabane_no_Yuusha
1193,Digimon Adventure,TV (54 eps),Mar 1999 - Mar 2000,"429,867 members",7.79,https://myanimelist.net/anime/552/Digimon_Adventure
1194,Doraemon (2005),TV (? eps),Apr 2005 -,"23,836 members",7.79,https://myanimelist.net/anime/8687/Doraemon_2005
1195,Dragon Ball Kai,TV (97 eps),Apr 2009 - Mar 2011,"440,052 members",7.79,https://myanimelist.net/anime/6033/Dragon_Ball_Kai
1196,Ginga Tetsudou 999,TV (113 eps),Sep 1978 - Mar 1981,"47,311 members",7.79,https://myanimelist.net/anime/1491/Ginga_Tetsudou_999
1197,Hibike! Euphonium Movie 3: Chikai no Finale,Movie (1 eps),Apr 2019 - Apr 2019,"87,203 members",7.79,https://myanimelist.net/anime/35678/Hibike_Euphonium_Movie_3__Chikai_no_Finale
1198,Jormungand,TV (12 eps),Apr 2012 - Jun 2012,"403,033 members",7.79,https://myanimelist.net/anime/12413/Jormungand
1199,Kokoro ga Sakebitagatterunda.,Movie (1 eps),Sep 2015 - Sep 2015,"358,260 members",7.79,https://myanimelist.net/anime/28725/Kokoro_ga_Sakebitagatterunda
1200,Little Witch Academia,Movie (1 eps),Mar 2013 - Mar 2013,"327,076 members",7.79,https://myanimelist.net/anime/14349/Little_Witch_Academia
1201,Macross F Movie 1: Itsuwari no Utahime,Movie (1 eps),Nov 2009 - Nov 2009,"33,259 members",7.79,https://myanimelist.net/anime/5310/Macross_F_Movie_1__Itsuwari_no_Utahime
1202,Meitantei Conan Movie 07: Meikyuu no Crossroad,Movie (1 eps),Apr 2003 - Apr 2003,"58,034 members",7.79,https://myanimelist.net/anime/1366/Meitantei_Conan_Movie_07__Meikyuu_no_Crossroad
1203,Meitantei Conan Movie 09: Suihei Senjou no Strategy,Movie (1 eps),Apr 2005 - Apr 2005,"55,595 members",7.79,https://myanimelist.net/anime/1505/Meitantei_Conan_Movie_09__Suihei_Senjou_no_Strategy
1204,MF Ghost 3rd Season,TV (13 eps),Jan 2026 - Mar 2026,"36,584 members",7.79,https://myanimelist.net/anime/60602/MF_Ghost_3rd_Season
1205,Seikai no Senki II,TV (10 eps),Jul 2001 - Sep 2001,"25,919 members",7.79,https://myanimelist.net/anime/397/Seikai_no_Senki_II
1206,Taishou Otome Otogibanashi,TV (12 eps),Oct 2021 - Dec 2021,"177,736 members",7.79,https://myanimelist.net/anime/45055/Taishou_Otome_Otogibanashi
1207,Tanaka-kun wa Itsumo Kedaruge,TV (12 eps),Apr 2016 - Jun 2016,"519,648 members",7.79,https://myanimelist.net/anime/32093/Tanaka-kun_wa_Itsumo_Kedaruge
1208,Tokyo Ghoul,TV (12 eps),Jul 2014 - Sep 2014,"3,091,825 members",7.79,https://myanimelist.net/anime/22319/Tokyo_Ghoul
1209,Umibe no Étranger,Movie (1 eps),Sep 2020 - Sep 2020,"224,888 members",7.79,https://myanimelist.net/anime/40615/Umibe_no_Étranger
1210,Wolf's Rain,TV (26 eps),Jan 2003 - Jul 2003,"356,839 members",7.79,https://myanimelist.net/anime/202/Wolfs_Rain
1211,You Shou Yan,ONA (12 eps),Apr 2023 - Jun 2023,"2,588 members",7.79,https://myanimelist.net/anime/54974/You_Shou_Yan
1212,Beastars,TV (12 eps),Oct 2019 - Dec 2019,"969,776 members",7.78,https://myanimelist.net/anime/39195/Beastars
1213,Chainsaw Man Recap,ONA (2 eps),Sep 2025 - Sep 2025,"19,105 members",7.78,https://myanimelist.net/anime/62352/Chainsaw_Man_Recap
1214,Coquelicot-zaka kara,Movie (1 eps),Jul 2011 - Jul 2011,"232,241 members",7.78,https://myanimelist.net/anime/10029/Coquelicot-zaka_kara
1215,Emiya-san Chi no Kyou no Gohan,ONA (13 eps),Jan 2018 - Jan 2019,"146,286 members",7.78,https://myanimelist.net/anime/37033/Emiya-san_Chi_no_Kyou_no_Gohan
1216,"Haikyuu!! vs. ""Akaten""",OVA (1 eps),May 2016 - May 2016,"105,360 members",7.78,https://myanimelist.net/anime/35806/Haikyuu_vs_Akaten
1217,Hidamari Sketch x SP,TV Special (2 eps),Oct 2011 - Nov 2011,"17,448 members",7.78,https://myanimelist.net/anime/11237/Hidamari_Sketch_x_SP
1218,Hoozuki no Reitetsu,TV (13 eps),Jan 2014 - Apr 2014,"141,487 members",7.78,https://myanimelist.net/anime/20431/Hoozuki_no_Reitetsu
1219,Inazuma Eleven,TV (127 eps),Oct 2008 - Apr 2011,"243,911 members",7.78,https://myanimelist.net/anime/5231/Inazuma_Eleven
1220,Jin-Rou,Movie (1 eps),Jun 2000 - Jun 2000,"209,582 members",7.78,https://myanimelist.net/anime/570/Jin-Rou
1221,Kaijuu 8-gou 2nd Season,TV (11 eps),Jul 2025 - Sep 2025,"390,978 members",7.78,https://myanimelist.net/anime/59177/Kaijuu_8-gou_2nd_Season
1222,Kidou Senshi Gundam,TV (43 eps),Apr 1979 - Jan 1980,"154,583 members",7.78,https://myanimelist.net/anime/80/Kidou_Senshi_Gundam
1223,Kidou Senshi Gundam III: Meguriai Sora-hen,Movie (1 eps),Mar 1982 - Mar 1982,"42,761 members",7.78,https://myanimelist.net/anime/1092/Kidou_Senshi_Gundam_III__Meguriai_Sora-hen
1224,Kobayashi-san Chi no Maid Dragon S: Nippon no Omotenashi - Attend wa Dragon desu,Special (1 eps),Jan 2022 - Jan 2022,"85,102 members",7.78,https://myanimelist.net/anime/49893/Kobayashi-san_Chi_no_Maid_Dragon_S__Nippon_no_Omotenashi_-_Attend_wa_Dragon_desu
1225,Kuroko no Basket Movie 2: Winter Cup - Namida no Saki e,Movie (1 eps),Oct 2016 - Oct 2016,"44,412 members",7.78,https://myanimelist.net/anime/32870/Kuroko_no_Basket_Movie_2__Winter_Cup_-_Namida_no_Saki_e
1226,Kuroko no Basket: Tip Off,Special (1 eps),Feb 2013 - Feb 2013,"114,010 members",7.78,https://myanimelist.net/anime/16916/Kuroko_no_Basket__Tip_Off
1227,Langlang Shan Xiao Yaoguai,Movie (1 eps),Aug 2025 - Aug 2025,"1,359 members",7.78,https://myanimelist.net/anime/61617/Langlang_Shan_Xiao_Yaoguai
1228,Last Exile,TV (26 eps),Apr 2003 - Sep 2003,"190,305 members",7.78,https://myanimelist.net/anime/97/Last_Exile
1229,Magic Kaito,TV Special (12 eps),Apr 2010 - Dec 2012,"79,586 members",7.78,https://myanimelist.net/anime/8310/Magic_Kaito
1230,Meitantei Conan Movie 12: Senritsu no Full Score,Movie (1 eps),Apr 2008 - Apr 2008,"52,290 members",7.78,https://myanimelist.net/anime/4447/Meitantei_Conan_Movie_12__Senritsu_no_Full_Score
1231,Meitantei Conan Movie 24: Hiiro no Dangan,Movie (1 eps),Apr 2021 - Apr 2021,"26,298 members",7.78,https://myanimelist.net/anime/39764/Meitantei_Conan_Movie_24__Hiiro_no_Dangan
1232,Mushoku Tensei: Isekai Ittara Honki Dasu - Eris no Goblin Toubatsu,Special (1 eps),Mar 2022 - Mar 2022,"220,860 members",7.78,https://myanimelist.net/anime/50360/Mushoku_Tensei__Isekai_Ittara_Honki_Dasu_-_Eris_no_Goblin_Toubatsu
1233,Nige Jouzu no Wakagimi,TV (12 eps),Jul 2024 - Sep 2024,"217,338 members",7.78,https://myanimelist.net/anime/54724/Nige_Jouzu_no_Wakagimi
1234,Nodame Cantabile: Finale - Mine to Kiyora no Saikai,Special (1 eps),Apr 2010 - Apr 2010,"47,199 members",7.78,https://myanimelist.net/anime/8038/Nodame_Cantabile__Finale_-_Mine_to_Kiyora_no_Saikai
1235,Ranma ½,TV (161 eps),Apr 1989 - Sep 1992,"287,230 members",7.78,https://myanimelist.net/anime/210/Ranma_½
1236,Rurouni Kenshin: Meiji Kenkaku Romantan - Kyoto Douran,TV (23 eps),Oct 2024 - Mar 2025,"65,215 members",7.78,https://myanimelist.net/anime/57554/Rurouni_Kenshin__Meiji_Kenkaku_Romantan_-_Kyoto_Douran
1237,Saint Seiya: Meiou Hades Meikai-hen,OVA (12 eps),Dec 2005 - Feb 2007,"55,862 members",7.78,https://myanimelist.net/anime/1253/Saint_Seiya__Meiou_Hades_Meikai-hen
1238,Saint☆Oniisan (Movie),Movie (1 eps),May 2013 - May 2013,"104,974 members",7.78,https://myanimelist.net/anime/15771/Saint☆Oniisan_Movie
1239,Shin Kidou Senki Gundam Wing: Endless Waltz Tokubetsu-hen,Movie (1 eps),Aug 1998 - Aug 1998,"66,837 members",7.78,https://myanimelist.net/anime/2273/Shin_Kidou_Senki_Gundam_Wing__Endless_Waltz_Tokubetsu-hen
1240,"Yahari Ore no Seishun Love Comedy wa Machigatteiru. Kan: Dakara, Shishunki wa Owarazu ni, Seishun wa Tsuzuiteiku.",OVA (1 eps),Apr 2023 - Apr 2023,"132,651 members",7.78,https://myanimelist.net/anime/46431/Yahari_Ore_no_Seishun_Love_Comedy_wa_Machigatteiru_Kan__Dakara_Shishunki_wa_Owarazu_ni_Seishun_wa_Tsuzuiteiku
1241,You Shou Yan 2nd Season,ONA (12 eps),Jun 2023 - Sep 2023,"1,381 members",7.78,https://myanimelist.net/anime/55821/You_Shou_Yan_2nd_Season
1242,Aggressive Retsuko (ONA) 3rd Season,ONA (10 eps),Aug 2020 - Aug 2020,"100,375 members",7.77,https://myanimelist.net/anime/40215/Aggressive_Retsuko_ONA_3rd_Season
1243,Aria the Crepuscolo,Movie (1 eps),Mar 2021 - Mar 2021,"15,635 members",7.77,https://myanimelist.net/anime/41674/Aria_the_Crepuscolo
1244,BanG Dream! Garupa☆Pico: Oomori,ONA (26 eps),May 2020 - Oct 2020,"13,872 members",7.77,https://myanimelist.net/anime/40854/BanG_Dream_Garupa☆Pico__Oomori
1245,Bishoujo Senshi Sailor Moon Crystal Season III,TV (13 eps),Apr 2016 - Jun 2016,"68,918 members",7.77,https://myanimelist.net/anime/31733/Bishoujo_Senshi_Sailor_Moon_Crystal_Season_III
1246,Break Blade Movie 3: Kyoujin no Ato,Movie (1 eps),Sep 2010 - Sep 2010,"61,029 members",7.77,https://myanimelist.net/anime/9252/Break_Blade_Movie_3__Kyoujin_no_Ato
1247,"Clannad: After Story - Mou Hitotsu no Sekai, Kyou-hen",Special (1 eps),Jul 2009 - Jul 2009,"278,769 members",7.77,https://myanimelist.net/anime/6351/Clannad__After_Story_-_Mou_Hitotsu_no_Sekai_Kyou-hen
1248,Class de 2-banme ni Kawaii Onnanoko to Tomodachi ni Natta,TV (12 eps),Apr 2026 - Jun 2026,"177,370 members",7.77,https://myanimelist.net/anime/56734/Class_de_2-banme_ni_Kawaii_Onnanoko_to_Tomodachi_ni_Natta
1249,Code Geass: Hangyaku no Lelouch R2 Special Edition - Zero Requiem,OVA (1 eps),Jul 2009 - Jul 2009,"52,169 members",7.77,https://myanimelist.net/anime/6768/Code_Geass__Hangyaku_no_Lelouch_R2_Special_Edition_-_Zero_Requiem
1250,Free! Movie 4: The Final Stroke - Zenpen,Movie (1 eps),Sep 2021 - Sep 2021,"65,257 members",7.77,https://myanimelist.net/anime/38400/Free_Movie_4__The_Final_Stroke_-_Zenpen
1251,Gochuumon wa Usagi desu ka??,TV (12 eps),Oct 2015 - Dec 2015,"143,047 members",7.77,https://myanimelist.net/anime/29787/Gochuumon_wa_Usagi_desu_ka
1252,Gochuumon wa Usagi desu ka?? Sing for You,OVA (1 eps),Sep 2019 - Sep 2019,"29,594 members",7.77,https://myanimelist.net/anime/38333/Gochuumon_wa_Usagi_desu_ka_Sing_for_You
1253,Hadashi no Gen,Movie (1 eps),Jul 1983 - Jul 1983,"62,288 members",7.77,https://myanimelist.net/anime/1824/Hadashi_no_Gen
1254,Innocence,Movie (1 eps),Mar 2004 - Mar 2004,"181,780 members",7.77,https://myanimelist.net/anime/468/Innocence
1255,Inu-Ou,Movie (1 eps),May 2022 - May 2022,"43,510 members",7.77,https://myanimelist.net/anime/39938/Inu-Ou
1256,Kekkai Sensen & Beyond,TV (12 eps),Oct 2017 - Dec 2017,"481,253 members",7.77,https://myanimelist.net/anime/34451/Kekkai_Sensen___Beyond
1257,"Komi-san wa, Comyushou desu.",TV (12 eps),Oct 2021 - Dec 2021,"1,031,855 members",7.77,https://myanimelist.net/anime/48926/Komi-san_wa_Comyushou_desu
1258,Kuroko no Basket Movie 1: Winter Cup - Kage to Hikari,Movie (1 eps),Sep 2016 - Sep 2016,"49,208 members",7.77,https://myanimelist.net/anime/32869/Kuroko_no_Basket_Movie_1__Winter_Cup_-_Kage_to_Hikari
1259,Liang Bu Yi,ONA (24 eps),Apr 2021 - Nov 2021,"14,799 members",7.77,https://myanimelist.net/anime/41221/Liang_Bu_Yi
1260,Lupin the Third: Mine Fujiko to Iu Onna,TV (13 eps),Apr 2012 - Jun 2012,"71,152 members",7.77,https://myanimelist.net/anime/13203/Lupin_the_Third__Mine_Fujiko_to_Iu_Onna
1261,Mahoutsukai no Yome Season 2,TV (12 eps),Apr 2023 - Jun 2023,"223,994 members",7.77,https://myanimelist.net/anime/52955/Mahoutsukai_no_Yome_Season_2
1262,Mashle: Shinkakusha Kouho Senbatsu Shiken-hen,TV (12 eps),Jan 2024 - Mar 2024,"530,476 members",7.77,https://myanimelist.net/anime/55813/Mashle__Shinkakusha_Kouho_Senbatsu_Shiken-hen
1263,Master Keaton OVA,OVA (15 eps),Dec 1999 - Jun 2000,"12,660 members",7.77,https://myanimelist.net/anime/1910/Master_Keaton_OVA
1264,Saint Seiya,TV (114 eps),Oct 1986 - Apr 1989,"206,901 members",7.77,https://myanimelist.net/anime/1254/Saint_Seiya
1265,Shiguang Dailiren Fanwai Pian: Biwu Zhaoqin,ONA (1 eps),May 2021 - May 2021,"57,417 members",7.77,https://myanimelist.net/anime/49200/Shiguang_Dailiren_Fanwai_Pian__Biwu_Zhaoqin
1266,Tianbao Fuyao Lu 2nd Season,ONA (13 eps),Apr 2021 - Aug 2021,"4,979 members",7.77,https://myanimelist.net/anime/44068/Tianbao_Fuyao_Lu_2nd_Season
1267,Tonikaku Kawaii: Joshikou-hen,ONA (4 eps),Jul 2023 - Aug 2023,"80,948 members",7.77,https://myanimelist.net/anime/55651/Tonikaku_Kawaii__Joshikou-hen
1268,Yuru Yuri Nachuyachumi!+,TV Special (2 eps),Aug 2015 - Sep 2015,"59,785 members",7.77,https://myanimelist.net/anime/30902/Yuru_Yuri_Nachuyachumi_
1269,Zhan Shen: Fanchen Shenyu II,ONA (15 eps),Jun 2026 - Aug 2026,"1,664 members",7.77,https://myanimelist.net/anime/62234/Zhan_Shen__Fanchen_Shenyu_II
1270,Akagami no Shirayuki-hime,TV (12 eps),Jul 2015 - Sep 2015,"748,786 members",7.76,https://myanimelist.net/anime/30123/Akagami_no_Shirayuki-hime
1271,Beastars Final Season,ONA (12 eps),Dec 2024 - Dec 2024,"118,583 members",7.76,https://myanimelist.net/anime/49469/Beastars_Final_Season
1272,Bishoujo Senshi Sailor Moon,TV (46 eps),Mar 1992 - Feb 1993,"420,009 members",7.76,https://myanimelist.net/anime/530/Bishoujo_Senshi_Sailor_Moon
1273,Bishoujo Senshi Sailor Moon Eternal Movie 2,Movie (1 eps),Feb 2021 - Feb 2021,"31,287 members",7.76,https://myanimelist.net/anime/40429/Bishoujo_Senshi_Sailor_Moon_Eternal_Movie_2
1274,Black Jack,OVA (12 eps),Dec 1993 - Dec 2011,"47,259 members",7.76,https://myanimelist.net/anime/1520/Black_Jack
1275,Boku no Kokoro no Yabai Yatsu Movie,Movie (1 eps),Feb 2026 - Feb 2026,"44,005 members",7.76,https://myanimelist.net/anime/59985/Boku_no_Kokoro_no_Yabai_Yatsu_Movie
1276,Charlotte,TV (13 eps),Jul 2015 - Sep 2015,"1,788,370 members",7.76,https://myanimelist.net/anime/28999/Charlotte
1277,Da Zhuzai: Nian Fan,ONA (52 eps),Jun 2023 - Jun 2024,"3,625 members",7.76,https://myanimelist.net/anime/55151/Da_Zhuzai__Nian_Fan
1278,Fanren Xiu Xian Zhuan,ONA (17 eps),Jul 2020 - Nov 2020,"8,820 members",7.76,https://myanimelist.net/anime/41219/Fanren_Xiu_Xian_Zhuan
1279,Gokinjo Monogatari,TV (50 eps),Sep 1995 - Sep 1996,"32,742 members",7.76,https://myanimelist.net/anime/852/Gokinjo_Monogatari
1280,Hibi wa Sugiredo Meshi Umashi,TV (12 eps),Apr 2025 - Jun 2025,"54,502 members",7.76,https://myanimelist.net/anime/60658/Hibi_wa_Sugiredo_Meshi_Umashi
1281,Hug tto! Precure♡Futari wa Precure Movie: All Stars Memories,Movie (1 eps),Oct 2018 - Oct 2018,"5,470 members",7.76,https://myanimelist.net/anime/37501/Hug_tto_Precure♡Futari_wa_Precure_Movie__All_Stars_Memories
1282,JoJo no Kimyou na Bouken: Phantom Blood,Movie (1 eps),Feb 2007 - Feb 2007,"76,077 members",7.76,https://myanimelist.net/anime/3603/JoJo_no_Kimyou_na_Bouken__Phantom_Blood
1283,Kubikiri Cycle: Aoiro Savant to Zaregotozukai,OVA (8 eps),Oct 2016 - Sep 2017,"115,188 members",7.76,https://myanimelist.net/anime/33263/Kubikiri_Cycle__Aoiro_Savant_to_Zaregotozukai
1284,Love Live! School Idol Project 2nd Season,TV (13 eps),Apr 2014 - Jun 2014,"274,604 members",7.76,https://myanimelist.net/anime/19111/Love_Live_School_Idol_Project_2nd_Season
1285,Lucky☆Star,TV (24 eps),Apr 2007 - Sep 2007,"705,246 members",7.76,https://myanimelist.net/anime/1887/Lucky☆Star
1286,Maria-sama ga Miteru 4th,TV (13 eps),Jan 2009 - Mar 2009,"25,088 members",7.76,https://myanimelist.net/anime/3750/Maria-sama_ga_Miteru_4th
1287,Mujin Wakusei Survive,TV (52 eps),Oct 2003 - Oct 2004,"33,672 members",7.76,https://myanimelist.net/anime/709/Mujin_Wakusei_Survive
1288,Psycho-Pass 3: First Inspector,ONA (3 eps),Mar 2020 - Mar 2020,"113,527 members",7.76,https://myanimelist.net/anime/40858/Psycho-Pass_3__First_Inspector
1289,Saenai Heroine no Sodatekata ♭,TV (11 eps),Apr 2017 - Jun 2017,"403,294 members",7.76,https://myanimelist.net/anime/30727/Saenai_Heroine_no_Sodatekata_♭
1290,Seishun Buta Yarou wa Odekake Sister no Yume wo Minai,Movie (1 eps),Jun 2023 - Jun 2023,"215,666 members",7.76,https://myanimelist.net/anime/53129/Seishun_Buta_Yarou_wa_Odekake_Sister_no_Yume_wo_Minai
1291,Seitokai Yakuindomo Movie 2,Movie (1 eps),Jan 2021 - Jan 2021,"37,418 members",7.76,https://myanimelist.net/anime/40814/Seitokai_Yakuindomo_Movie_2
1292,"Tadaima, Okaeri",TV (12 eps),Apr 2024 - Jun 2024,"49,055 members",7.76,https://myanimelist.net/anime/56768/Tadaima_Okaeri
1293,Taiyou no Ko Esteban,TV (39 eps),May 1982 - Feb 1983,"16,330 members",7.76,https://myanimelist.net/anime/1279/Taiyou_no_Ko_Esteban
1294,Tantei Gakuen Q,TV (45 eps),Apr 2003 - Mar 2004,"38,263 members",7.76,https://myanimelist.net/anime/407/Tantei_Gakuen_Q
1295,Texhnolyze,TV (22 eps),Apr 2003 - Sep 2003,"296,845 members",7.76,https://myanimelist.net/anime/26/Texhnolyze
1296,Urusei Yatsura,TV (195 eps),Oct 1981 - Mar 1986,"100,550 members",7.76,https://myanimelist.net/anime/1293/Urusei_Yatsura
1297,BanG Dream! Garupa☆Pico,ONA (26 eps),Jul 2018 - Dec 2018,"24,656 members",7.75,https://myanimelist.net/anime/37873/BanG_Dream_Garupa☆Pico
1298,Beastars 2nd Season,TV (12 eps),Jan 2021 - Mar 2021,"501,528 members",7.75,https://myanimelist.net/anime/40935/Beastars_2nd_Season
1299,Cardcaptor Sakura: Clear Card-hen Prologue - Sakura to Futatsu no Kuma,OVA (1 eps),Sep 2017 - Sep 2017,"47,549 members",7.75,https://myanimelist.net/anime/35320/Cardcaptor_Sakura__Clear_Card-hen_Prologue_-_Sakura_to_Futatsu_no_Kuma
1300,Chuan Shu Zijiu Zhinan,ONA (10 eps),Sep 2020 - Oct 2020,"23,772 members",7.75,https://myanimelist.net/anime/38990/Chuan_Shu_Zijiu_Zhinan
1301,City Hunter '91,TV (13 eps),Apr 1991 - Oct 1991,"29,542 members",7.75,https://myanimelist.net/anime/1473/City_Hunter_91
1302,Dungeon ni Deai wo Motomeru no wa Machigatteiru Darou ka IV: Shin Shou - Meikyuu-hen,TV (11 eps),Jul 2022 - Oct 2022,"417,726 members",7.75,https://myanimelist.net/anime/47164/Dungeon_ni_Deai_wo_Motomeru_no_wa_Machigatteiru_Darou_ka_IV__Shin_Shou_-_Meikyuu-hen
1303,Edogawa Conan Shissou Jiken: Shijou Saiaku no Futsukakan,TV Special (1 eps),Dec 2014 - Dec 2014,"14,915 members",7.75,https://myanimelist.net/anime/21867/Edogawa_Conan_Shissou_Jiken__Shijou_Saiaku_no_Futsukakan
1304,Free! Take Your Marks,Movie (1 eps),Oct 2017 - Oct 2017,"92,897 members",7.75,https://myanimelist.net/anime/35198/Free_Take_Your_Marks
1305,Gakkou no Kaidan,TV (19 eps),Oct 2000 - Mar 2001,"257,686 members",7.75,https://myanimelist.net/anime/1281/Gakkou_no_Kaidan
1306,Gakuen Babysitters Special,Special (1 eps),Sep 2018 - Sep 2018,"50,154 members",7.75,https://myanimelist.net/anime/37959/Gakuen_Babysitters_Special
1307,Genshiken 2,TV (12 eps),Oct 2007 - Dec 2007,"89,619 members",7.75,https://myanimelist.net/anime/2508/Genshiken_2
1308,Gundam Build Fighters,TV (25 eps),Oct 2013 - Mar 2014,"82,412 members",7.75,https://myanimelist.net/anime/19319/Gundam_Build_Fighters
1309,Honzuki no Gekokujou: Shisho ni Naru Tame ni wa Shudan wo Erandeiraremasen - Ryoushu no Youjo,TV (24 eps),Apr 2026 - Oct 2026,"91,030 members",7.75,https://myanimelist.net/anime/57466/Honzuki_no_Gekokujou__Shisho_ni_Naru_Tame_ni_wa_Shudan_wo_Erandeiraremasen_-_Ryoushu_no_Youjo
1310,Jujutsu Kaisen 2nd Season Recaps,TV Special (2 eps),Aug 2023 - Aug 2023,"38,948 members",7.75,https://myanimelist.net/anime/56243/Jujutsu_Kaisen_2nd_Season_Recaps
1311,Kara no Kyoukai Movie 2: Satsujin Kousatsu (Zen),Movie (1 eps),Dec 2007 - Dec 2007,"257,977 members",7.75,https://myanimelist.net/anime/3782/Kara_no_Kyoukai_Movie_2__Satsujin_Kousatsu_Zen
1312,Luo Xiaohei Zhanji,ONA (28 eps),Mar 2011 - Aug 2019,"8,234 members",7.75,https://myanimelist.net/anime/33443/Luo_Xiaohei_Zhanji
1313,Lupin III vs. Meitantei Conan,TV Special (1 eps),Mar 2009 - Mar 2009,"39,510 members",7.75,https://myanimelist.net/anime/6115/Lupin_III_vs_Meitantei_Conan
1314,Mofa Gongzhu de Xiao Fannao,ONA (16 eps),Sep 2025 - Dec 2025,"53,248 members",7.75,https://myanimelist.net/anime/57353/Mofa_Gongzhu_de_Xiao_Fannao
1315,Overlord II,TV (13 eps),Jan 2018 - Apr 2018,"1,146,021 members",7.75,https://myanimelist.net/anime/35073/Overlord_II
1316,Overlord Movie 3: Sei Oukoku-hen,Movie (1 eps),Sep 2024 - Sep 2024,"126,242 members",7.75,https://myanimelist.net/anime/48896/Overlord_Movie_3__Sei_Oukoku-hen
1317,Saiyuuki Gaiden,OVA (3 eps),Mar 2011 - Nov 2011,"14,860 members",7.75,https://myanimelist.net/anime/9088/Saiyuuki_Gaiden
1318,Saraiya Goyou,TV (12 eps),Apr 2010 - Jul 2010,"102,019 members",7.75,https://myanimelist.net/anime/7588/Saraiya_Goyou
1319,Sekaiichi Hatsukoi: Valentine-hen,Movie (1 eps),Mar 2014 - Mar 2014,"44,847 members",7.75,https://myanimelist.net/anime/20815/Sekaiichi_Hatsukoi__Valentine-hen
1320,Shiki Specials,Special (2 eps),May 2011 - Jun 2011,"77,451 members",7.75,https://myanimelist.net/anime/10083/Shiki_Specials
1321,Shounan Bakusouzoku,OVA (12 eps),Sep 1986 - Mar 1999,"8,631 members",7.75,https://myanimelist.net/anime/2463/Shounan_Bakusouzoku
1322,Toshokan Sensou: Kakumei no Tsubasa,Movie (1 eps),Jun 2012 - Jun 2012,"26,351 members",7.75,https://myanimelist.net/anime/11001/Toshokan_Sensou__Kakumei_no_Tsubasa
1323,Toujima Tanzaburou wa Kamen Rider ni Naritai,TV (24 eps),Oct 2025 - Mar 2026,"69,641 members",7.75,https://myanimelist.net/anime/61159/Toujima_Tanzaburou_wa_Kamen_Rider_ni_Naritai
1324,Zan Sayonara Zetsubou Sensei Bangaichi,OVA (2 eps),Nov 2009 - Feb 2010,"42,995 members",7.75,https://myanimelist.net/anime/7044/Zan_Sayonara_Zetsubou_Sensei_Bangaichi
1325,BanG Dream! Garupa☆Pico Fever!,ONA (26 eps),Oct 2021 - Mar 2022,"7,908 members",7.74,https://myanimelist.net/anime/49123/BanG_Dream_Garupa☆Pico_Fever
1326,BanG Dream! Movie: Episode of Roselia - I: Yakusoku,Movie (1 eps),Apr 2021 - Apr 2021,"13,845 members",7.74,https://myanimelist.net/anime/41780/BanG_Dream_Movie__Episode_of_Roselia_-_I__Yakusoku
1327,Bishoujo Senshi Sailor Moon R,TV (43 eps),Mar 1993 - Mar 1994,"173,871 members",7.74,https://myanimelist.net/anime/740/Bishoujo_Senshi_Sailor_Moon_R
1328,Bishoujo Senshi Sailor Moon R: The Movie,Movie (1 eps),Dec 1993 - Dec 1993,"73,053 members",7.74,https://myanimelist.net/anime/531/Bishoujo_Senshi_Sailor_Moon_R__The_Movie
1329,Colorful (Movie),Movie (1 eps),Aug 2010 - Aug 2010,"217,541 members",7.74,https://myanimelist.net/anime/8142/Colorful_Movie
1330,Devilman: Crybaby,ONA (10 eps),Jan 2018 - Jan 2018,"1,295,662 members",7.74,https://myanimelist.net/anime/35120/Devilman__Crybaby
1331,Doraemon Movie 44: Nobita no E Sekai Monogatari,Movie (1 eps),Mar 2025 - Mar 2025,"2,154 members",7.74,https://myanimelist.net/anime/59980/Doraemon_Movie_44__Nobita_no_E_Sekai_Monogatari
1332,Dragon Ball Kai (2014),TV (61 eps),Apr 2014 - Jun 2015,"220,588 members",7.74,https://myanimelist.net/anime/22777/Dragon_Ball_Kai_2014
1333,Evangelion: Housou 30-shuunen Kinen Tokubetsu Kougyou,Special (1 eps),Feb 2026 - Feb 2026,"8,060 members",7.74,https://myanimelist.net/anime/63392/Evangelion__Housou_30-shuunen_Kinen_Tokubetsu_Kougyou
1334,Ghost Hunt,TV (25 eps),Oct 2006 - Mar 2007,"244,671 members",7.74,https://myanimelist.net/anime/1571/Ghost_Hunt
1335,Girls & Panzer: Kore ga Hontou no Anzio-sen desu!,OVA (1 eps),Jul 2014 - Jul 2014,"55,994 members",7.74,https://myanimelist.net/anime/18619/Girls___Panzer__Kore_ga_Hontou_no_Anzio-sen_desu
1336,Golden Time,TV (24 eps),Oct 2013 - Mar 2014,"1,153,200 members",7.74,https://myanimelist.net/anime/17895/Golden_Time
1337,Hidamari Sketch x 365 Specials,Special (3 eps),Mar 2009 - Oct 2009,"19,432 members",7.74,https://myanimelist.net/anime/6984/Hidamari_Sketch_x_365_Specials
1338,High Score Girl,TV (12 eps),Jul 2018 - Sep 2018,"285,817 members",7.74,https://myanimelist.net/anime/21877/High_Score_Girl
1339,Isekai Ojisan,TV (13 eps),Jul 2022 - Mar 2023,"439,710 members",7.74,https://myanimelist.net/anime/49220/Isekai_Ojisan
1340,Kidou Keisatsu Patlabor: On Television,TV (47 eps),Oct 1989 - Sep 1990,"47,840 members",7.74,https://myanimelist.net/anime/324/Kidou_Keisatsu_Patlabor__On_Television
1341,Kidou Senshi Gundam SEED,TV (50 eps),Oct 2002 - Sep 2003,"187,410 members",7.74,https://myanimelist.net/anime/93/Kidou_Senshi_Gundam_SEED
1342,Kuroko no Basket: Last Game NG-shuu,Special (1 eps),Sep 2017 - Sep 2017,"37,960 members",7.74,https://myanimelist.net/anime/35658/Kuroko_no_Basket__Last_Game_NG-shuu
1343,Little Witch Academia: Mahoujikake no Parade,Movie (1 eps),Oct 2015 - Oct 2015,"180,062 members",7.74,https://myanimelist.net/anime/19489/Little_Witch_Academia__Mahoujikake_no_Parade
1344,Luo Xiaohei Zhanji: Zhongsheng Zhi Men,ONA (12 eps),Apr 2021 - Jul 2021,"2,548 members",7.74,https://myanimelist.net/anime/48791/Luo_Xiaohei_Zhanji__Zhongsheng_Zhi_Men
1345,Mairimashita! Iruma-kun,TV (23 eps),Oct 2019 - Mar 2020,"581,127 members",7.74,https://myanimelist.net/anime/39196/Mairimashita_Iruma-kun
1346,Meitantei Conan Movie 19: Gouka no Himawari,Movie (1 eps),Apr 2015 - Apr 2015,"45,322 members",7.74,https://myanimelist.net/anime/28479/Meitantei_Conan_Movie_19__Gouka_no_Himawari
1347,Meitantei Conan OVA 10: Kid in Trap Island,OVA (1 eps),Apr 2010 - Apr 2010,"20,022 members",7.74,https://myanimelist.net/anime/8609/Meitantei_Conan_OVA_10__Kid_in_Trap_Island
1348,Memories,Movie (3 eps),Dec 1995 - Dec 1995,"163,799 members",7.74,https://myanimelist.net/anime/1462/Memories
1349,Panty & Stocking with Garterbelt,TV (13 eps),Oct 2010 - Dec 2010,"452,585 members",7.74,https://myanimelist.net/anime/8795/Panty___Stocking_with_Garterbelt
1350,Pokemon: The Origin,TV Special (4 eps),Oct 2013 - Oct 2013,"248,942 members",7.74,https://myanimelist.net/anime/20159/Pokemon__The_Origin
1351,Ranma ½ (2024) 2nd Season,TV (12 eps),Oct 2025 - Dec 2025,"84,198 members",7.74,https://myanimelist.net/anime/60564/Ranma_½_2024_2nd_Season
1352,Ranma ½ OVA,OVA (6 eps),Oct 1993 - Aug 1994,"39,210 members",7.74,https://myanimelist.net/anime/1007/Ranma_½_OVA
1353,Seitokai Yakuindomo OVA,OVA (8 eps),Apr 2011 - Oct 2013,"137,651 members",7.74,https://myanimelist.net/anime/10119/Seitokai_Yakuindomo_OVA
1354,Shin Kidou Senki Gundam Wing: Endless Waltz,OVA (3 eps),Jan 1997 - Jul 1997,"52,167 members",7.74,https://myanimelist.net/anime/91/Shin_Kidou_Senki_Gundam_Wing__Endless_Waltz
1355,Shingeki no Kyojin: The Final Season Specials,Special (2 eps),Jul 2021 - Aug 2021,"21,336 members",7.74,https://myanimelist.net/anime/49627/Shingeki_no_Kyojin__The_Final_Season_Specials
1356,Tentai Senshi Sunred,TV (26 eps),Oct 2008 - Mar 2009,"23,453 members",7.74,https://myanimelist.net/anime/5005/Tentai_Senshi_Sunred
1357,The iDOLM@STER Cinderella Girls: U149,TV (12 eps),Apr 2023 - Jun 2023,"19,669 members",7.74,https://myanimelist.net/anime/51536/The_iDOLMSTER_Cinderella_Girls__U149
1358,Udon no Kuni no Kiniro Kemari,TV (12 eps),Oct 2016 - Dec 2016,"145,823 members",7.74,https://myanimelist.net/anime/32673/Udon_no_Kuni_no_Kiniro_Kemari
1359,Yamada-kun to Lv999 no Koi wo Suru,TV (13 eps),Apr 2023 - Jun 2023,"574,314 members",7.74,https://myanimelist.net/anime/53126/Yamada-kun_to_Lv999_no_Koi_wo_Suru
1360,Yoru no Kurage wa Oyogenai,TV (12 eps),Apr 2024 - Jun 2024,"137,435 members",7.74,https://myanimelist.net/anime/54839/Yoru_no_Kurage_wa_Oyogenai
1361,Zhe Tian,ONA (208 eps),May 2023 -,"4,445 members",7.74,https://myanimelist.net/anime/51289/Zhe_Tian
1362,Bai Yao Pu: Jingshi Pian,ONA (12 eps),Jul 2022 - Oct 2022,"4,676 members",7.73,https://myanimelist.net/anime/50537/Bai_Yao_Pu__Jingshi_Pian
1363,Claymore,TV (26 eps),Apr 2007 - Sep 2007,"731,620 members",7.73,https://myanimelist.net/anime/1818/Claymore
1364,Date A Live IV,TV (12 eps),Apr 2022 - Jun 2022,"295,484 members",7.73,https://myanimelist.net/anime/41461/Date_A_Live_IV
1365,Death Note: Rewrite,TV Special (2 eps),Aug 2007 - Aug 2008,"228,763 members",7.73,https://myanimelist.net/anime/2994/Death_Note__Rewrite
1366,Doupo Cangqiong Special 2: Sha Zhi Lan Ge,ONA (3 eps),Apr 2019 - Apr 2019,"5,172 members",7.73,https://myanimelist.net/anime/39178/Doupo_Cangqiong_Special_2__Sha_Zhi_Lan_Ge
1367,Huangjin Tingyuan: Dongri Li de Xinnian Yuanwang,ONA (2 eps),Jan 2023 - Jan 2023,"4,157 members",7.73,https://myanimelist.net/anime/54035/Huangjin_Tingyuan__Dongri_Li_de_Xinnian_Yuanwang
1368,Kimi ga Shinu made Koi wo Shitai,TV (13 eps),Jul 2026 - Sep 2026,"88,093 members",7.73,https://myanimelist.net/anime/61126/Kimi_ga_Shinu_made_Koi_wo_Shitai
1369,Kino no Tabi: The Beautiful World - Nanika wo Suru Tame ni - Life Goes On.,Movie (1 eps),Feb 2005 - Feb 2005,"63,598 members",7.73,https://myanimelist.net/anime/1379/Kino_no_Tabi__The_Beautiful_World_-_Nanika_wo_Suru_Tame_ni_-_Life_Goes_On
1370,Kumichou Musume to Sewagakari,TV (12 eps),Jul 2022 - Sep 2022,"266,915 members",7.73,https://myanimelist.net/anime/49776/Kumichou_Musume_to_Sewagakari
1371,Love Live! Nijigasaki Gakuen School Idol Doukoukai: Kanketsu-hen Part 2,Movie (1 eps),Nov 2025 - Nov 2025,"5,885 members",7.73,https://myanimelist.net/anime/60159/Love_Live_Nijigasaki_Gakuen_School_Idol_Doukoukai__Kanketsu-hen_Part_2
1372,Macross Plus,OVA (4 eps),Aug 1994 - Jun 1995,"57,312 members",7.73,https://myanimelist.net/anime/474/Macross_Plus
1373,Macross Plus Movie Edition,Movie (1 eps),Oct 1995 - Oct 1995,"21,131 members",7.73,https://myanimelist.net/anime/1211/Macross_Plus_Movie_Edition
1374,Shaman King,TV (64 eps),Jul 2001 - Sep 2002,"387,381 members",7.73,https://myanimelist.net/anime/154/Shaman_King
1375,Shokugeki no Souma: Shin no Sara,TV (12 eps),Oct 2019 - Dec 2019,"679,312 members",7.73,https://myanimelist.net/anime/39940/Shokugeki_no_Souma__Shin_no_Sara
1376,Soukou Kihei Votoms,TV (52 eps),Apr 1983 - Mar 1984,"30,718 members",7.73,https://myanimelist.net/anime/2582/Soukou_Kihei_Votoms
1377,Tunshi Xingkong Movie: Juezhan Yuanshi Xing,ONA (1 eps),May 2026 - May 2026,"1,143 members",7.73,https://myanimelist.net/anime/62726/Tunshi_Xingkong_Movie__Juezhan_Yuanshi_Xing
1378,Uchuu Senkan Yamato 2199: Hoshimeguru Hakobune,Movie (1 eps),Dec 2014 - Dec 2014,"16,640 members",7.73,https://myanimelist.net/anime/23249/Uchuu_Senkan_Yamato_2199__Hoshimeguru_Hakobune
1379,Undead Unluck,TV (24 eps),Oct 2023 - Mar 2024,"359,026 members",7.73,https://myanimelist.net/anime/52741/Undead_Unluck
1380,Aggressive Retsuko (ONA) 2nd Season,ONA (10 eps),Jun 2019 - Jun 2019,"128,514 members",7.72,https://myanimelist.net/anime/37985/Aggressive_Retsuko_ONA_2nd_Season
1381,Ani ni Tsukeru Kusuri wa Nai! 2,TV (24 eps),Jul 2018 - Dec 2018,"56,333 members",7.72,https://myanimelist.net/anime/37924/Ani_ni_Tsukeru_Kusuri_wa_Nai_2
1382,Bakuten!! Movie,Movie (1 eps),Jul 2022 - Jul 2022,"22,403 members",7.72,https://myanimelist.net/anime/49283/Bakuten_Movie
1383,BanG Dream! Film Live,Movie (1 eps),Sep 2019 - Sep 2019,"15,170 members",7.72,https://myanimelist.net/anime/39619/BanG_Dream_Film_Live
1384,Cheng He Titong 2nd Season,ONA (24 eps),Jan 2026 - Jun 2026,"2,180 members",7.72,https://myanimelist.net/anime/60191/Cheng_He_Titong_2nd_Season
1385,Chi's Sweet Home: Atarashii Ouchi,TV (104 eps),Mar 2009 - Sep 2009,"32,661 members",7.72,https://myanimelist.net/anime/6024/Chis_Sweet_Home__Atarashii_Ouchi
1386,Chibi Maruko-chan,TV (142 eps),Jan 1990 - Sep 1992,"14,360 members",7.72,https://myanimelist.net/anime/951/Chibi_Maruko-chan
1387,Clevatess II: Majuu no Ou to Itsuwari no Yuusha Denshou,TV (13 eps),Jul 2026 - Sep 2026,"86,003 members",7.72,https://myanimelist.net/anime/62513/Clevatess_II__Majuu_no_Ou_to_Itsuwari_no_Yuusha_Denshou
1388,Daicon Opening Animations,Special (2 eps),Aug 1981 - Aug 1983,"23,935 members",7.72,https://myanimelist.net/anime/2724/Daicon_Opening_Animations
1389,Dragon Quest: Dai no Daibouken (2020),TV (100 eps),Oct 2020 - Oct 2022,"81,636 members",7.72,https://myanimelist.net/anime/40906/Dragon_Quest__Dai_no_Daibouken_2020
1390,Enen no Shouboutai,TV (24 eps),Jul 2019 - Dec 2019,"1,571,072 members",7.72,https://myanimelist.net/anime/38671/Enen_no_Shouboutai
1391,Enen no Shouboutai: San no Shou,TV (12 eps),Apr 2025 - Jun 2025,"337,535 members",7.72,https://myanimelist.net/anime/51818/Enen_no_Shouboutai__San_no_Shou
1392,Free! Movie 3: Road to the World - Yume,Movie (1 eps),Jul 2019 - Jul 2019,"32,398 members",7.72,https://myanimelist.net/anime/39014/Free_Movie_3__Road_to_the_World_-_Yume
1393,Grisaia no Rakuen,TV (10 eps),Apr 2015 - Jun 2015,"440,057 members",7.72,https://myanimelist.net/anime/29095/Grisaia_no_Rakuen
1394,Hakumei to Mikochi,TV (12 eps),Jan 2018 - Mar 2018,"73,588 members",7.72,https://myanimelist.net/anime/36094/Hakumei_to_Mikochi
1395,Higashi no Eden,TV (11 eps),Apr 2009 - Jun 2009,"602,264 members",7.72,https://myanimelist.net/anime/5630/Higashi_no_Eden
1396,InuYasha: Kuroi Tessaiga,Special (1 eps),Jul 2008 - Jul 2008,"40,182 members",7.72,https://myanimelist.net/anime/4886/InuYasha__Kuroi_Tessaiga
1397,Kageki Shoujo!!,TV (13 eps),Jul 2021 - Sep 2021,"94,284 members",7.72,https://myanimelist.net/anime/43691/Kageki_Shoujo
1398,Kokoro Connect,TV (13 eps),Jul 2012 - Sep 2012,"897,330 members",7.72,https://myanimelist.net/anime/11887/Kokoro_Connect
1399,Kyou kara Maou! 3rd Series,TV (39 eps),Apr 2008 - Feb 2009,"38,045 members",7.72,https://myanimelist.net/anime/4080/Kyou_kara_Maou_3rd_Series
1400,Kyoukai no Kanata Movie 1: I'll Be Here - Kako-hen,Movie (1 eps),Mar 2015 - Mar 2015,"179,666 members",7.72,https://myanimelist.net/anime/25015/Kyoukai_no_Kanata_Movie_1__Ill_Be_Here_-_Kako-hen
1401,Ling Long: Incarnation Final Chapter,ONA (2 eps),May 2021 - May 2021,"2,894 members",7.72,https://myanimelist.net/anime/44090/Ling_Long__Incarnation_Final_Chapter
1402,Mono,TV (12 eps),Apr 2025 - Jun 2025,"53,479 members",7.72,https://myanimelist.net/anime/58492/Mono
1403,Neko no Ongaeshi,Movie (1 eps),Jul 2002 - Jul 2002,"309,481 members",7.72,https://myanimelist.net/anime/597/Neko_no_Ongaeshi
1404,Princess Connect! Re:Dive Season 2,TV (12 eps),Jan 2022 - Mar 2022,"144,011 members",7.72,https://myanimelist.net/anime/42670/Princess_Connect_Re_Dive_Season_2
1405,Princess Principal: Crown Handler 2,Movie (1 eps),Sep 2021 - Sep 2021,"19,908 members",7.72,https://myanimelist.net/anime/41140/Princess_Principal__Crown_Handler_2
1406,Rozen Maiden: Ouvertüre,TV Special (2 eps),Dec 2006 - Dec 2006,"64,518 members",7.72,https://myanimelist.net/anime/1719/Rozen_Maiden__Ouvertüre
1407,Shen Mu: Nian Fan,ONA (52 eps),Aug 2025 - Jul 2026,"1,262 members",7.72,https://myanimelist.net/anime/61921/Shen_Mu__Nian_Fan
1408,Shunkashuutou Daikousha: Haru no Mai,TV (14 eps),Mar 2026 - Jun 2026,"89,329 members",7.72,https://myanimelist.net/anime/61443/Shunkashuutou_Daikousha__Haru_no_Mai
1409,Slayers,TV (26 eps),Apr 1995 - Sep 1995,"156,370 members",7.72,https://myanimelist.net/anime/534/Slayers
1410,Tetsuwan Birdy Decode:02,TV (12 eps),Jan 2009 - Mar 2009,"56,407 members",7.72,https://myanimelist.net/anime/5074/Tetsuwan_Birdy_Decode_02
1411,Tonikaku Kawaii: Seifuku,Special (1 eps),Nov 2022 - Nov 2022,"115,223 members",7.72,https://myanimelist.net/anime/51533/Tonikaku_Kawaii__Seifuku
1412,Uchuu Kaizoku Captain Herlock,TV (42 eps),Mar 1978 - Feb 1979,"44,108 members",7.72,https://myanimelist.net/anime/1000/Uchuu_Kaizoku_Captain_Herlock
1413,Ueki no Housoku,TV (51 eps),Apr 2005 - Mar 2006,"127,057 members",7.72,https://myanimelist.net/anime/479/Ueki_no_Housoku
1414,Yao Shen Ji 7th Season,ONA (52 eps),Jan 2023 - Jul 2023,"3,245 members",7.72,https://myanimelist.net/anime/54285/Yao_Shen_Ji_7th_Season
1415,"Akagami no Shirayuki-hime: Nandemonai Takaramono, Kono Page",OVA (1 eps),Jan 2016 - Jan 2016,"86,592 members",7.71,https://myanimelist.net/anime/31483/Akagami_no_Shirayuki-hime__Nandemonai_Takaramono_Kono_Page
1416,Arakawa Under the Bridge x Bridge,TV (13 eps),Oct 2010 - Dec 2010,"174,226 members",7.71,https://myanimelist.net/anime/9074/Arakawa_Under_the_Bridge_x_Bridge
1417,Berserk: Ougon Jidai-hen I - Haou no Tamago,Movie (1 eps),Feb 2012 - Feb 2012,"249,934 members",7.71,https://myanimelist.net/anime/10218/Berserk__Ougon_Jidai-hen_I_-_Haou_no_Tamago
1418,Cang Yuan Tu 3,ONA (? eps),Apr 2026 -,"1,389 members",7.71,https://myanimelist.net/anime/62651/Cang_Yuan_Tu_3
1419,Date A Live V,TV (12 eps),Apr 2024 - Jun 2024,"148,122 members",7.71,https://myanimelist.net/anime/52196/Date_A_Live_V
1420,"Doukyonin wa Hiza, Tokidoki, Atama no Ue.",TV (12 eps),Jan 2019 - Mar 2019,"214,556 members",7.71,https://myanimelist.net/anime/38145/Doukyonin_wa_Hiza_Tokidoki_Atama_no_Ue
1421,Fanren Xiu Xian Zhuan: Chongzhi Ban,ONA (21 eps),Feb 2023 - Jun 2023,"1,822 members",7.71,https://myanimelist.net/anime/54444/Fanren_Xiu_Xian_Zhuan__Chongzhi_Ban
1422,Fate/Grand Order: Shuukyoku Tokuiten - Kani Jikan Shinden Solomon,Movie (1 eps),Jul 2021 - Jul 2021,"91,172 members",7.71,https://myanimelist.net/anime/41497/Fate_Grand_Order__Shuukyoku_Tokuiten_-_Kani_Jikan_Shinden_Solomon
1423,Final Fantasy VII: Advent Children,Movie (1 eps),Sep 2005 - Sep 2005,"221,029 members",7.71,https://myanimelist.net/anime/317/Final_Fantasy_VII__Advent_Children
1424,"Gate: Jieitai Kanochi nite, Kaku Tatakaeri Part 2",TV (12 eps),Jan 2016 - Mar 2016,"611,548 members",7.71,https://myanimelist.net/anime/31637/Gate__Jieitai_Kanochi_nite_Kaku_Tatakaeri_Part_2
1425,Given Movie 2: Hiiragi Mix Specials,Special (4 eps),Aug 2024 - Aug 2024,"3,139 members",7.71,https://myanimelist.net/anime/61511/Given_Movie_2__Hiiragi_Mix_Specials
1426,Isekai no Seikishi Monogatari,OVA (13 eps),May 2009 - May 2010,"217,993 members",7.71,https://myanimelist.net/anime/5781/Isekai_no_Seikishi_Monogatari
1427,Keroro Gunsou,TV (358 eps),Apr 2004 - Apr 2011,"84,749 members",7.71,https://myanimelist.net/anime/516/Keroro_Gunsou
1428,Kidou Senshi Gundam: Gyakushuu no Char,Movie (1 eps),Mar 1988 - Mar 1988,"60,766 members",7.71,https://myanimelist.net/anime/87/Kidou_Senshi_Gundam__Gyakushuu_no_Char
1429,Koukaku Kidoutai: Stand Alone Complex - Solid State Society 3D,Movie (1 eps),Mar 2011 - Mar 2011,"18,106 members",7.71,https://myanimelist.net/anime/10090/Koukaku_Kidoutai__Stand_Alone_Complex_-_Solid_State_Society_3D
1430,Kyoukai no Kanata,TV (12 eps),Oct 2013 - Dec 2013,"1,253,953 members",7.71,https://myanimelist.net/anime/18153/Kyoukai_no_Kanata
1431,Monogatari Series: Off & Monster Season - Zankoku Douwa: Utsukushi-hime,ONA (1 eps),Aug 2024 - Aug 2024,"13,028 members",7.71,https://myanimelist.net/anime/59612/Monogatari_Series__Off___Monster_Season_-_Zankoku_Douwa__Utsukushi-hime
1432,Princess Principal: Crown Handler 3,Movie (1 eps),Apr 2023 - Apr 2023,"14,900 members",7.71,https://myanimelist.net/anime/41141/Princess_Principal__Crown_Handler_3
1433,Princess Sara,TV (46 eps),Jan 1985 - Dec 1985,"24,402 members",7.71,https://myanimelist.net/anime/2547/Princess_Sara
1434,Psycho-Pass: Sinners of the System Case.3 - Onshuu no Kanata ni＿＿,Movie (1 eps),Mar 2019 - Mar 2019,"112,038 members",7.71,https://myanimelist.net/anime/37442/Psycho-Pass__Sinners_of_the_System_Case3_-_Onshuu_no_Kanata_ni＿＿
1435,Saiyuuki Reload: Burial,OVA (3 eps),Apr 2007 - Dec 2007,"14,949 members",7.71,https://myanimelist.net/anime/2143/Saiyuuki_Reload__Burial
1436,Shiki,TV (22 eps),Jul 2010 - Dec 2010,"655,534 members",7.71,https://myanimelist.net/anime/7724/Shiki
1437,Shoujo Kakumei Utena: Adolescence Mokushiroku,Movie (1 eps),Aug 1999 - Aug 1999,"63,234 members",7.71,https://myanimelist.net/anime/441/Shoujo_Kakumei_Utena__Adolescence_Mokushiroku
1438,Sidonia no Kishi: Daikyuu Wakusei Seneki,TV (12 eps),Apr 2015 - Jun 2015,"126,693 members",7.71,https://myanimelist.net/anime/24893/Sidonia_no_Kishi__Daikyuu_Wakusei_Seneki
1439,Tamayura: Sotsugyou Shashin Part 1 - Kizashi,Movie (1 eps),Apr 2015 - Apr 2015,"14,137 members",7.71,https://myanimelist.net/anime/25729/Tamayura__Sotsugyou_Shashin_Part_1_-_Kizashi
1440,Tegamibachi Reverse,TV (25 eps),Oct 2010 - Mar 2011,"67,647 members",7.71,https://myanimelist.net/anime/8311/Tegamibachi_Reverse
1441,Tensei shitara Slime Datta Ken 3rd Season,TV (24 eps),Apr 2024 - Sep 2024,"505,668 members",7.71,https://myanimelist.net/anime/53580/Tensei_shitara_Slime_Datta_Ken_3rd_Season
1442,Tenshi no Tamago,OVA (1 eps),Dec 1985 - Dec 1985,"190,727 members",7.71,https://myanimelist.net/anime/885/Tenshi_no_Tamago
1443,Tiger & Bunny Movie 2: The Rising,Movie (1 eps),Feb 2014 - Feb 2014,"34,664 members",7.71,https://myanimelist.net/anime/12017/Tiger___Bunny_Movie_2__The_Rising
1444,Tsuki ga Michibiku Isekai Douchuu,TV (12 eps),Jul 2021 - Sep 2021,"575,416 members",7.71,https://myanimelist.net/anime/43523/Tsuki_ga_Michibiku_Isekai_Douchuu
1445,Watashi no Ashinaga Ojisan,TV (40 eps),Jan 1990 - Dec 1990,"19,786 members",7.71,https://myanimelist.net/anime/1375/Watashi_no_Ashinaga_Ojisan
1446,Xingchen Bian 5th Season,ONA (28 eps),Dec 2022 - Jul 2023,"2,981 members",7.71,https://myanimelist.net/anime/51769/Xingchen_Bian_5th_Season
1447,Yamato Nadeshiko Shichihenge♥,TV (25 eps),Oct 2006 - Mar 2007,"173,304 members",7.71,https://myanimelist.net/anime/1562/Yamato_Nadeshiko_Shichihenge♥
1448,Bishoujo Senshi Sailor Moon S: Kaguya-hime no Koibito,Movie (1 eps),Dec 1994 - Dec 1994,"58,741 members",7.70,https://myanimelist.net/anime/997/Bishoujo_Senshi_Sailor_Moon_S__Kaguya-hime_no_Koibito
1449,Break Blade Movie 2: Ketsubetsu no Michi,Movie (1 eps),Jun 2010 - Jun 2010,"64,158 members",7.70,https://myanimelist.net/anime/8514/Break_Blade_Movie_2__Ketsubetsu_no_Michi
1450,Chuunibyou demo Koi ga Shitai!,TV (12 eps),Oct 2012 - Dec 2012,"1,482,627 members",7.70,https://myanimelist.net/anime/14741/Chuunibyou_demo_Koi_ga_Shitai
1451,Doraemon Movie 27: Nobita no Shin Makai Daibouken - 7-nin no Mahoutsukai,Movie (1 eps),Mar 2007 - Mar 2007,"13,160 members",7.70,https://myanimelist.net/anime/2673/Doraemon_Movie_27__Nobita_no_Shin_Makai_Daibouken_-_7-nin_no_Mahoutsukai
1452,Fate/Grand Carnival,OVA (4 eps),Dec 2020 - Oct 2021,"63,503 members",7.70,https://myanimelist.net/anime/44248/Fate_Grand_Carnival
1453,Isekai Shokudou 2,TV (12 eps),Oct 2021 - Dec 2021,"119,196 members",7.70,https://myanimelist.net/anime/48804/Isekai_Shokudou_2
1454,Jinrui wa Suitai Shimashita,TV (12 eps),Jul 2012 - Sep 2012,"203,103 members",7.70,https://myanimelist.net/anime/10357/Jinrui_wa_Suitai_Shimashita
1455,Joshikousei no Mudazukai,TV (12 eps),Jul 2019 - Sep 2019,"138,477 members",7.70,https://myanimelist.net/anime/38619/Joshikousei_no_Mudazukai
1456,Kore Kaite Shine,TV (12 eps),Jul 2026 - Sep 2026,"18,711 members",7.70,https://myanimelist.net/anime/61280/Kore_Kaite_Shine
1457,Kuroko no Basket 2nd Season NG-shuu,Special (9 eps),Jan 2014 - Sep 2014,"70,087 members",7.70,https://myanimelist.net/anime/22673/Kuroko_no_Basket_2nd_Season_NG-shuu
1458,Ling Long: Incarnation Special,ONA (1 eps),May 2021 - May 2021,"2,451 members",7.70,https://myanimelist.net/anime/48890/Ling_Long__Incarnation_Special
1459,Lycoris Recoil: Friends Are Thieves of Time.,ONA (6 eps),Apr 2025 - May 2025,"62,197 members",7.70,https://myanimelist.net/anime/59369/Lycoris_Recoil__Friends_Are_Thieves_of_Time
1460,Meitantei Conan Movie 16: 11-ninme no Striker,Movie (1 eps),Apr 2012 - Apr 2012,"49,478 members",7.70,https://myanimelist.net/anime/12117/Meitantei_Conan_Movie_16__11-ninme_no_Striker
1461,Nezha Zhi Mo Tong Jiang Shi,Movie (1 eps),Jul 2019 - Jul 2019,"22,996 members",7.70,https://myanimelist.net/anime/40111/Nezha_Zhi_Mo_Tong_Jiang_Shi
1462,Noragami OVA,OVA (2 eps),Feb 2014 - Jul 2014,"341,653 members",7.70,https://myanimelist.net/anime/20767/Noragami_OVA
1463,One Piece: Episode of Sabo - 3 Kyoudai no Kizuna Kiseki no Saikai to Uketsugareru Ishi,TV Special (1 eps),Aug 2015 - Aug 2015,"45,468 members",7.70,https://myanimelist.net/anime/31289/One_Piece__Episode_of_Sabo_-_3_Kyoudai_no_Kizuna_Kiseki_no_Saikai_to_Uketsugareru_Ishi
1464,One Punch Man: Road to Hero,OVA (1 eps),Dec 2015 - Dec 2015,"347,081 members",7.70,https://myanimelist.net/anime/31704/One_Punch_Man__Road_to_Hero
1465,Overlord Movie 2: Shikkoku no Eiyuu,Movie (1 eps),Mar 2017 - Mar 2017,"98,691 members",7.70,https://myanimelist.net/anime/34428/Overlord_Movie_2__Shikkoku_no_Eiyuu
1466,Pokemon Concierge,ONA (4 eps),Dec 2023 - Dec 2023,"19,021 members",7.70,https://myanimelist.net/anime/54633/Pokemon_Concierge
1467,Saint Seiya: Meiou Hades Juuni Kyuu-hen - Yomigaerishi Gold Saint-tachi no Shinwa,Special (2 eps),2003 - 2003,"10,776 members",7.70,https://myanimelist.net/anime/6154/Saint_Seiya__Meiou_Hades_Juuni_Kyuu-hen_-_Yomigaerishi_Gold_Saint-tachi_no_Shinwa
1468,School Rumble: Ichi Gakki Hoshuu,OVA (2 eps),Dec 2005 - Dec 2005,"62,533 members",7.70,https://myanimelist.net/anime/517/School_Rumble__Ichi_Gakki_Hoshuu
1469,Sword Art Online: Progressive Movie - Kuraki Yuuyami no Scherzo,Movie (1 eps),Oct 2022 - Oct 2022,"144,730 members",7.70,https://myanimelist.net/anime/50275/Sword_Art_Online__Progressive_Movie_-_Kuraki_Yuuyami_no_Scherzo
1470,Tomo-chan wa Onnanoko!,TV (13 eps),Jan 2023 - Mar 2023,"529,622 members",7.70,https://myanimelist.net/anime/52305/Tomo-chan_wa_Onnanoko
1471,Tomodachi Game,TV (12 eps),Apr 2022 - Jun 2022,"507,305 members",7.70,https://myanimelist.net/anime/50273/Tomodachi_Game
1472,Uma Musume: Pretty Derby Season 3,TV (13 eps),Oct 2023 - Dec 2023,"70,935 members",7.70,https://myanimelist.net/anime/53526/Uma_Musume__Pretty_Derby_Season_3
1473,Uramichi Oniisan,TV (13 eps),Jul 2021 - Sep 2021,"275,042 members",7.70,https://myanimelist.net/anime/40620/Uramichi_Oniisan
1474,Ushiro no Shoumen Daare,Movie (1 eps),Mar 1991 - Mar 1991,"16,066 members",7.70,https://myanimelist.net/anime/2753/Ushiro_no_Shoumen_Daare
1475,"Watashi ga Koibito ni Nareru Wake Nai jan, Muri Muri! (※Muri ja Nakatta!?)",TV (12 eps),Jul 2025 - Sep 2025,"114,339 members",7.70,https://myanimelist.net/anime/60326/Watashi_ga_Koibito_ni_Nareru_Wake_Nai_jan_Muri_Muri_※Muri_ja_Nakatta
1476,Wind Breaker,TV (13 eps),Apr 2024 - Jun 2024,"484,647 members",7.70,https://myanimelist.net/anime/54900/Wind_Breaker
1477,Xingchen Bian 4th Season,ONA (16 eps),Jan 2022 - Apr 2022,"3,527 members",7.70,https://myanimelist.net/anime/50667/Xingchen_Bian_4th_Season
1478,Yao Shen Ji 8th Season,ONA (52 eps),Apr 2024 - Jul 2024,"2,304 members",7.70,https://myanimelist.net/anime/58744/Yao_Shen_Ji_8th_Season
1479,Yuuki Yuuna wa Yuusha de Aru: Washio Sumi no Shou,TV (6 eps),Oct 2017 - Nov 2017,"49,398 members",7.70,https://myanimelist.net/anime/34284/Yuuki_Yuuna_wa_Yuusha_de_Aru__Washio_Sumi_no_Shou
1480,Zhe Tian Movie: Bei Guan Zhan Wang Teng,ONA (1 eps),Apr 2026 - Apr 2026,864 members,7.70,https://myanimelist.net/anime/63606/Zhe_Tian_Movie__Bei_Guan_Zhan_Wang_Teng
1481,Aikatsu Stars!,TV (100 eps),Apr 2016 - Mar 2018,"22,650 members",7.69,https://myanimelist.net/anime/32717/Aikatsu_Stars
1482,Aria the Animation,TV (13 eps),Oct 2005 - Dec 2005,"180,691 members",7.69,https://myanimelist.net/anime/477/Aria_the_Animation
1483,BanG Dream! 5th Anniversary Animation: CiRCLE Thanks Party!,ONA (2 eps),Mar 2022 - Mar 2022,"5,870 members",7.69,https://myanimelist.net/anime/51218/BanG_Dream_5th_Anniversary_Animation__CiRCLE_Thanks_Party
1484,Fruits Basket,TV (26 eps),Jul 2001 - Dec 2001,"571,774 members",7.69,https://myanimelist.net/anime/120/Fruits_Basket
1485,Gekkan Shoujo Nozaki-kun Specials,Special (6 eps),Sep 2014 - Feb 2015,"146,638 members",7.69,https://myanimelist.net/anime/27633/Gekkan_Shoujo_Nozaki-kun_Specials
1486,Haikyuu!! Lev Genzan!,OVA (1 eps),Mar 2015 - Mar 2015,"147,339 members",7.69,https://myanimelist.net/anime/25303/Haikyuu_Lev_Genzan
1487,Hakuouki Movie 2: Shikon Soukyuu,Movie (1 eps),Mar 2014 - Mar 2014,"24,627 members",7.69,https://myanimelist.net/anime/13119/Hakuouki_Movie_2__Shikon_Soukyuu
1488,Hanasakeru Seishounen,TV (39 eps),Apr 2009 - Feb 2010,"73,827 members",7.69,https://myanimelist.net/anime/5835/Hanasakeru_Seishounen
1489,Hataraku Maou-sama!,TV (13 eps),Apr 2013 - Jun 2013,"1,670,184 members",7.69,https://myanimelist.net/anime/15809/Hataraku_Maou-sama
1490,Hibike! Euphonium: Ensemble Contest-hen,Movie (1 eps),Aug 2023 - Aug 2023,"38,498 members",7.69,https://myanimelist.net/anime/51995/Hibike_Euphonium__Ensemble_Contest-hen
1491,IDOLiSH7,TV (17 eps),Jan 2018 - May 2018,"79,560 members",7.69,https://myanimelist.net/anime/33899/IDOLiSH7
1492,Kakushigoto Movie,Movie (1 eps),Jul 2021 - Jul 2021,"45,238 members",7.69,https://myanimelist.net/anime/44586/Kakushigoto_Movie
1493,Kidou Senshi Gundam Unicorn RE:0096,TV (22 eps),Apr 2016 - Sep 2016,"40,375 members",7.69,https://myanimelist.net/anime/32792/Kidou_Senshi_Gundam_Unicorn_RE_0096
1494,Kindaichi Shounen no Jikenbo Returns 2nd Season,TV (22 eps),Oct 2015 - Mar 2016,"13,299 members",7.69,https://myanimelist.net/anime/31227/Kindaichi_Shounen_no_Jikenbo_Returns_2nd_Season
1495,"Kobayashi-san Chi no Maid Dragon: Valentine, Soshite Onsen! - Amari Kitai Shinaide Kudasai",Special (1 eps),Sep 2017 - Sep 2017,"238,793 members",7.69,https://myanimelist.net/anime/35363/Kobayashi-san_Chi_no_Maid_Dragon__Valentine_Soshite_Onsen_-_Amari_Kitai_Shinaide_Kudasai
1496,Kyousou Giga (TV),TV (10 eps),Oct 2013 - Dec 2013,"212,269 members",7.69,https://myanimelist.net/anime/19703/Kyousou_Giga_TV
1497,Little Busters! EX,Special (8 eps),Jan 2014 - Jul 2014,"59,242 members",7.69,https://myanimelist.net/anime/20517/Little_Busters_EX
1498,Mahou Shoujo Madoka★Magica Movie 4: Walpurgis no Kaiten,Movie (1 eps),Aug 2026 - Aug 2026,"87,474 members",7.69,https://myanimelist.net/anime/48820/Mahou_Shoujo_Madoka★Magica_Movie_4__Walpurgis_no_Kaiten
1499,Muumindani no Suisei,Movie (1 eps),Aug 1992 - Aug 1992,"12,472 members",7.69,https://myanimelist.net/anime/2313/Muumindani_no_Suisei
1500,Naruto: Shippuuden Movie 6 - Road to Ninja,Movie (1 eps),Jul 2012 - Jul 2012,"385,250 members",7.69,https://myanimelist.net/anime/13667/Naruto__Shippuuden_Movie_6_-_Road_to_Ninja
1501,New Game!!,TV (12 eps),Jul 2017 - Sep 2017,"273,444 members",7.69,https://myanimelist.net/anime/34914/New_Game
1502,One Punch Man Specials,Special (6 eps),Dec 2015 - May 2016,"350,124 members",7.69,https://myanimelist.net/anime/31772/One_Punch_Man_Specials
1503,Psycho-Pass Movie 1,Movie (1 eps),Jan 2015 - Jan 2015,"294,417 members",7.69,https://myanimelist.net/anime/21339/Psycho-Pass_Movie_1
1504,Shigatsu wa Kimi no Uso: Moments,OVA (1 eps),May 2015 - May 2015,"121,535 members",7.69,https://myanimelist.net/anime/28069/Shigatsu_wa_Kimi_no_Uso__Moments
1505,Tsurune: Kazemai Koukou Kyuudou-bu,TV (13 eps),Oct 2018 - Jan 2019,"182,807 members",7.69,https://myanimelist.net/anime/36653/Tsurune__Kazemai_Koukou_Kyuudou-bu
1506,Yeon-ui Pyeonji,Movie (1 eps),Oct 2025 - Oct 2025,"6,286 members",7.69,https://myanimelist.net/anime/60020/Yeon-ui_Pyeonji
1507,"Yuru Yuri,",OVA (1 eps),Sep 2019 - Sep 2019,"36,620 members",7.69,https://myanimelist.net/anime/37773/Yuru_Yuri
1508,Zom 100: Zombie ni Naru made ni Shitai 100 no Koto,TV (12 eps),Jul 2023 - Dec 2023,"701,399 members",7.69,https://myanimelist.net/anime/54112/Zom_100__Zombie_ni_Naru_made_ni_Shitai_100_no_Koto
1509,Ani ni Tsukeru Kusuri wa Nai! 3,TV (12 eps),Oct 2019 - Dec 2019,"43,265 members",7.68,https://myanimelist.net/anime/39959/Ani_ni_Tsukeru_Kusuri_wa_Nai_3
1510,Asagao to Kase-san.,OVA (1 eps),Jun 2018 - Jun 2018,"136,824 members",7.68,https://myanimelist.net/anime/36214/Asagao_to_Kase-san
1511,Cardcaptor Sakura: Clear Card-hen,TV (22 eps),Jan 2018 - Jun 2018,"135,790 members",7.68,https://myanimelist.net/anime/33354/Cardcaptor_Sakura__Clear_Card-hen
1512,Chi's Sweet Home,TV (104 eps),Mar 2008 - Sep 2008,"69,004 members",7.68,https://myanimelist.net/anime/3841/Chis_Sweet_Home
1513,D.Gray-man Hallow,TV (13 eps),Jul 2016 - Sep 2016,"201,013 members",7.68,https://myanimelist.net/anime/32370/DGray-man_Hallow
1514,Doraemon Movie 07: Nobita to Tetsujin Heidan,Movie (1 eps),Mar 1986 - Mar 1986,"10,675 members",7.68,https://myanimelist.net/anime/2665/Doraemon_Movie_07__Nobita_to_Tetsujin_Heidan
1515,Doraemon Movie 26: Nobita no Kyouryuu 2006,Movie (1 eps),Mar 2006 - Mar 2006,"19,375 members",7.68,https://myanimelist.net/anime/2392/Doraemon_Movie_26__Nobita_no_Kyouryuu_2006
1516,Doraemon Movie 33: Nobita no Himitsu Dougu Museum,Movie (1 eps),Mar 2013 - Mar 2013,"10,800 members",7.68,https://myanimelist.net/anime/15925/Doraemon_Movie_33__Nobita_no_Himitsu_Dougu_Museum
1517,Hirogaru Sky! Precure,TV (50 eps),Feb 2023 - Jan 2024,"13,141 members",7.68,https://myanimelist.net/anime/53716/Hirogaru_Sky_Precure
1518,Hourou Musuko,TV (11 eps),Jan 2011 - Apr 2011,"138,291 members",7.68,https://myanimelist.net/anime/8426/Hourou_Musuko
1519,Konnichiwa Anne: Before Green Gables,TV (39 eps),Apr 2009 - Dec 2009,"9,547 members",7.68,https://myanimelist.net/anime/5494/Konnichiwa_Anne__Before_Green_Gables
1520,Koutetsujou no Kabaneri Movie 3: Unato Kessen,Movie (1 eps),May 2019 - May 2019,"153,791 members",7.68,https://myanimelist.net/anime/34544/Koutetsujou_no_Kabaneri_Movie_3__Unato_Kessen
1521,Love Live! Superstar!! 2nd Season,TV (12 eps),Jul 2022 - Oct 2022,"39,420 members",7.68,https://myanimelist.net/anime/50203/Love_Live_Superstar_2nd_Season
1522,Meitantei Conan Movie 21: Karakurenai no Love Letter,Movie (1 eps),Apr 2017 - Apr 2017,"36,604 members",7.68,https://myanimelist.net/anime/34430/Meitantei_Conan_Movie_21__Karakurenai_no_Love_Letter
1523,Migi to Dali,TV (13 eps),Oct 2023 - Dec 2023,"109,308 members",7.68,https://myanimelist.net/anime/50586/Migi_to_Dali
1524,Monsters: Ippyaku Sanjou Hiryuu Jigoku,ONA (1 eps),Jan 2024 - Jan 2024,"52,706 members",7.68,https://myanimelist.net/anime/56055/Monsters__Ippyaku_Sanjou_Hiryuu_Jigoku
1525,Nurarihyon no Mago OVA,OVA (2 eps),Dec 2012 - Mar 2013,"26,924 members",7.68,https://myanimelist.net/anime/15959/Nurarihyon_no_Mago_OVA
1526,Pokemon Movie 01: Mewtwo no Gyakushuu,Movie (1 eps),Jul 1998 - Jul 1998,"287,695 members",7.68,https://myanimelist.net/anime/528/Pokemon_Movie_01__Mewtwo_no_Gyakushuu
1527,Shingeki no Kyojin Season 3 Specials,Special (7 eps),Oct 2018 - Sep 2019,"44,969 members",7.68,https://myanimelist.net/anime/39477/Shingeki_no_Kyojin_Season_3_Specials
1528,Space Cobra,TV (31 eps),Oct 1982 - May 1983,"28,446 members",7.68,https://myanimelist.net/anime/2451/Space_Cobra
1529,Yuuki Yuuna wa Yuusha de Aru: Yuusha no Shou,TV (6 eps),Nov 2017 - Jan 2018,"45,352 members",7.68,https://myanimelist.net/anime/34445/Yuuki_Yuuna_wa_Yuusha_de_Aru__Yuusha_no_Shou
1530,3D Kanojo: Real Girl 2nd Season,TV (12 eps),Jan 2019 - Mar 2019,"211,562 members",7.67,https://myanimelist.net/anime/37956/3D_Kanojo__Real_Girl_2nd_Season
1531,Bai Yao Pu: Si Fu Pian,ONA (12 eps),Feb 2024 - May 2024,"2,991 members",7.67,https://myanimelist.net/anime/57995/Bai_Yao_Pu__Si_Fu_Pian
1532,Break Blade Movie 6: Doukoku no Toride,Movie (1 eps),Mar 2011 - Mar 2011,"57,110 members",7.67,https://myanimelist.net/anime/10092/Break_Blade_Movie_6__Doukoku_no_Toride
1533,Evangelion Movie 3: Q,Movie (1 eps),Nov 2012 - Nov 2012,"499,291 members",7.67,https://myanimelist.net/anime/3785/Evangelion_Movie_3__Q
1534,Free! Movie 2: Timeless Medley - Yakusoku,Movie (1 eps),Jul 2017 - Jul 2017,"48,744 members",7.67,https://myanimelist.net/anime/35191/Free_Movie_2__Timeless_Medley_-_Yakusoku
1535,"Gate: Jieitai Kanochi nite, Kaku Tatakaeri",TV (12 eps),Jul 2015 - Sep 2015,"897,997 members",7.67,https://myanimelist.net/anime/28907/Gate__Jieitai_Kanochi_nite_Kaku_Tatakaeri
1536,Ginga Tokkyuu Milky☆Subway Movie: Kakueki Teisha Gekijou Yuki,Movie (1 eps),Feb 2026 - Feb 2026,"5,168 members",7.67,https://myanimelist.net/anime/62518/Ginga_Tokkyuu_Milky☆Subway_Movie__Kakueki_Teisha_Gekijou_Yuki
1537,Ichigo Mashimaro Encore,OVA (2 eps),Jan 2009 - Mar 2009,"27,698 members",7.67,https://myanimelist.net/anime/4811/Ichigo_Mashimaro_Encore
1538,InuYasha Movie 2: Kagami no Naka no Mugenjou,Movie (1 eps),Dec 2002 - Dec 2002,"112,311 members",7.67,https://myanimelist.net/anime/450/InuYasha_Movie_2__Kagami_no_Naka_no_Mugenjou
1539,Jishou Akuyaku Reijou na Konyakusha no Kansatsu Kiroku.,TV (12 eps),Apr 2026 - Jun 2026,"71,323 members",7.67,https://myanimelist.net/anime/61687/Jishou_Akuyaku_Reijou_na_Konyakusha_no_Kansatsu_Kiroku
1540,Junjou Romantica OVA,OVA (2 eps),Dec 2012 - Dec 2015,"59,288 members",7.67,https://myanimelist.net/anime/13767/Junjou_Romantica_OVA
1541,Karakai Jouzu no Takagi-san,TV (12 eps),Jan 2018 - Mar 2018,"646,711 members",7.67,https://myanimelist.net/anime/35860/Karakai_Jouzu_no_Takagi-san
1542,Kill la Kill Specials,Special (2 eps),Sep 2014 - Sep 2014,"213,312 members",7.67,https://myanimelist.net/anime/21659/Kill_la_Kill_Specials
1543,Kimi no Koto ga Daidaidaidaidaisuki na 100-nin no Kanojo,TV (12 eps),Oct 2023 - Dec 2023,"349,675 members",7.67,https://myanimelist.net/anime/54714/Kimi_no_Koto_ga_Daidaidaidaidaisuki_na_100-nin_no_Kanojo
1544,Kino no Tabi: The Beautiful World - Byouki no Kuni - For You,Movie (1 eps),Apr 2007 - Apr 2007,"54,827 members",7.67,https://myanimelist.net/anime/2175/Kino_no_Tabi__The_Beautiful_World_-_Byouki_no_Kuni_-_For_You
1545,Kui Cheng Shoufu Cong Youxi Kaishi,ONA (16 eps),Feb 2024 - May 2024,"8,286 members",7.67,https://myanimelist.net/anime/57663/Kui_Cheng_Shoufu_Cong_Youxi_Kaishi
1546,Kun Tun Tianxia Zhi Zhang Men Guilai,ONA (12 eps),May 2025 - Jul 2025,"32,901 members",7.67,https://myanimelist.net/anime/60572/Kun_Tun_Tianxia_Zhi_Zhang_Men_Guilai
1547,Princess Principal,TV (12 eps),Jul 2017 - Sep 2017,"227,432 members",7.67,https://myanimelist.net/anime/35240/Princess_Principal
1548,Seitokai Yakuindomo*,TV (13 eps),Jan 2014 - Mar 2014,"274,192 members",7.67,https://myanimelist.net/anime/20847/Seitokai_Yakuindomo
1549,Shoujo☆Kageki Revue Starlight,TV (12 eps),Jul 2018 - Sep 2018,"99,736 members",7.67,https://myanimelist.net/anime/35503/Shoujo☆Kageki_Revue_Starlight
1550,Shuumatsu Nani Shitemasu ka? Isogashii desu ka? Sukutte Moratte Ii desu ka?,TV (12 eps),Apr 2017 - Jun 2017,"453,454 members",7.67,https://myanimelist.net/anime/33502/Shuumatsu_Nani_Shitemasu_ka_Isogashii_desu_ka_Sukutte_Moratte_Ii_desu_ka
1551,Sugar Apple Fairy Tale Part 2,TV (12 eps),Jul 2023 - Sep 2023,"83,911 members",7.67,https://myanimelist.net/anime/54842/Sugar_Apple_Fairy_Tale_Part_2
1552,Trapp Ikka Monogatari,TV (40 eps),Jan 1991 - Dec 1991,"9,730 members",7.67,https://myanimelist.net/anime/2557/Trapp_Ikka_Monogatari
1553,Watashi no Shiawase na Kekkon,TV (12 eps),Jul 2023 - Sep 2023,"396,680 members",7.67,https://myanimelist.net/anime/51552/Watashi_no_Shiawase_na_Kekkon
1554,Yama no Susume: Next Summit,TV (12 eps),Oct 2022 - Dec 2022,"29,196 members",7.67,https://myanimelist.net/anime/48491/Yama_no_Susume__Next_Summit
1555,Zhen Hun Jie 4th Season,ONA (26 eps),Nov 2024 - May 2025,"2,365 members",7.67,https://myanimelist.net/anime/59969/Zhen_Hun_Jie_4th_Season
1556,ACCA: 13-ku Kansatsu-ka,TV (12 eps),Jan 2017 - Mar 2017,"181,856 members",7.66,https://myanimelist.net/anime/33337/ACCA__13-ku_Kansatsu-ka
1557,Ai no Utagoe wo Kikasete,Movie (1 eps),Oct 2021 - Oct 2021,"126,008 members",7.66,https://myanimelist.net/anime/42847/Ai_no_Utagoe_wo_Kikasete
1558,Baka to Test to Shoukanjuu Ni!,TV (13 eps),Jul 2011 - Sep 2011,"387,931 members",7.66,https://myanimelist.net/anime/8516/Baka_to_Test_to_Shoukanjuu_Ni
1559,Bungou Stray Dogs: Hitori Ayumu,OVA (1 eps),Aug 2017 - Aug 2017,"188,923 members",7.66,https://myanimelist.net/anime/33071/Bungou_Stray_Dogs__Hitori_Ayumu
1560,Cang Yuan Tu: Dongning Fu Fanwai Pian,ONA (4 eps),Jul 2024 - Aug 2024,"2,266 members",7.66,https://myanimelist.net/anime/59245/Cang_Yuan_Tu__Dongning_Fu_Fanwai_Pian
1561,Daa! Daa! Daa!,TV (78 eps),Mar 2000 - Feb 2002,"27,972 members",7.66,https://myanimelist.net/anime/233/Daa_Daa_Daa
1562,Digimon Tamers,TV (51 eps),Apr 2001 - Mar 2002,"213,640 members",7.66,https://myanimelist.net/anime/874/Digimon_Tamers
1563,Doraemon Movie 40: Nobita no Shin Kyouryuu,Movie (1 eps),Aug 2020 - Aug 2020,"6,072 members",7.66,https://myanimelist.net/anime/40044/Doraemon_Movie_40__Nobita_no_Shin_Kyouryuu
1564,Doupo Cangqiong: Yuanqi,ONA (3 eps),Jul 2022 - Jul 2022,"4,423 members",7.66,https://myanimelist.net/anime/51038/Doupo_Cangqiong__Yuanqi
1565,Fairy Tail (2014),TV (102 eps),Apr 2014 - Mar 2016,"1,087,261 members",7.66,https://myanimelist.net/anime/22043/Fairy_Tail_2014
1566,Giovanni no Shima,Movie (1 eps),Feb 2014 - Feb 2014,"36,565 members",7.66,https://myanimelist.net/anime/19115/Giovanni_no_Shima
1567,Hai to Gensou no Grimgar,TV (12 eps),Jan 2016 - Mar 2016,"817,641 members",7.66,https://myanimelist.net/anime/31859/Hai_to_Gensou_no_Grimgar
1568,Hanhua Riji 3rd Season,ONA (12 eps),Jul 2022 - Oct 2022,"4,446 members",7.66,https://myanimelist.net/anime/50401/Hanhua_Riji_3rd_Season
1569,High School Fleet Movie,Movie (1 eps),Jan 2020 - Jan 2020,"19,620 members",7.66,https://myanimelist.net/anime/37704/High_School_Fleet_Movie
1570,"Himesama ""Goumon"" no Jikan desu 2nd Season",TV (12 eps),Jan 2026 - Mar 2026,"29,618 members",7.66,https://myanimelist.net/anime/58524/Himesama_Goumon_no_Jikan_desu_2nd_Season
1571,Initial D Battle Stage 2,OVA (1 eps),May 2007 - May 2007,"34,984 members",7.66,https://myanimelist.net/anime/3931/Initial_D_Battle_Stage_2
1572,Junjou Romantica 2,TV (12 eps),Oct 2008 - Dec 2008,"189,664 members",7.66,https://myanimelist.net/anime/4814/Junjou_Romantica_2
1573,Kami nomi zo Shiru Sekai: Tenri-hen,OVA (2 eps),Oct 2012 - Dec 2012,"144,906 members",7.66,https://myanimelist.net/anime/15117/Kami_nomi_zo_Shiru_Sekai__Tenri-hen
1574,Kanojo to Kanojo no Neko: Everything Flows,TV (4 eps),Mar 2016 - Mar 2016,"147,992 members",7.66,https://myanimelist.net/anime/32491/Kanojo_to_Kanojo_no_Neko__Everything_Flows
1575,Kengan Ashura Part 2,ONA (12 eps),Oct 2019 - Oct 2019,"123,028 members",7.66,https://myanimelist.net/anime/40269/Kengan_Ashura_Part_2
1576,Kitarou Tanjou: Gegege no Nazo,Movie (1 eps),Nov 2023 - Nov 2023,"10,257 members",7.66,https://myanimelist.net/anime/48426/Kitarou_Tanjou__Gegege_no_Nazo
1577,Kuroko no Basket 3rd Season NG-shuu,Special (9 eps),Apr 2015 - Dec 2015,"49,193 members",7.66,https://myanimelist.net/anime/30311/Kuroko_no_Basket_3rd_Season_NG-shuu
1578,Love Live! Nijigasaki Gakuen School Idol Doukoukai 2nd Season,TV (13 eps),Apr 2022 - Jun 2022,"45,025 members",7.66,https://myanimelist.net/anime/48916/Love_Live_Nijigasaki_Gakuen_School_Idol_Doukoukai_2nd_Season
1579,Love Live! Nijigasaki Gakuen School Idol Doukoukai: Kanketsu-hen,Movie (1 eps),Sep 2024 - Sep 2024,"9,675 members",7.66,https://myanimelist.net/anime/55748/Love_Live_Nijigasaki_Gakuen_School_Idol_Doukoukai__Kanketsu-hen
1580,Macross F: Close Encounter - Deculture Edition,Special (1 eps),Dec 2007 - Dec 2007,"13,517 members",7.66,https://myanimelist.net/anime/4454/Macross_F__Close_Encounter_-_Deculture_Edition
1581,Master Keaton,TV (24 eps),Oct 1998 - Mar 1999,"33,322 members",7.66,https://myanimelist.net/anime/1483/Master_Keaton
1582,Meitantei Conan Movie 17: Zekkai no Private Eye,Movie (1 eps),Apr 2013 - Apr 2013,"44,252 members",7.66,https://myanimelist.net/anime/14735/Meitantei_Conan_Movie_17__Zekkai_no_Private_Eye
1583,Meitantei Precure!,TV (? eps),Feb 2026 -,"8,538 members",7.66,https://myanimelist.net/anime/63042/Meitantei_Precure
1584,Mob Psycho 100: Dai Ikkai Rei toka Soudansho Ian Ryokou - Kokoro Mitasu Iyashi no Tabi,OVA (1 eps),Sep 2019 - Sep 2019,"121,650 members",7.66,https://myanimelist.net/anime/39651/Mob_Psycho_100__Dai_Ikkai_Rei_toka_Soudansho_Ian_Ryokou_-_Kokoro_Mitasu_Iyashi_no_Tabi
1585,Mousou Dairinin,TV (13 eps),Feb 2004 - May 2004,"484,481 members",7.66,https://myanimelist.net/anime/323/Mousou_Dairinin
1586,Psycho-Pass Movie 2: Providence,Movie (1 eps),May 2023 - May 2023,"62,699 members",7.66,https://myanimelist.net/anime/52747/Psycho-Pass_Movie_2__Providence
1587,Rilakkuma to Kaoru-san,ONA (13 eps),Apr 2019 - Apr 2019,"18,112 members",7.66,https://myanimelist.net/anime/35777/Rilakkuma_to_Kaoru-san
1588,Seikai no Senki,TV (13 eps),Apr 2000 - Jul 2000,"37,101 members",7.66,https://myanimelist.net/anime/396/Seikai_no_Senki
1589,Shin Kidou Senki Gundam Wing,TV (49 eps),Apr 1995 - Mar 1996,"173,221 members",7.66,https://myanimelist.net/anime/90/Shin_Kidou_Senki_Gundam_Wing
1590,Shin Mazinger Shougeki! Z-hen,TV (26 eps),Apr 2009 - Sep 2009,"17,677 members",7.66,https://myanimelist.net/anime/5485/Shin_Mazinger_Shougeki_Z-hen
1591,Tenkuu no Escaflowne,TV (26 eps),Apr 1996 - Sep 1996,"180,495 members",7.66,https://myanimelist.net/anime/182/Tenkuu_no_Escaflowne
1592,Tondemo Skill de Isekai Hourou Meshi 2,TV (12 eps),Oct 2025 - Dec 2025,"150,842 members",7.66,https://myanimelist.net/anime/57025/Tondemo_Skill_de_Isekai_Hourou_Meshi_2
1593,Uchuu Senkan Yamato 2202: Ai no Senshi-tachi,OVA (26 eps),Feb 2017 - Mar 2019,"26,264 members",7.66,https://myanimelist.net/anime/33064/Uchuu_Senkan_Yamato_2202__Ai_no_Senshi-tachi
1594,Wu Dong Qian Kun 2nd Season,ONA (12 eps),Jul 2020 - Sep 2020,"6,344 members",7.66,https://myanimelist.net/anime/42266/Wu_Dong_Qian_Kun_2nd_Season
1595,Xiehou Ta de Shaonu Shidai,ONA (18 eps),May 2024 - Sep 2024,"14,394 members",7.66,https://myanimelist.net/anime/56960/Xiehou_Ta_de_Shaonu_Shidai
1596,Xing Yu Siwan Nian,ONA (16 eps),Oct 2022 - Jan 2023,"3,138 members",7.66,https://myanimelist.net/anime/51390/Xing_Yu_Siwan_Nian
1597,Arashi no Yoru ni,Movie (1 eps),Dec 2005 - Dec 2005,"25,994 members",7.65,https://myanimelist.net/anime/1961/Arashi_no_Yoru_ni
1598,Arslan Senki (TV),TV (25 eps),Apr 2015 - Sep 2015,"401,153 members",7.65,https://myanimelist.net/anime/28249/Arslan_Senki_TV
1599,Binbougami ga!,TV (13 eps),Jul 2012 - Sep 2012,"251,412 members",7.65,https://myanimelist.net/anime/13535/Binbougami_ga
1600,Boku no Kokoro no Yabai Yatsu: Twi-Yaba,ONA (1 eps),Dec 2023 - Dec 2023,"39,376 members",7.65,https://myanimelist.net/anime/56948/Boku_no_Kokoro_no_Yabai_Yatsu__Twi-Yaba
1601,Bokura wa Minna Kawai-sou,TV (12 eps),Apr 2014 - Jun 2014,"408,892 members",7.65,https://myanimelist.net/anime/21405/Bokura_wa_Minna_Kawai-sou
1602,Code Geass: Hangyaku no Lelouch II - Handou,Movie (1 eps),Feb 2018 - Feb 2018,"84,593 members",7.65,https://myanimelist.net/anime/34439/Code_Geass__Hangyaku_no_Lelouch_II_-_Handou
1603,Date A Bullet: Nightmare or Queen,Movie (1 eps),Nov 2020 - Nov 2020,"83,702 members",7.65,https://myanimelist.net/anime/42423/Date_A_Bullet__Nightmare_or_Queen
1604,Doupo Cangqiong 2nd Season,ONA (12 eps),Mar 2018 - May 2018,"12,395 members",7.65,https://myanimelist.net/anime/37176/Doupo_Cangqiong_2nd_Season
1605,Doupo Cangqiong Special 1,ONA (2 eps),Sep 2017 - Oct 2017,"6,848 members",7.65,https://myanimelist.net/anime/36561/Doupo_Cangqiong_Special_1
1606,Durarara!!x2 Shou: Watashi no Kokoro wa Nabe Moyou,Special (1 eps),Jul 2015 - Jul 2015,"71,765 members",7.65,https://myanimelist.net/anime/30191/Durararax2_Shou__Watashi_no_Kokoro_wa_Nabe_Moyou
1607,Gakuen Alice,TV (26 eps),Oct 2004 - May 2005,"107,591 members",7.65,https://myanimelist.net/anime/74/Gakuen_Alice
1608,Hayate no Gotoku!!,TV (25 eps),Apr 2009 - Sep 2009,"120,547 members",7.65,https://myanimelist.net/anime/4192/Hayate_no_Gotoku
1609,Heartcatch Precure! Movie: Hana no Miyako de Fashion Show... desu ka!?,Movie (1 eps),Oct 2010 - Oct 2010,"9,031 members",7.65,https://myanimelist.net/anime/9288/Heartcatch_Precure_Movie__Hana_no_Miyako_de_Fashion_Show_desu_ka
1610,Ichigo Mashimaro OVA,OVA (3 eps),Feb 2007 - Apr 2007,"31,492 members",7.65,https://myanimelist.net/anime/1888/Ichigo_Mashimaro_OVA
1611,Kengan Ashura Season 2,ONA (12 eps),Sep 2023 - Sep 2023,"50,351 members",7.65,https://myanimelist.net/anime/51369/Kengan_Ashura_Season_2
1612,Kimi to Boku.,TV (13 eps),Oct 2011 - Dec 2011,"197,878 members",7.65,https://myanimelist.net/anime/10460/Kimi_to_Boku
1613,Kuroshitsuji,TV (24 eps),Oct 2008 - Mar 2009,"1,286,192 members",7.65,https://myanimelist.net/anime/4898/Kuroshitsuji
1614,Layton Kyouju to Eien no Utahime,Movie (1 eps),Dec 2009 - Dec 2009,"31,445 members",7.65,https://myanimelist.net/anime/6172/Layton_Kyouju_to_Eien_no_Utahime
1615,Mahouka Koukou no Rettousei: Tsuioku-hen,TV Special (1 eps),Dec 2021 - Dec 2021,"101,305 members",7.65,https://myanimelist.net/anime/48375/Mahouka_Koukou_no_Rettousei__Tsuioku-hen
1616,Minami-ke Tadaima,TV (13 eps),Jan 2013 - Mar 2013,"63,271 members",7.65,https://myanimelist.net/anime/14511/Minami-ke_Tadaima
1617,Mitsudomoe Zouryouchuu!,TV (8 eps),Jan 2011 - Feb 2011,"49,864 members",7.65,https://myanimelist.net/anime/9510/Mitsudomoe_Zouryouchuu
1618,Non Non Biyori: Okinawa e Ikukoto ni Natta,OVA (1 eps),Jul 2014 - Jul 2014,"71,045 members",7.65,https://myanimelist.net/anime/21667/Non_Non_Biyori__Okinawa_e_Ikukoto_ni_Natta
1619,Poyopoyo Kansatsu Nikki,TV (52 eps),Jan 2012 - Dec 2012,"23,382 members",7.65,https://myanimelist.net/anime/12021/Poyopoyo_Kansatsu_Nikki
1620,Rokuhou-dou Yotsuiro Biyori,TV (12 eps),Apr 2018 - Jun 2018,"38,037 members",7.65,https://myanimelist.net/anime/36513/Rokuhou-dou_Yotsuiro_Biyori
1621,Rurouni Kenshin DVD-BOX Special Ending,Special (1 eps),May 2007 - May 2007,"19,742 members",7.65,https://myanimelist.net/anime/6591/Rurouni_Kenshin_DVD-BOX_Special_Ending
1622,Seto no Hanayome,TV (26 eps),Apr 2007 - Oct 2007,"349,891 members",7.65,https://myanimelist.net/anime/2104/Seto_no_Hanayome
1623,Shirobako Movie,Movie (1 eps),Feb 2020 - Feb 2020,"56,139 members",7.65,https://myanimelist.net/anime/37804/Shirobako_Movie
1624,Toaru Kagaku no Railgun,TV (24 eps),Oct 2009 - Mar 2010,"653,884 members",7.65,https://myanimelist.net/anime/6213/Toaru_Kagaku_no_Railgun
1625,Tonikaku Kawaii 2nd Season,TV (12 eps),Apr 2023 - Jun 2023,"302,836 members",7.65,https://myanimelist.net/anime/50307/Tonikaku_Kawaii_2nd_Season
1626,Tsuritama,TV (12 eps),Apr 2012 - Jun 2012,"178,125 members",7.65,https://myanimelist.net/anime/12883/Tsuritama
1627,30-sai made Doutei dato Mahoutsukai ni Nareru Rashii,TV (12 eps),Jan 2024 - Mar 2024,"101,701 members",7.64,https://myanimelist.net/anime/55973/30-sai_made_Doutei_dato_Mahoutsukai_ni_Nareru_Rashii
1628,Akebi-chan no Sailor-fuku,TV (12 eps),Jan 2022 - Mar 2022,"218,748 members",7.64,https://myanimelist.net/anime/48553/Akebi-chan_no_Sailor-fuku
1629,Aoi Bungaku Series,TV (12 eps),Oct 2009 - Dec 2009,"235,610 members",7.64,https://myanimelist.net/anime/7193/Aoi_Bungaku_Series
1630,Bishoujo Senshi Sailor Moon SuperS,TV (39 eps),Mar 1995 - Mar 1996,"131,117 members",7.64,https://myanimelist.net/anime/1239/Bishoujo_Senshi_Sailor_Moon_SuperS
1631,Cardcaptor Sakura Movie 1,Movie (1 eps),Aug 1999 - Aug 1999,"107,202 members",7.64,https://myanimelist.net/anime/371/Cardcaptor_Sakura_Movie_1
1632,Dadao Chaotian,ONA (16 eps),Oct 2024 - Jan 2025,"1,254 members",7.64,https://myanimelist.net/anime/59916/Dadao_Chaotian
1633,Dragon Ball Z Movie 12: Fukkatsu no Fusion!! Gokuu to Vegeta,Movie (1 eps),Mar 1995 - Mar 1995,"172,090 members",7.64,https://myanimelist.net/anime/905/Dragon_Ball_Z_Movie_12__Fukkatsu_no_Fusion_Gokuu_to_Vegeta
1634,Full Metal Panic! The Second Raid: Wari to Hima na Sentaichou no Ichinichi,Special (1 eps),May 2006 - May 2006,"74,535 members",7.64,https://myanimelist.net/anime/1015/Full_Metal_Panic_The_Second_Raid__Wari_to_Hima_na_Sentaichou_no_Ichinichi
1635,Gensou Mangekyou: The Memories of Phantasm,OVA (? eps),Aug 2011 -,"11,835 members",7.64,https://myanimelist.net/anime/55315/Gensou_Mangekyou__The_Memories_of_Phantasm
1636,Ichigo Mashimaro,TV (12 eps),Jul 2005 - Oct 2005,"133,467 members",7.64,https://myanimelist.net/anime/488/Ichigo_Mashimaro
1637,Kimagure Orange☆Road: Ano Hi ni Kaeritai,Movie (1 eps),Oct 1988 - Oct 1988,"11,875 members",7.64,https://myanimelist.net/anime/2454/Kimagure_Orange☆Road__Ano_Hi_ni_Kaeritai
1638,Kuroko no Basket NG-shuu,Special (9 eps),Jul 2012 - Mar 2013,"70,285 members",7.64,https://myanimelist.net/anime/15487/Kuroko_no_Basket_NG-shuu
1639,Love Live! Sunshine!! The School Idol Movie: Over the Rainbow,Movie (1 eps),Jan 2019 - Jan 2019,"49,893 members",7.64,https://myanimelist.net/anime/37027/Love_Live_Sunshine_The_School_Idol_Movie__Over_the_Rainbow
1640,Machikado Mazoku,TV (12 eps),Jul 2019 - Sep 2019,"183,448 members",7.64,https://myanimelist.net/anime/39071/Machikado_Mazoku
1641,Meitantei Conan Movie 28: Sekigan no Flashback,Movie (1 eps),Apr 2025 - Apr 2025,"9,163 members",7.64,https://myanimelist.net/anime/60445/Meitantei_Conan_Movie_28__Sekigan_no_Flashback
1642,Minami-ke,TV (13 eps),Oct 2007 - Dec 2007,"185,394 members",7.64,https://myanimelist.net/anime/2963/Minami-ke
1643,Natsume Yuujinchou: Nyanko-sensei to Hajimete no Otsukai,Special (1 eps),Dec 2013 - Dec 2013,"39,566 members",7.64,https://myanimelist.net/anime/18849/Natsume_Yuujinchou__Nyanko-sensei_to_Hajimete_no_Otsukai
1644,Oniichan wa Oshimai!,TV (12 eps),Jan 2023 - Mar 2023,"195,389 members",7.64,https://myanimelist.net/anime/51678/Oniichan_wa_Oshimai
1645,Overlord Movie 1: Fushisha no Ou,Movie (1 eps),Feb 2017 - Feb 2017,"101,806 members",7.64,https://myanimelist.net/anime/34161/Overlord_Movie_1__Fushisha_no_Ou
1646,Pandora Hearts,TV (25 eps),Apr 2009 - Sep 2009,"456,828 members",7.64,https://myanimelist.net/anime/5530/Pandora_Hearts
1647,Pretty Rhythm: Rainbow Live,TV (51 eps),Apr 2013 - Mar 2014,"15,318 members",7.64,https://myanimelist.net/anime/17249/Pretty_Rhythm__Rainbow_Live
1648,Ranma ½ Super,OVA (3 eps),Sep 1995 - Jan 1996,"22,788 members",7.64,https://myanimelist.net/anime/1011/Ranma_½_Super
1649,Sasaki to Miyano: Koi ni Kizuku Mae no Chotto Shita Hanashi.,OVA (1 eps),Jul 2022 - Jul 2022,"45,172 members",7.64,https://myanimelist.net/anime/50672/Sasaki_to_Miyano__Koi_ni_Kizuku_Mae_no_Chotto_Shita_Hanashi
1650,Seikai no Senki III,OVA (2 eps),Aug 2005 - Aug 2005,"19,130 members",7.64,https://myanimelist.net/anime/398/Seikai_no_Senki_III
1651,Senki Zesshou Symphogear AXZ,TV (13 eps),Jul 2017 - Oct 2017,"40,696 members",7.64,https://myanimelist.net/anime/32836/Senki_Zesshou_Symphogear_AXZ
1652,Shinigami Bocchan to Kuro Maid 2nd Season,TV (12 eps),Jul 2023 - Sep 2023,"104,291 members",7.64,https://myanimelist.net/anime/49858/Shinigami_Bocchan_to_Kuro_Maid_2nd_Season
1653,Star☆Twinkle Precure,TV (49 eps),Feb 2019 - Jan 2020,"14,971 members",7.64,https://myanimelist.net/anime/38578/Star☆Twinkle_Precure
1654,Uchuu Senkan Yamato 2205: Aratanaru Tabidachi,OVA (8 eps),Oct 2021 - Feb 2022,"8,895 members",7.64,https://myanimelist.net/anime/40389/Uchuu_Senkan_Yamato_2205__Aratanaru_Tabidachi
1655,Wonderful Precure!,TV (50 eps),Feb 2024 - Jan 2025,"9,727 members",7.64,https://myanimelist.net/anime/57390/Wonderful_Precure
1656,Yong Sheng: Tai Yuan Xian Fu,ONA (26 eps),Dec 2025 - May 2026,"1,091 members",7.64,https://myanimelist.net/anime/62911/Yong_Sheng__Tai_Yuan_Xian_Fu
1657,Yowamushi Pedal: New Generation,TV (25 eps),Jan 2017 - Jun 2017,"87,441 members",7.64,https://myanimelist.net/anime/31783/Yowamushi_Pedal__New_Generation
1658,5-toubun no Hanayome,TV (12 eps),Jan 2019 - Mar 2019,"1,096,098 members",7.63,https://myanimelist.net/anime/38101/5-toubun_no_Hanayome
1659,Aggressive Retsuko (ONA),ONA (10 eps),Apr 2018 - Apr 2018,"198,037 members",7.63,https://myanimelist.net/anime/36904/Aggressive_Retsuko_ONA
1660,AKB0048: Next Stage,TV (13 eps),Jan 2013 - Mar 2013,"39,285 members",7.63,https://myanimelist.net/anime/14941/AKB0048__Next_Stage
1661,Ansatsu Kyoushitsu: Kagaijugyou-hen,ONA (8 eps),Mar 2016 - May 2016,"77,992 members",7.63,https://myanimelist.net/anime/32863/Ansatsu_Kyoushitsu__Kagaijugyou-hen
1662,Ao Haru Ride,TV (12 eps),Jul 2014 - Sep 2014,"1,026,348 members",7.63,https://myanimelist.net/anime/21995/Ao_Haru_Ride
1663,Bleach Movie 4: Jigoku-hen,Movie (1 eps),Dec 2010 - Dec 2010,"238,194 members",7.63,https://myanimelist.net/anime/8247/Bleach_Movie_4__Jigoku-hen
1664,Bokura wa Minna Kawai-sou: Hajimete no,Special (1 eps),Jan 2015 - Jan 2015,"54,239 members",7.63,https://myanimelist.net/anime/24913/Bokura_wa_Minna_Kawai-sou__Hajimete_no
1665,Candy Candy,TV (115 eps),Oct 1976 - Feb 1979,"35,630 members",7.63,https://myanimelist.net/anime/2800/Candy_Candy
1666,Dekiru Neko wa Kyou mo Yuuutsu,TV (13 eps),Jul 2023 - Sep 2023,"129,313 members",7.63,https://myanimelist.net/anime/51916/Dekiru_Neko_wa_Kyou_mo_Yuuutsu
1667,Drifters: Special Edition,OVA (1 eps),Jun 2016 - Jun 2016,"37,147 members",7.63,https://myanimelist.net/anime/33032/Drifters__Special_Edition
1668,Fairy Tail: Final Series,TV (51 eps),Oct 2018 - Sep 2019,"566,861 members",7.63,https://myanimelist.net/anime/35972/Fairy_Tail__Final_Series
1669,Fanren Xiu Xian Zhuan: Yan Jia Bao Dazhan,ONA (4 eps),Jan 2021 - Feb 2021,"4,334 members",7.63,https://myanimelist.net/anime/45558/Fanren_Xiu_Xian_Zhuan__Yan_Jia_Bao_Dazhan
1670,Fate/Grand Order: Shinsei Entaku Ryouiki Camelot 2 - Paladin; Agateram,Movie (1 eps),May 2021 - May 2021,"90,271 members",7.63,https://myanimelist.net/anime/38086/Fate_Grand_Order__Shinsei_Entaku_Ryouiki_Camelot_2_-_Paladin__Agateram
1671,Genshiken,TV (12 eps),Oct 2004 - Dec 2004,"195,133 members",7.63,https://myanimelist.net/anime/240/Genshiken
1672,Gintama on Theater 2D: Ikkoku Keisei-hen,Movie (1 eps),Jun 2024 - Jun 2024,"6,007 members",7.63,https://myanimelist.net/anime/58091/Gintama_on_Theater_2D__Ikkoku_Keisei-hen
1673,Jebal Joyonghi Jom Hae!,ONA (5 eps),Sep 2025 - Sep 2025,"7,064 members",7.63,https://myanimelist.net/anime/62419/Jebal_Joyonghi_Jom_Hae
1674,Kami nomi zo Shiru Sekai,TV (12 eps),Oct 2010 - Dec 2010,"669,256 members",7.63,https://myanimelist.net/anime/8525/Kami_nomi_zo_Shiru_Sekai
1675,Kamonohashi Ron no Kindan Suiri 2nd Season,TV (13 eps),Oct 2024 - Dec 2024,"68,746 members",7.63,https://myanimelist.net/anime/57635/Kamonohashi_Ron_no_Kindan_Suiri_2nd_Season
1676,Karaoke Iko!,TV (5 eps),Jul 2025 - Sep 2025,"26,778 members",7.63,https://myanimelist.net/anime/60131/Karaoke_Iko
1677,Kiniro Mosaic: Thank You!!,Movie (1 eps),Aug 2021 - Aug 2021,"15,420 members",7.63,https://myanimelist.net/anime/41471/Kiniro_Mosaic__Thank_You
1678,Lupin III,TV (23 eps),Oct 1971 - Mar 1972,"113,192 members",7.63,https://myanimelist.net/anime/1412/Lupin_III
1679,Macross Δ Movie 2: Zettai Live!!!,Movie (1 eps),Oct 2021 - Oct 2021,"10,527 members",7.63,https://myanimelist.net/anime/38373/Macross_Δ_Movie_2__Zettai_Live
1680,Mahou Shoujo Lyrical Nanoha StrikerS,TV (26 eps),Apr 2007 - Sep 2007,"57,057 members",7.63,https://myanimelist.net/anime/1915/Mahou_Shoujo_Lyrical_Nanoha_StrikerS
1681,Maria-sama ga Miteru: Haru,TV (13 eps),Jul 2004 - Sep 2004,"30,827 members",7.63,https://myanimelist.net/anime/444/Maria-sama_ga_Miteru__Haru
1682,Meitantei Conan Movie 10: Tantei-tachi no Requiem Recap,TV Special (1 eps),2006 - 2006,"11,358 members",7.63,https://myanimelist.net/anime/7305/Meitantei_Conan_Movie_10__Tantei-tachi_no_Requiem_Recap
1683,Orange,TV (13 eps),Jul 2016 - Sep 2016,"911,151 members",7.63,https://myanimelist.net/anime/32729/Orange
1684,Osomatsu-san 2nd Season,TV (25 eps),Oct 2017 - Mar 2018,"58,112 members",7.63,https://myanimelist.net/anime/35067/Osomatsu-san_2nd_Season
1685,Seikai no Monshou,TV (13 eps),Jan 1999 - Mar 1999,"58,691 members",7.63,https://myanimelist.net/anime/290/Seikai_no_Monshou
1686,Sidonia no Kishi,TV (12 eps),Apr 2014 - Jun 2014,"247,706 members",7.63,https://myanimelist.net/anime/19775/Sidonia_no_Kishi
1687,Slam Dunk: Hoero Basketman-damashii! Hanamichi to Rukawa no Atsuki Natsu,Movie (1 eps),Jul 1995 - Jul 1995,"19,744 members",7.63,https://myanimelist.net/anime/2499/Slam_Dunk__Hoero_Basketman-damashii_Hanamichi_to_Rukawa_no_Atsuki_Natsu
1688,Soukyuu no Fafner: Dead Aggressor - Exodus Part 2,TV (13 eps),Oct 2015 - Dec 2015,"16,633 members",7.63,https://myanimelist.net/anime/30549/Soukyuu_no_Fafner__Dead_Aggressor_-_Exodus_Part_2
1689,The iDOLM@STER Movie: Kagayaki no Mukougawa e!,Movie (1 eps),Jan 2014 - Jan 2014,"26,334 members",7.63,https://myanimelist.net/anime/17437/The_iDOLMSTER_Movie__Kagayaki_no_Mukougawa_e
1690,Tondemo Skill de Isekai Hourou Meshi,TV (12 eps),Jan 2023 - Mar 2023,"352,495 members",7.63,https://myanimelist.net/anime/53446/Tondemo_Skill_de_Isekai_Hourou_Meshi
1691,Wind Breaker Season 2,TV (12 eps),Apr 2025 - Jun 2025,"245,037 members",7.63,https://myanimelist.net/anime/59160/Wind_Breaker_Season_2
1692,Working!!,TV (13 eps),Apr 2010 - Jun 2010,"458,257 members",7.63,https://myanimelist.net/anime/6956/Working
1693,Yama no Susume Third Season,TV (13 eps),Jul 2018 - Sep 2018,"29,825 members",7.63,https://myanimelist.net/anime/35672/Yama_no_Susume_Third_Season
1694,3-nen Z-gumi Ginpachi-sensei,TV (12 eps),Oct 2025 - Dec 2025,"47,745 members",7.62,https://myanimelist.net/anime/54757/3-nen_Z-gumi_Ginpachi-sensei
1695,Ansatsu Kyoushitsu Movie: Minna no Jikan,Movie (1 eps),Mar 2026 - Mar 2026,"35,966 members",7.62,https://myanimelist.net/anime/62421/Ansatsu_Kyoushitsu_Movie__Minna_no_Jikan
1696,Ashita no Nadja,TV (50 eps),Feb 2003 - Jan 2004,"36,927 members",7.62,https://myanimelist.net/anime/1946/Ashita_no_Nadja
1697,Black Jack (TV),TV (61 eps),Oct 2004 - Mar 2006,"41,788 members",7.62,https://myanimelist.net/anime/2213/Black_Jack_TV
1698,Bounen no Xamdou,ONA (26 eps),Jul 2008 - Feb 2009,"154,324 members",7.62,https://myanimelist.net/anime/4177/Bounen_no_Xamdou
1699,Break Blade Movie 1: Kakusei no Toki,Movie (1 eps),May 2010 - May 2010,"88,377 members",7.62,https://myanimelist.net/anime/6772/Break_Blade_Movie_1__Kakusei_no_Toki
1700,Dead Dead Demons Dededede Destruction,Movie (2 eps),Mar 2024 - May 2024,"36,568 members",7.62,https://myanimelist.net/anime/51358/Dead_Dead_Demons_Dededede_Destruction
1701,Di Yi Xulie,ONA (16 eps),Jul 2023 - Oct 2023,"2,522 members",7.62,https://myanimelist.net/anime/55733/Di_Yi_Xulie
1702,Digimon Adventure Movie,Movie (1 eps),Mar 1999 - Mar 1999,"121,413 members",7.62,https://myanimelist.net/anime/2961/Digimon_Adventure_Movie
1703,Flip Flappers,TV (13 eps),Oct 2016 - Dec 2016,"206,245 members",7.62,https://myanimelist.net/anime/32979/Flip_Flappers
1704,Free!: FrFr - Short Movie,Special (7 eps),Sep 2013 - Jan 2014,"75,737 members",7.62,https://myanimelist.net/anime/19671/Free__FrFr_-_Short_Movie
1705,Fune wo Amu,TV (11 eps),Oct 2016 - Dec 2016,"137,199 members",7.62,https://myanimelist.net/anime/32948/Fune_wo_Amu
1706,Hachimitsu to Clover Specials,Special (2 eps),Dec 2005 - Feb 2006,"32,909 members",7.62,https://myanimelist.net/anime/644/Hachimitsu_to_Clover_Specials
1707,Hanma Baki: Son of Ogre,ONA (12 eps),Sep 2021 - Sep 2021,"204,898 members",7.62,https://myanimelist.net/anime/42940/Hanma_Baki__Son_of_Ogre
1708,Hibike! Euphonium Movie 1: Kitauji Koukou Suisougaku-bu e Youkoso,Movie (1 eps),Apr 2016 - Apr 2016,"35,807 members",7.62,https://myanimelist.net/anime/31989/Hibike_Euphonium_Movie_1__Kitauji_Koukou_Suisougaku-bu_e_Youkoso
1709,Inuyashiki,TV (11 eps),Oct 2017 - Dec 2017,"712,877 members",7.62,https://myanimelist.net/anime/34542/Inuyashiki
1710,Jungle wa Itsumo Hare nochi Guu Final,OVA (7 eps),Dec 2003 - Jun 2004,"10,999 members",7.62,https://myanimelist.net/anime/255/Jungle_wa_Itsumo_Hare_nochi_Guu_Final
1711,K: Missing Kings,Movie (1 eps),Jul 2014 - Jul 2014,"268,349 members",7.62,https://myanimelist.net/anime/16904/K__Missing_Kings
1712,Kidou Keisatsu Patlabor: New OVA,OVA (16 eps),Nov 1990 - Apr 1992,"13,321 members",7.62,https://myanimelist.net/anime/1289/Kidou_Keisatsu_Patlabor__New_OVA
1713,"Kimi to, Nami ni Noretara",Movie (1 eps),Jun 2019 - Jun 2019,"265,412 members",7.62,https://myanimelist.net/anime/38594/Kimi_to_Nami_ni_Noretara
1714,Ling Long: Incarnation Middle Chapter,ONA (1 eps),Nov 2019 - Nov 2019,"3,195 members",7.62,https://myanimelist.net/anime/42985/Ling_Long__Incarnation_Middle_Chapter
1715,"Mikadono Sanshimai wa Angai, Choroi.",TV (12 eps),Jul 2025 - Sep 2025,"123,568 members",7.62,https://myanimelist.net/anime/59207/Mikadono_Sanshimai_wa_Angai_Choroi
1716,Nejimaki Seirei Senki: Tenkyou no Alderamin,TV (13 eps),Jul 2016 - Oct 2016,"351,740 members",7.62,https://myanimelist.net/anime/31764/Nejimaki_Seirei_Senki__Tenkyou_no_Alderamin
1717,Nijusseiki Denki Mokuroku: Eureka Evrika,TV (13 eps),Jul 2026 - Sep 2026,"88,936 members",7.62,https://myanimelist.net/anime/62856/Nijusseiki_Denki_Mokuroku__Eureka_Evrika
1718,Ojamajo Carnival!!,ONA (1 eps),Mar 2024 - Mar 2024,"2,267 members",7.62,https://myanimelist.net/anime/58535/Ojamajo_Carnival
1719,Piano no Mori,Movie (1 eps),Jul 2007 - Jul 2007,"73,208 members",7.62,https://myanimelist.net/anime/2594/Piano_no_Mori
1720,Rozen Maiden: Träumend,TV (12 eps),Oct 2005 - Jan 2006,"111,991 members",7.62,https://myanimelist.net/anime/65/Rozen_Maiden__Träumend
1721,Rurouni Kenshin: Meiji Kenkaku Romantan (2023),TV (24 eps),Jul 2023 - Dec 2023,"156,777 members",7.62,https://myanimelist.net/anime/50613/Rurouni_Kenshin__Meiji_Kenkaku_Romantan_2023
1722,Shixiong A Shixiong 2nd Season,ONA (26 eps),Dec 2023 - May 2024,"2,358 members",7.62,https://myanimelist.net/anime/57442/Shixiong_A_Shixiong_2nd_Season
1723,Shuumatsu no Walküre III,ONA (15 eps),Dec 2025 - Dec 2025,"66,874 members",7.62,https://myanimelist.net/anime/61200/Shuumatsu_no_Walküre_III
1724,Tamayura: More Aggressive,TV (12 eps),Jul 2013 - Sep 2013,"23,174 members",7.62,https://myanimelist.net/anime/15731/Tamayura__More_Aggressive
1725,Tensei shitara Slime Datta Ken Movie: Guren no Kizuna-hen,Movie (1 eps),Nov 2022 - Nov 2022,"256,090 members",7.62,https://myanimelist.net/anime/49877/Tensei_shitara_Slime_Datta_Ken_Movie__Guren_no_Kizuna-hen
1726,Aggressive Retsuko,TV (100 eps),Apr 2016 - Mar 2018,"115,621 members",7.61,https://myanimelist.net/anime/32977/Aggressive_Retsuko
1727,Arknights: Perish in Frost,TV (8 eps),Oct 2023 - Nov 2023,"61,636 members",7.61,https://myanimelist.net/anime/53881/Arknights__Perish_in_Frost
1728,D4DJ First Mix,TV (13 eps),Oct 2020 - Jan 2021,"48,729 members",7.61,https://myanimelist.net/anime/39681/D4DJ_First_Mix
1729,Dakaretai Otoko 1-i ni Odosarete Imasu. Movie: Spain-hen,Movie (1 eps),Oct 2021 - Oct 2021,"41,148 members",7.61,https://myanimelist.net/anime/48780/Dakaretai_Otoko_1-i_ni_Odosarete_Imasu_Movie__Spain-hen
1730,Diamond no Ace: Second Season OVA,OVA (2 eps),Aug 2016 - Oct 2016,"12,872 members",7.61,https://myanimelist.net/anime/34349/Diamond_no_Ace__Second_Season_OVA
1731,Digimon Adventure tri. 3: Kokuhaku,Movie (1 eps),Sep 2016 - Sep 2016,"79,083 members",7.61,https://myanimelist.net/anime/32551/Digimon_Adventure_tri_3__Kokuhaku
1732,Doraemon Movie 37: Nobita no Nankyoku Kachikochi Daibouken,Movie (1 eps),Mar 2017 - Mar 2017,"8,471 members",7.61,https://myanimelist.net/anime/33672/Doraemon_Movie_37__Nobita_no_Nankyoku_Kachikochi_Daibouken
1733,Eikoku Koi Monogatari Emma,TV (12 eps),Apr 2005 - Jun 2005,"66,461 members",7.61,https://myanimelist.net/anime/345/Eikoku_Koi_Monogatari_Emma
1734,Free! Eternal Summer,TV (13 eps),Jul 2014 - Sep 2014,"444,021 members",7.61,https://myanimelist.net/anime/22265/Free_Eternal_Summer
1735,Free! Movie 1: Timeless Medley - Kizuna,Movie (1 eps),Apr 2017 - Apr 2017,"55,938 members",7.61,https://myanimelist.net/anime/33845/Free_Movie_1__Timeless_Medley_-_Kizuna
1736,Gabriel DropOut Specials,Special (2 eps),Mar 2017 - May 2017,"75,910 members",7.61,https://myanimelist.net/anime/34855/Gabriel_DropOut_Specials
1737,Gakkougurashi!,TV (12 eps),Jul 2015 - Sep 2015,"487,886 members",7.61,https://myanimelist.net/anime/24765/Gakkougurashi
1738,Genshiken OVA,OVA (3 eps),Dec 2006 - Apr 2007,"54,765 members",7.61,https://myanimelist.net/anime/1813/Genshiken_OVA
1739,Hirano to Kagiura,Movie (1 eps),Feb 2023 - Feb 2023,"31,219 members",7.61,https://myanimelist.net/anime/52364/Hirano_to_Kagiura
1740,Huyao Xiao Hongniang 3: Yue Hong Pian,ONA (13 eps),Jun 2016 - Sep 2016,"14,324 members",7.61,https://myanimelist.net/anime/33446/Huyao_Xiao_Hongniang_3__Yue_Hong_Pian
1741,Jigoku Shoujo Mitsuganae,TV (26 eps),Oct 2008 - Apr 2009,"108,795 members",7.61,https://myanimelist.net/anime/3713/Jigoku_Shoujo_Mitsuganae
1742,Juubee Ninpuuchou,Movie (1 eps),Jun 1993 - Jun 1993,"162,866 members",7.61,https://myanimelist.net/anime/617/Juubee_Ninpuuchou
1743,Kino no Tabi: The Beautiful World - The Animated Series,TV (12 eps),Oct 2017 - Dec 2017,"234,109 members",7.61,https://myanimelist.net/anime/35079/Kino_no_Tabi__The_Beautiful_World_-_The_Animated_Series
1744,Kishibe Rohan wa Ugokanai,OVA (4 eps),Sep 2017 - Mar 2020,"168,333 members",7.61,https://myanimelist.net/anime/33191/Kishibe_Rohan_wa_Ugokanai
1745,Koupen-chan,TV (? eps),Apr 2025 -,"7,255 members",7.61,https://myanimelist.net/anime/60534/Koupen-chan
1746,Koyomimonogatari,ONA (12 eps),Jan 2016 - Mar 2016,"275,013 members",7.61,https://myanimelist.net/anime/32268/Koyomimonogatari
1747,Kyou kara Maou!,TV (78 eps),Apr 2004 - Feb 2006,"124,849 members",7.61,https://myanimelist.net/anime/251/Kyou_kara_Maou
1748,Kyoukai no Kanata: Shinonome,Special (1 eps),Jul 2014 - Jul 2014,"140,950 members",7.61,https://myanimelist.net/anime/23385/Kyoukai_no_Kanata__Shinonome
1749,Mahoujin Guruguru,TV (45 eps),Oct 1994 - Sep 1995,"12,396 members",7.61,https://myanimelist.net/anime/331/Mahoujin_Guruguru
1750,Mashle,TV (12 eps),Apr 2023 - Jul 2023,"824,215 members",7.61,https://myanimelist.net/anime/52211/Mashle
1751,Meitantei Conan: Conan vs. Kid - Shark & Jewel,Movie (1 eps),Jul 2005 - Jul 2005,"9,447 members",7.61,https://myanimelist.net/anime/9785/Meitantei_Conan__Conan_vs_Kid_-_Shark___Jewel
1752,Ongaku,Movie (1 eps),Jan 2020 - Jan 2020,"17,557 members",7.61,https://myanimelist.net/anime/40331/Ongaku
1753,Owari no Seraph: Nagoya Kessen-hen,TV (12 eps),Oct 2015 - Dec 2015,"863,341 members",7.61,https://myanimelist.net/anime/28927/Owari_no_Seraph__Nagoya_Kessen-hen
1754,Persona 3 the Movie 2: Midsummer Knight's Dream,Movie (1 eps),Jun 2014 - Jun 2014,"98,729 members",7.61,https://myanimelist.net/anime/21473/Persona_3_the_Movie_2__Midsummer_Knights_Dream
1755,Persona 3 the Movie 3: Falling Down,Movie (1 eps),Apr 2015 - Apr 2015,"88,285 members",7.61,https://myanimelist.net/anime/24543/Persona_3_the_Movie_3__Falling_Down
1756,Pokemon: Mezase Pokemon Master,TV (11 eps),Jan 2023 - Mar 2023,"31,299 members",7.61,https://myanimelist.net/anime/53874/Pokemon__Mezase_Pokemon_Master
1757,PriPara,TV (140 eps),Jul 2014 - Mar 2017,"25,222 members",7.61,https://myanimelist.net/anime/23135/PriPara
1758,R.O.D: Read or Die,OVA (3 eps),May 2001 - Feb 2002,"78,257 members",7.61,https://myanimelist.net/anime/208/ROD__Read_or_Die
1759,Servant x Service,TV (13 eps),Jul 2013 - Sep 2013,"237,868 members",7.61,https://myanimelist.net/anime/18119/Servant_x_Service
1760,Shingeki no Bahamut: Genesis,TV (12 eps),Oct 2014 - Dec 2014,"441,632 members",7.61,https://myanimelist.net/anime/21843/Shingeki_no_Bahamut__Genesis
1761,Shixiong A Shixiong,ONA (13 eps),Jan 2023 - Apr 2023,"3,240 members",7.61,https://myanimelist.net/anime/54123/Shixiong_A_Shixiong
1762,Tenchi Muyou! Ryououki,OVA (6 eps),Sep 1992 - Mar 1993,"59,517 members",7.61,https://myanimelist.net/anime/539/Tenchi_Muyou_Ryououki
1763,Tenchi Muyou! Ryououki 2nd Season,OVA (6 eps),Sep 1994 - Sep 1995,"31,332 members",7.61,https://myanimelist.net/anime/540/Tenchi_Muyou_Ryououki_2nd_Season
1764,The iDOLM@STER,TV (25 eps),Jul 2011 - Dec 2011,"161,226 members",7.61,https://myanimelist.net/anime/10278/The_iDOLMSTER
1765,Tokyo Revengers: Seiya Kessen-hen,TV (13 eps),Jan 2023 - Apr 2023,"439,060 members",7.61,https://myanimelist.net/anime/50608/Tokyo_Revengers__Seiya_Kessen-hen
1766,UFO Robo Grendizer,TV (74 eps),Oct 1975 - Feb 1977,"14,524 members",7.61,https://myanimelist.net/anime/1985/UFO_Robo_Grendizer
1767,Utawarerumono,TV (26 eps),Apr 2006 - Sep 2006,"184,205 members",7.61,https://myanimelist.net/anime/856/Utawarerumono
1768,Bishoujo Senshi Sailor Moon Eternal Movie 1,Movie (1 eps),Jan 2021 - Jan 2021,"37,212 members",7.60,https://myanimelist.net/anime/40024/Bishoujo_Senshi_Sailor_Moon_Eternal_Movie_1
1769,Blood+,TV (50 eps),Oct 2005 - Sep 2006,"401,138 members",7.60,https://myanimelist.net/anime/150/Blood_
1770,Chrno Crusade,TV (24 eps),Nov 2003 - Jun 2004,"239,666 members",7.60,https://myanimelist.net/anime/60/Chrno_Crusade
1771,Date A Bullet: Dead or Bullet,Movie (1 eps),Aug 2020 - Aug 2020,"119,959 members",7.60,https://myanimelist.net/anime/40416/Date_A_Bullet__Dead_or_Bullet
1772,Fairy Tail: 100-nen Quest,TV (25 eps),Jul 2024 - Jan 2025,"177,815 members",7.60,https://myanimelist.net/anime/49785/Fairy_Tail__100-nen_Quest
1773,Free! Dive to the Future,TV (12 eps),Jul 2018 - Sep 2018,"196,051 members",7.60,https://myanimelist.net/anime/36704/Free_Dive_to_the_Future
1774,Fushigi Yuugi,TV (52 eps),Apr 1995 - Mar 1996,"130,704 members",7.60,https://myanimelist.net/anime/123/Fushigi_Yuugi
1775,"Fuufu Ijou, Koibito Miman.",TV (12 eps),Oct 2022 - Dec 2022,"454,224 members",7.60,https://myanimelist.net/anime/50425/Fuufu_Ijou_Koibito_Miman
1776,Hakkenden: Touhou Hakken Ibun 2nd Season,TV (13 eps),Jul 2013 - Sep 2013,"67,332 members",7.60,https://myanimelist.net/anime/18055/Hakkenden__Touhou_Hakken_Ibun_2nd_Season
1777,Hakuouki Movie 1: Kyoto Ranbu,Movie (1 eps),Aug 2013 - Aug 2013,"31,415 members",7.60,https://myanimelist.net/anime/13117/Hakuouki_Movie_1__Kyoto_Ranbu
1778,Hanhua Riji 2nd Season,ONA (12 eps),Nov 2020 - Jan 2021,"4,481 members",7.60,https://myanimelist.net/anime/42956/Hanhua_Riji_2nd_Season
1779,Heion Sedai no Idaten-tachi,TV (11 eps),Jul 2021 - Sep 2021,"212,552 members",7.60,https://myanimelist.net/anime/42625/Heion_Sedai_no_Idaten-tachi
1780,Hoshiai no Sora,TV (12 eps),Oct 2019 - Dec 2019,"222,774 members",7.60,https://myanimelist.net/anime/37972/Hoshiai_no_Sora
1781,Jigoku Shoujo,TV (26 eps),Oct 2005 - Apr 2006,"389,142 members",7.60,https://myanimelist.net/anime/228/Jigoku_Shoujo
1782,K: Seven Stories Movie 5 - Memory of Red - Burn,Movie (1 eps),Nov 2018 - Nov 2018,"24,610 members",7.60,https://myanimelist.net/anime/37306/K__Seven_Stories_Movie_5_-_Memory_of_Red_-_Burn
1783,Kareshi Kanojo no Jijou,TV (26 eps),Oct 1998 - Mar 1999,"258,330 members",7.60,https://myanimelist.net/anime/145/Kareshi_Kanojo_no_Jijou
1784,Kekkaishi,TV (52 eps),Oct 2006 - Feb 2008,"119,735 members",7.60,https://myanimelist.net/anime/1606/Kekkaishi
1785,Kidou Butouden G Gundam,TV (49 eps),Apr 1994 - Mar 1995,"76,476 members",7.60,https://myanimelist.net/anime/96/Kidou_Butouden_G_Gundam
1786,Kimitachi wa Dou Ikiru ka,Movie (1 eps),Jul 2023 - Jul 2023,"154,730 members",7.60,https://myanimelist.net/anime/36699/Kimitachi_wa_Dou_Ikiru_ka
1787,Love Live! Sunshine!! 2nd Season,TV (13 eps),Oct 2017 - Dec 2017,"124,979 members",7.60,https://myanimelist.net/anime/34973/Love_Live_Sunshine_2nd_Season
1788,Mahou Shoujo ni Akogarete,TV (13 eps),Jan 2024 - Mar 2024,"212,491 members",7.60,https://myanimelist.net/anime/54722/Mahou_Shoujo_ni_Akogarete
1789,Meitantei Conan Movie 09: Suihei Senjou no Strategy Recap,TV Special (1 eps),Apr 2005 - Apr 2005,"10,679 members",7.60,https://myanimelist.net/anime/7471/Meitantei_Conan_Movie_09__Suihei_Senjou_no_Strategy_Recap
1790,Nurarihyon no Mago,TV (24 eps),Jul 2010 - Dec 2010,"291,155 members",7.60,https://myanimelist.net/anime/7592/Nurarihyon_no_Mago
1791,Ponkotsu Fuuki Iin to Skirt-take ga Futekisetsu na JK no Hanashi,TV (12 eps),Apr 2026 - Jun 2026,"69,379 members",7.60,https://myanimelist.net/anime/61425/Ponkotsu_Fuuki_Iin_to_Skirt-take_ga_Futekisetsu_na_JK_no_Hanashi
1792,Project Sekai Movie: Kowareta Sekai to Utaenai Miku,Movie (1 eps),Jan 2025 - Jan 2025,"36,779 members",7.60,https://myanimelist.net/anime/59419/Project_Sekai_Movie__Kowareta_Sekai_to_Utaenai_Miku
1793,Puparia,ONA (1 eps),Nov 2020 - Nov 2020,"64,342 members",7.60,https://myanimelist.net/anime/44059/Puparia
1794,Saint Seiya: Meiou Hades Elysion-hen,OVA (6 eps),Mar 2008 - Aug 2008,"45,119 members",7.60,https://myanimelist.net/anime/3515/Saint_Seiya__Meiou_Hades_Elysion-hen
1795,Sekaiichi Hatsukoi,TV (12 eps),Apr 2011 - Jun 2011,"231,965 members",7.60,https://myanimelist.net/anime/9926/Sekaiichi_Hatsukoi
1796,Tegamibachi,TV (25 eps),Oct 2009 - Mar 2010,"128,736 members",7.60,https://myanimelist.net/anime/6444/Tegamibachi
1797,Tennis no Oujisama: Another Story - Kako to Mirai no Message,OVA (4 eps),May 2009 - Sep 2009,"16,677 members",7.60,https://myanimelist.net/anime/5751/Tennis_no_Oujisama__Another_Story_-_Kako_to_Mirai_no_Message
1798,Tianbao Fuyao Lu,ONA (13 eps),Jul 2020 - Sep 2020,"10,928 members",7.60,https://myanimelist.net/anime/40735/Tianbao_Fuyao_Lu
1799,Toaru Hikuushi e no Tsuioku,Movie (1 eps),Oct 2011 - Oct 2011,"81,614 members",7.60,https://myanimelist.net/anime/9000/Toaru_Hikuushi_e_no_Tsuioku
1800,Toumei Otoko to Ningen Onna: Sonouchi Fuufu ni Naru Futari,TV (12 eps),Jan 2026 - Mar 2026,"59,526 members",7.60,https://myanimelist.net/anime/60395/Toumei_Otoko_to_Ningen_Onna__Sonouchi_Fuufu_ni_Naru_Futari
1801,Wakakusa Monogatari: Nan to Jo-sensei,TV (40 eps),Jan 1993 - Dec 1993,"7,640 members",7.60,https://myanimelist.net/anime/2558/Wakakusa_Monogatari__Nan_to_Jo-sensei
1802,Yao Shen Ji 9th Season,ONA (52 eps),Jul 2025 - Oct 2025,"1,383 members",7.60,https://myanimelist.net/anime/62026/Yao_Shen_Ji_9th_Season
1803,Yuuki Yuuna wa Yuusha de Aru: Washio Sumi no Shou 1 - Tomodachi,Movie (1 eps),Mar 2017 - Mar 2017,"16,413 members",7.60,https://myanimelist.net/anime/34374/Yuuki_Yuuna_wa_Yuusha_de_Aru__Washio_Sumi_no_Shou_1_-_Tomodachi
1804,Ani ni Tsukeru Kusuri wa Nai! 4,TV (12 eps),Oct 2020 - Dec 2020,"33,537 members",7.59,https://myanimelist.net/anime/42238/Ani_ni_Tsukeru_Kusuri_wa_Nai_4
1805,Asobi Asobase Specials,Special (2 eps),Nov 2018 - Dec 2018,"51,225 members",7.59,https://myanimelist.net/anime/38002/Asobi_Asobase_Specials
1806,Biao Ren Er,ONA (8 eps),Jun 2026 - Jul 2026,"2,530 members",7.59,https://myanimelist.net/anime/62241/Biao_Ren_Er
1807,Black Jack 21,TV (17 eps),Apr 2006 - Sep 2006,"15,151 members",7.59,https://myanimelist.net/anime/2214/Black_Jack_21
1808,Boku no Hero Academia the Movie 3: World Heroes' Mission,Movie (1 eps),Aug 2021 - Aug 2021,"297,780 members",7.59,https://myanimelist.net/anime/44200/Boku_no_Hero_Academia_the_Movie_3__World_Heroes_Mission
1809,Bokura no,TV (24 eps),Apr 2007 - Sep 2007,"204,598 members",7.59,https://myanimelist.net/anime/1690/Bokura_no
1810,Chuuka Ichiban!,TV (52 eps),Apr 1997 - Sep 1998,"22,144 members",7.59,https://myanimelist.net/anime/110/Chuuka_Ichiban
1811,Dragon Ball Super: Super Hero,Movie (1 eps),Jun 2022 - Jun 2022,"152,592 members",7.59,https://myanimelist.net/anime/48903/Dragon_Ball_Super__Super_Hero
1812,Dragon Ball Z Special 1: Tatta Hitori no Saishuu Kessen,TV Special (1 eps),Oct 1990 - Oct 1990,"117,640 members",7.59,https://myanimelist.net/anime/986/Dragon_Ball_Z_Special_1__Tatta_Hitori_no_Saishuu_Kessen
1813,Final Fantasy VII: Advent Children - Venice Film Festival Footage,Movie (1 eps),Sep 2005 - Sep 2005,"13,652 members",7.59,https://myanimelist.net/anime/6152/Final_Fantasy_VII__Advent_Children_-_Venice_Film_Festival_Footage
1814,Full Metal Panic!,TV (24 eps),Jan 2002 - Jun 2002,"538,015 members",7.59,https://myanimelist.net/anime/71/Full_Metal_Panic
1815,Hokuto no Ken 2,TV (43 eps),Mar 1987 - Feb 1988,"35,491 members",7.59,https://myanimelist.net/anime/1356/Hokuto_no_Ken_2
1816,Initial D Battle Stage,OVA (1 eps),May 2002 - May 2002,"43,505 members",7.59,https://myanimelist.net/anime/821/Initial_D_Battle_Stage
1817,Kagami no Kojou,Movie (1 eps),Dec 2022 - Dec 2022,"43,197 members",7.59,https://myanimelist.net/anime/51116/Kagami_no_Kojou
1818,Kaitou Saint Tail,TV (43 eps),Oct 1995 - Sep 1996,"24,239 members",7.59,https://myanimelist.net/anime/1567/Kaitou_Saint_Tail
1819,Kekkai Sensen,TV (12 eps),Apr 2015 - Oct 2015,"955,922 members",7.59,https://myanimelist.net/anime/24439/Kekkai_Sensen
1820,Kidou Senshi Gundam: GQuuuuuuX - Beginning,Movie (1 eps),Jan 2025 - Jan 2025,"10,109 members",7.59,https://myanimelist.net/anime/61295/Kidou_Senshi_Gundam__GQuuuuuuX_-_Beginning
1821,Kimi no Iro,Movie (1 eps),Aug 2024 - Aug 2024,"44,609 members",7.59,https://myanimelist.net/anime/53747/Kimi_no_Iro
1822,Ling Long: Incarnation,ONA (6 eps),Jul 2019 - Sep 2019,"9,016 members",7.59,https://myanimelist.net/anime/39675/Ling_Long__Incarnation
1823,Long Zu II: Daowangzhe Zhi Tong,ONA (24 eps),Jul 2025 - Dec 2025,"18,182 members",7.59,https://myanimelist.net/anime/59662/Long_Zu_II__Daowangzhe_Zhi_Tong
1824,Majin Tantei Nougami Neuro,TV (25 eps),Oct 2007 - Mar 2008,"72,222 members",7.59,https://myanimelist.net/anime/2985/Majin_Tantei_Nougami_Neuro
1825,Nanatsu no Taizai,TV (24 eps),Oct 2014 - Mar 2015,"2,233,228 members",7.59,https://myanimelist.net/anime/23755/Nanatsu_no_Taizai
1826,Naruto: Shippuuden - Sunny Side Battle,Special (1 eps),Oct 2013 - Oct 2013,"81,296 members",7.59,https://myanimelist.net/anime/19511/Naruto__Shippuuden_-_Sunny_Side_Battle
1827,Re:Zero kara Hajimeru Isekai Seikatsu - Hyouketsu no Kizuna - Manner Movie,Movie (1 eps),Nov 2019 - Nov 2019,"56,798 members",7.59,https://myanimelist.net/anime/41590/Re_Zero_kara_Hajimeru_Isekai_Seikatsu_-_Hyouketsu_no_Kizuna_-_Manner_Movie
1828,Sakamoto Days,TV (11 eps),Jan 2025 - Mar 2025,"535,197 members",7.59,https://myanimelist.net/anime/58939/Sakamoto_Days
1829,Shen Lan Qi Yu Wushuang Zhu: Hong Bao Pian,ONA (15 eps),Jan 2023 - Apr 2023,"1,305 members",7.59,https://myanimelist.net/anime/53367/Shen_Lan_Qi_Yu_Wushuang_Zhu__Hong_Bao_Pian
1830,Shin Tennis no Oujisama vs. Genius 10,OVA (10 eps),Oct 2014 - Jun 2015,"21,547 members",7.59,https://myanimelist.net/anime/21755/Shin_Tennis_no_Oujisama_vs_Genius_10
1831,Strike Witches Movie,Movie (1 eps),Mar 2012 - Mar 2012,"45,328 members",7.59,https://myanimelist.net/anime/9751/Strike_Witches_Movie
1832,Sword Art Online: Alicization - War of Underworld,TV (12 eps),Oct 2019 - Dec 2019,"858,405 members",7.59,https://myanimelist.net/anime/39597/Sword_Art_Online__Alicization_-_War_of_Underworld
1833,"Tensei shitara Dainana Ouji Datta node, Kimama ni Majutsu wo Kiwamemasu 2nd Season",TV (12 eps),Jul 2025 - Sep 2025,"151,950 members",7.59,https://myanimelist.net/anime/59095/Tensei_shitara_Dainana_Ouji_Datta_node_Kimama_ni_Majutsu_wo_Kiwamemasu_2nd_Season
1834,Tong Ling Fei,ONA (16 eps),Nov 2018 - Apr 2019,"60,341 members",7.59,https://myanimelist.net/anime/38917/Tong_Ling_Fei
1835,Top wo Nerae 2! Diebuster,OVA (6 eps),Oct 2004 - Aug 2006,"86,317 members",7.59,https://myanimelist.net/anime/1002/Top_wo_Nerae_2_Diebuster
1836,Uchuu Senkan Yamato,TV (26 eps),Oct 1974 - Mar 1975,"33,221 members",7.59,https://myanimelist.net/anime/1650/Uchuu_Senkan_Yamato
1837,White Album 2,TV (13 eps),Oct 2013 - Dec 2013,"269,938 members",7.59,https://myanimelist.net/anime/18245/White_Album_2
1838,Wushen Zhuzai,ONA (720 eps),Mar 2020 -,"7,019 members",7.59,https://myanimelist.net/anime/41409/Wushen_Zhuzai
1839,Yahari Ore no Seishun Love Comedy wa Machigatteiru. OVA,OVA (1 eps),Sep 2013 - Sep 2013,"293,948 members",7.59,https://myanimelist.net/anime/18753/Yahari_Ore_no_Seishun_Love_Comedy_wa_Machigatteiru_OVA
1840,Yowamushi Pedal: Glory Line,TV (25 eps),Jan 2018 - Jun 2018,"65,546 members",7.59,https://myanimelist.net/anime/35789/Yowamushi_Pedal__Glory_Line
1841,Yume-iro Pâtissière SP Professional,TV (13 eps),Oct 2010 - Dec 2010,"45,357 members",7.59,https://myanimelist.net/anime/9441/Yume-iro_Pâtissière_SP_Professional
1842,Akiba Meido Sensou,TV (12 eps),Oct 2022 - Dec 2022,"199,378 members",7.58,https://myanimelist.net/anime/52193/Akiba_Meido_Sensou
1843,Bai Lian Cheng Shen 2,ONA (52 eps),Dec 2023 - Nov 2024,"2,140 members",7.58,https://myanimelist.net/anime/57264/Bai_Lian_Cheng_Shen_2
1844,BanG Dream! 2nd Season,TV (13 eps),Jan 2019 - Mar 2019,"53,162 members",7.58,https://myanimelist.net/anime/37869/BanG_Dream_2nd_Season
1845,BanG Dream! Morfonication,Special (2 eps),Jul 2022 - Jul 2022,"8,987 members",7.58,https://myanimelist.net/anime/51989/BanG_Dream_Morfonication
1846,Da Wang Rao Ming 2,ONA (12 eps),Dec 2023 - Jan 2024,"27,010 members",7.58,https://myanimelist.net/anime/51898/Da_Wang_Rao_Ming_2
1847,Diamond no Ace OVA,OVA (3 eps),Nov 2014 - Mar 2015,"18,539 members",7.58,https://myanimelist.net/anime/25341/Diamond_no_Ace_OVA
1848,Doraemon Movie 28: Nobita to Midori no Kyojin Den,Movie (1 eps),Mar 2008 - Mar 2008,"15,210 members",7.58,https://myanimelist.net/anime/5096/Doraemon_Movie_28__Nobita_to_Midori_no_Kyojin_Den
1849,Dragon Quest: Dai no Daibouken (TV),TV (46 eps),Oct 1991 - Sep 1992,"26,529 members",7.58,https://myanimelist.net/anime/2229/Dragon_Quest__Dai_no_Daibouken_TV
1850,Ensemble Stars!! Tsuioku Selection Element,ONA (6 eps),Apr 2023 - Apr 2023,"3,642 members",7.58,https://myanimelist.net/anime/52999/Ensemble_Stars_Tsuioku_Selection_Element
1851,Free! Dive to the Future: Soushun no Build-up!,Special (1 eps),Jun 2018 - Jun 2018,"27,394 members",7.58,https://myanimelist.net/anime/38027/Free_Dive_to_the_Future__Soushun_no_Build-up
1852,Full Metal Panic! Invisible Victory,TV (12 eps),Apr 2018 - Jul 2018,"108,929 members",7.58,https://myanimelist.net/anime/31931/Full_Metal_Panic_Invisible_Victory
1853,Fuuto Tantei Movie: Kamen Rider Skull no Shouzou,Movie (1 eps),Nov 2024 - Nov 2024,"7,408 members",7.58,https://myanimelist.net/anime/59186/Fuuto_Tantei_Movie__Kamen_Rider_Skull_no_Shouzou
1854,Hakuouki: Sekkaroku,OVA (6 eps),Aug 2011 - Jun 2012,"29,417 members",7.58,https://myanimelist.net/anime/10350/Hakuouki__Sekkaroku
1855,Hana yori Dango,TV (51 eps),Sep 1996 - Aug 1997,"67,951 members",7.58,https://myanimelist.net/anime/106/Hana_yori_Dango
1856,Hello! Lady Lynn,TV (36 eps),May 1988 - Jan 1989,"4,902 members",7.58,https://myanimelist.net/anime/2405/Hello_Lady_Lynn
1857,Hellsing: Digest for Freaks,OVA (1 eps),Jan 2006 - Jan 2006,"48,613 members",7.58,https://myanimelist.net/anime/6904/Hellsing__Digest_for_Freaks
1858,"Ima, Soko ni Iru Boku",TV (13 eps),Oct 1999 - Jan 2000,"162,852 members",7.58,https://myanimelist.net/anime/160/Ima_Soko_ni_Iru_Boku
1859,Initial D: Project D to the Next Stage - Project D e Mukete,Special (1 eps),Mar 2003 - Mar 2003,"13,825 members",7.58,https://myanimelist.net/anime/12725/Initial_D__Project_D_to_the_Next_Stage_-_Project_D_e_Mukete
1860,Jigoku Sensei Nube,TV (49 eps),Apr 1996 - Jun 1997,"25,887 members",7.58,https://myanimelist.net/anime/2012/Jigoku_Sensei_Nube
1861,Junjou Romantica 3,TV (12 eps),Jul 2015 - Sep 2015,"128,957 members",7.58,https://myanimelist.net/anime/25649/Junjou_Romantica_3
1862,Kaguya-sama wa Kokurasetai? Tensai-tachi no Renai Zunousen OVA,OVA (1 eps),May 2021 - May 2021,"266,982 members",7.58,https://myanimelist.net/anime/43609/Kaguya-sama_wa_Kokurasetai_Tensai-tachi_no_Renai_Zunousen_OVA
1863,Kidou Keisatsu Patlabor the Movie,Movie (1 eps),Jul 1989 - Jul 1989,"57,920 members",7.58,https://myanimelist.net/anime/1095/Kidou_Keisatsu_Patlabor_the_Movie
1864,Koutetsujou no Kabaneri Movie 1: Tsudou Hikari,Movie (1 eps),Dec 2016 - Dec 2016,"62,468 members",7.58,https://myanimelist.net/anime/33519/Koutetsujou_no_Kabaneri_Movie_1__Tsudou_Hikari
1865,Koutetsujou no Kabaneri Movie 2: Moeru Inochi,Movie (1 eps),Jan 2017 - Jan 2017,"60,079 members",7.58,https://myanimelist.net/anime/33520/Koutetsujou_no_Kabaneri_Movie_2__Moeru_Inochi
1866,Kuroko no Basket: Mou Ikkai Yarimasen ka,Special (1 eps),Jun 2014 - Jun 2014,"52,608 members",7.58,https://myanimelist.net/anime/22125/Kuroko_no_Basket__Mou_Ikkai_Yarimasen_ka
1867,One Piece: Heroines,TV Special (1 eps),Jul 2026 - Jul 2026,"31,679 members",7.58,https://myanimelist.net/anime/62233/One_Piece__Heroines
1868,Prison School,TV (12 eps),Jul 2015 - Sep 2015,"1,114,047 members",7.58,https://myanimelist.net/anime/30240/Prison_School
1869,Ranma ½: Yomigaeru Kioku,OVA (2 eps),Dec 1994 - Feb 1995,"21,892 members",7.58,https://myanimelist.net/anime/1008/Ranma_½__Yomigaeru_Kioku
1870,Re:Zero kara Hajimeru Isekai Seikatsu - Memory Snow,Movie (1 eps),Oct 2018 - Oct 2018,"339,259 members",7.58,https://myanimelist.net/anime/36286/Re_Zero_kara_Hajimeru_Isekai_Seikatsu_-_Memory_Snow
1871,Saki Achiga-hen: Episode of Side-A Specials,Special (4 eps),Feb 2013 - Aug 2013,"15,871 members",7.58,https://myanimelist.net/anime/15989/Saki_Achiga-hen__Episode_of_Side-A_Specials
1872,Sexy Commando Gaiden: Sugoi yo!! Masaru-san,TV (48 eps),Jan 1998 - Apr 1998,"14,024 members",7.58,https://myanimelist.net/anime/582/Sexy_Commando_Gaiden__Sugoi_yo_Masaru-san
1873,Shinigami Bocchan to Kuro Maid,TV (12 eps),Jul 2021 - Sep 2021,"288,970 members",7.58,https://myanimelist.net/anime/47257/Shinigami_Bocchan_to_Kuro_Maid
1874,Sword Art Online: Alicization,TV (24 eps),Oct 2018 - Mar 2019,"1,158,092 members",7.58,https://myanimelist.net/anime/36474/Sword_Art_Online__Alicization
1875,Taiho Shichau zo (TV),TV (47 eps),Oct 1996 - Sep 1997,"45,960 members",7.58,https://myanimelist.net/anime/1372/Taiho_Shichau_zo_TV
1876,Tensei shitara Slime Datta Ken: Coleus no Yume,ONA (3 eps),Nov 2023 - Nov 2023,"111,916 members",7.58,https://myanimelist.net/anime/54565/Tensei_shitara_Slime_Datta_Ken__Coleus_no_Yume
1877,Tensura Nikki: Tensei shitara Slime Datta Ken,TV (12 eps),Apr 2021 - Jun 2021,"390,591 members",7.58,https://myanimelist.net/anime/41488/Tensura_Nikki__Tensei_shitara_Slime_Datta_Ken
1878,Totsukuni no Shoujo (2022),OVA (1 eps),Mar 2022 - Mar 2022,"58,738 members",7.58,https://myanimelist.net/anime/48405/Totsukuni_no_Shoujo_2022
1879,Tsubasa Chronicle 2nd Season,TV (26 eps),Apr 2006 - Nov 2006,"123,564 members",7.58,https://myanimelist.net/anime/969/Tsubasa_Chronicle_2nd_Season
1880,Undead Unluck: Winter-hen,TV Special (1 eps),Dec 2025 - Dec 2025,"35,165 members",7.58,https://myanimelist.net/anime/59435/Undead_Unluck__Winter-hen
1881,World Trigger,TV (73 eps),Oct 2014 - Apr 2016,"475,864 members",7.58,https://myanimelist.net/anime/24405/World_Trigger
1882,Xingchen Bian: Zuizhong Ji,ONA (12 eps),May 2026 - May 2026,"1,119 members",7.58,https://myanimelist.net/anime/62718/Xingchen_Bian__Zuizhong_Ji
1883,Yama no Susume Second Season,TV (24 eps),Jul 2014 - Dec 2014,"39,851 members",7.58,https://myanimelist.net/anime/21435/Yama_no_Susume_Second_Season
1884,Yozakura-san Chi no Daisakusen,TV (27 eps),Apr 2024 - Oct 2024,"173,736 members",7.58,https://myanimelist.net/anime/53865/Yozakura-san_Chi_no_Daisakusen
1885,Yuru Camp△ Season 3 Specials,Special (3 eps),Jun 2024 - Oct 2024,"11,037 members",7.58,https://myanimelist.net/anime/58855/Yuru_Camp△_Season_3_Specials
1886,Ao Haru Ride OVA,OVA (2 eps),Aug 2014 - Dec 2014,"160,583 members",7.57,https://myanimelist.net/anime/24151/Ao_Haru_Ride_OVA
1887,Ao no Exorcist Movie,Movie (1 eps),Dec 2012 - Dec 2012,"287,809 members",7.57,https://myanimelist.net/anime/11737/Ao_no_Exorcist_Movie
1888,Code Geass: Hangyaku no Lelouch Special Edition - Black Rebellion,OVA (1 eps),Feb 2008 - Feb 2008,"44,869 members",7.57,https://myanimelist.net/anime/4596/Code_Geass__Hangyaku_no_Lelouch_Special_Edition_-_Black_Rebellion
1889,Doraemon Movie 15: Nobita to Mugen Sankenshi,Movie (1 eps),Mar 1994 - Mar 1994,"9,285 members",7.57,https://myanimelist.net/anime/2676/Doraemon_Movie_15__Nobita_to_Mugen_Sankenshi
1890,Douluo Dalu: Jiandao Chen Xin,ONA (1 eps),Jul 2025 - Jul 2025,"1,511 members",7.57,https://myanimelist.net/anime/61748/Douluo_Dalu__Jiandao_Chen_Xin
1891,Dragon Ball Kai: Mirai ni Heiwa wo! Goku no Tamashii yo Eien ni,TV Special (1 eps),Aug 2011 - Aug 2011,"55,815 members",7.57,https://myanimelist.net/anime/11359/Dragon_Ball_Kai__Mirai_ni_Heiwa_wo_Goku_no_Tamashii_yo_Eien_ni
1892,Fairy Tail,TV (175 eps),Oct 2009 - Mar 2013,"1,860,898 members",7.57,https://myanimelist.net/anime/6702/Fairy_Tail
1893,Fukigen na Mononokean Tsuzuki,TV (13 eps),Jan 2019 - Mar 2019,"59,774 members",7.57,https://myanimelist.net/anime/37958/Fukigen_na_Mononokean_Tsuzuki
1894,GetBackers,TV (49 eps),Oct 2002 - Sep 2003,"129,843 members",7.57,https://myanimelist.net/anime/132/GetBackers
1895,Hakumei to Mikochi: Neji to Bed to Irori to Bakuchi,Special (1 eps),Jun 2018 - Jun 2018,"9,827 members",7.57,https://myanimelist.net/anime/37109/Hakumei_to_Mikochi__Neji_to_Bed_to_Irori_to_Bakuchi
1896,Hokuto no Ken: Raoh Gaiden Gekitou-hen,Movie (1 eps),Apr 2007 - Apr 2007,"11,453 members",7.57,https://myanimelist.net/anime/2174/Hokuto_no_Ken__Raoh_Gaiden_Gekitou-hen
1897,Hungry Heart: Wild Striker,TV (52 eps),Sep 2002 - Sep 2003,"26,953 members",7.57,https://myanimelist.net/anime/17/Hungry_Heart__Wild_Striker
1898,InuYasha Movie 1: Toki wo Koeru Omoi,Movie (1 eps),Dec 2001 - Dec 2001,"110,867 members",7.57,https://myanimelist.net/anime/452/InuYasha_Movie_1__Toki_wo_Koeru_Omoi
1899,Kairyuu to Yuubinyasan,ONA (1 eps),Feb 2025 - Feb 2025,"3,175 members",7.57,https://myanimelist.net/anime/60946/Kairyuu_to_Yuubinyasan
1900,Kindaichi Shounen no Jikenbo Returns,TV (25 eps),Apr 2014 - Sep 2014,"20,659 members",7.57,https://myanimelist.net/anime/22817/Kindaichi_Shounen_no_Jikenbo_Returns
1901,Marriagetoxin,TV (13 eps),Apr 2026 - Jun 2026,"165,070 members",7.57,https://myanimelist.net/anime/62601/Marriagetoxin
1902,Momo e no Tegami,Movie (1 eps),Apr 2012 - Apr 2012,"91,517 members",7.57,https://myanimelist.net/anime/10389/Momo_e_no_Tegami
1903,Nige Jouzu no Wakagimi 2nd Season,TV (12 eps),Jul 2026 - Oct 2026,"51,772 members",7.57,https://myanimelist.net/anime/60059/Nige_Jouzu_no_Wakagimi_2nd_Season
1904,Ninja to Koroshiya no Futarigurashi,TV (12 eps),Apr 2025 - Jun 2025,"62,907 members",7.57,https://myanimelist.net/anime/58725/Ninja_to_Koroshiya_no_Futarigurashi
1905,Patapata Hikousen no Bouken,TV (26 eps),Jan 2002 - Jun 2002,"9,801 members",7.57,https://myanimelist.net/anime/708/Patapata_Hikousen_no_Bouken
1906,Re:Zero kara Hajimeru Isekai Seikatsu - Hyouketsu no Kizuna,Movie (1 eps),Nov 2019 - Nov 2019,"335,269 members",7.57,https://myanimelist.net/anime/38414/Re_Zero_kara_Hajimeru_Isekai_Seikatsu_-_Hyouketsu_no_Kizuna
1907,Romeo x Juliet,TV (24 eps),Apr 2007 - Sep 2007,"193,590 members",7.57,https://myanimelist.net/anime/1699/Romeo_x_Juliet
1908,Saijaku Tamer wa Gomi Hiroi no Tabi wo Hajimemashita.,TV (12 eps),Jan 2024 - Mar 2024,"148,353 members",7.57,https://myanimelist.net/anime/53590/Saijaku_Tamer_wa_Gomi_Hiroi_no_Tabi_wo_Hajimemashita
1909,"Saikyou no Shienshoku ""Wajutsushi"" de Aru Ore wa Sekai Saikyou Clan wo Shitagaeru",TV (12 eps),Oct 2024 - Dec 2024,"157,838 members",7.57,https://myanimelist.net/anime/58714/Saikyou_no_Shienshoku_Wajutsushi_de_Aru_Ore_wa_Sekai_Saikyou_Clan_wo_Shitagaeru
1910,Sengoku Youko: Senma Konton-hen,TV (22 eps),Jul 2024 - Dec 2024,"30,621 members",7.57,https://myanimelist.net/anime/58488/Sengoku_Youko__Senma_Konton-hen
1911,Shen Lan Qi Yu Wushuang Zhu: Tianmo Pian,ONA (15 eps),Jul 2023 - Oct 2023,"1,189 members",7.57,https://myanimelist.net/anime/55740/Shen_Lan_Qi_Yu_Wushuang_Zhu__Tianmo_Pian
1912,Shoujo☆Kageki Revue Starlight: Rondo Rondo Rondo,Movie (1 eps),Aug 2020 - Aug 2020,"9,128 members",7.57,https://myanimelist.net/anime/40665/Shoujo☆Kageki_Revue_Starlight__Rondo_Rondo_Rondo
1913,Soredemo Sekai wa Utsukushii,TV (12 eps),Apr 2014 - Jun 2014,"344,107 members",7.57,https://myanimelist.net/anime/22101/Soredemo_Sekai_wa_Utsukushii
1914,Tada-kun wa Koi wo Shinai,TV (13 eps),Apr 2018 - Jun 2018,"329,801 members",7.57,https://myanimelist.net/anime/36470/Tada-kun_wa_Koi_wo_Shinai
1915,Totsukuni no Shoujo,OVA (1 eps),Sep 2019 - Sep 2019,"72,199 members",7.57,https://myanimelist.net/anime/39495/Totsukuni_no_Shoujo
1916,Ushio to Tora (TV),TV (26 eps),Jul 2015 - Dec 2015,"241,506 members",7.57,https://myanimelist.net/anime/29854/Ushio_to_Tora_TV
1917,Vigilante: Boku no Hero Academia Illegals,TV (13 eps),Apr 2025 - Jun 2025,"184,862 members",7.57,https://myanimelist.net/anime/60593/Vigilante__Boku_no_Hero_Academia_Illegals
1918,Watashi ni Tenshi ga Maiorita! Precious Friends,Movie (1 eps),Oct 2022 - Oct 2022,"26,668 members",7.57,https://myanimelist.net/anime/44141/Watashi_ni_Tenshi_ga_Maiorita_Precious_Friends
1919,"Yamato yo, Towa ni: Rebel 3199",Movie (? eps),Jul 2024 -,"5,880 members",7.57,https://myanimelist.net/anime/50855/Yamato_yo_Towa_ni__Rebel_3199
1920,"Yondemasu yo, Azazel-san.",OVA (4 eps),Feb 2010 - Jun 2014,"34,150 members",7.57,https://myanimelist.net/anime/7762/Yondemasu_yo_Azazel-san
1921,Yowamushi Pedal Movie,Movie (1 eps),Aug 2015 - Aug 2015,"34,939 members",7.57,https://myanimelist.net/anime/30413/Yowamushi_Pedal_Movie
1922,Yuru Camp△ Specials,Special (3 eps),Mar 2018 - Jul 2018,"61,812 members",7.57,https://myanimelist.net/anime/37341/Yuru_Camp△_Specials
1923,Zenshuu.,TV (12 eps),Jan 2025 - Mar 2025,"181,844 members",7.57,https://myanimelist.net/anime/58502/Zenshuu
1924,Afro Samurai Movie,Movie (1 eps),Oct 2007 - Oct 2007,"72,016 members",7.56,https://myanimelist.net/anime/13709/Afro_Samurai_Movie
1925,Aikatsu! Movie,Movie (1 eps),Dec 2014 - Dec 2014,"9,309 members",7.56,https://myanimelist.net/anime/22819/Aikatsu_Movie
1926,Akudama Drive,TV (12 eps),Oct 2020 - Dec 2020,"499,002 members",7.56,https://myanimelist.net/anime/41433/Akudama_Drive
1927,Arakawa Under the Bridge,TV (13 eps),Apr 2010 - Jun 2010,"376,985 members",7.56,https://myanimelist.net/anime/7647/Arakawa_Under_the_Bridge
1928,Bai Yao Pu 2nd Season,ONA (12 eps),Jul 2021 - Sep 2021,"6,012 members",7.56,https://myanimelist.net/anime/44067/Bai_Yao_Pu_2nd_Season
1929,Biao Ren,ONA (15 eps),Jun 2023 - Aug 2023,"45,963 members",7.56,https://myanimelist.net/anime/44388/Biao_Ren
1930,Bleach: Sennen Kessen-hen - Ketsubetsu-tan Recap,TV Special (1 eps),Sep 2023 - Sep 2023,"7,114 members",7.56,https://myanimelist.net/anime/56442/Bleach__Sennen_Kessen-hen_-_Ketsubetsu-tan_Recap
1931,Crayon Shin-chan Movie 10: Arashi wo Yobu Appare! Sengoku Daikassen,Movie (1 eps),Apr 2002 - Apr 2002,"6,895 members",7.56,https://myanimelist.net/anime/3744/Crayon_Shin-chan_Movie_10__Arashi_wo_Yobu_Appare_Sengoku_Daikassen
1932,Fairy Tail Movie 2: Dragon Cry,Movie (1 eps),May 2017 - May 2017,"208,669 members",7.56,https://myanimelist.net/anime/30778/Fairy_Tail_Movie_2__Dragon_Cry
1933,Ga-Rei: Zero,TV (12 eps),Oct 2008 - Dec 2008,"255,233 members",7.56,https://myanimelist.net/anime/4725/Ga-Rei__Zero
1934,Ginga Tetsudou 999 (Movie),Movie (1 eps),Aug 1979 - Aug 1979,"24,171 members",7.56,https://myanimelist.net/anime/1301/Ginga_Tetsudou_999_Movie
1935,Gokushufudou Season 2,ONA (5 eps),Jan 2023 - Jan 2023,"100,742 members",7.56,https://myanimelist.net/anime/53148/Gokushufudou_Season_2
1936,Higashi no Eden: Air Communication,Movie (1 eps),Sep 2009 - Sep 2009,"36,837 members",7.56,https://myanimelist.net/anime/6927/Higashi_no_Eden__Air_Communication
1937,InuYasha Movie 4: Guren no Houraijima,Movie (1 eps),Dec 2004 - Dec 2004,"100,103 members",7.56,https://myanimelist.net/anime/449/InuYasha_Movie_4__Guren_no_Houraijima
1938,Juan Siliang,ONA (15 eps),Jun 2021 - Sep 2021,"3,174 members",7.56,https://myanimelist.net/anime/41918/Juan_Siliang
1939,Konjiki no Gash Bell!!,TV (150 eps),Apr 2003 - Mar 2006,"139,111 members",7.56,https://myanimelist.net/anime/250/Konjiki_no_Gash_Bell
1940,"Lupin III: Episode 0 ""First Contact""",TV Special (1 eps),Jul 2002 - Jul 2002,"12,721 members",7.56,https://myanimelist.net/anime/1418/Lupin_III__Episode_0_First_Contact
1941,Mahou Sensei Negima!: Mou Hitotsu no Sekai,OVA (4 eps),Sep 2009 - Aug 2010,"26,462 members",7.56,https://myanimelist.net/anime/6050/Mahou_Sensei_Negima__Mou_Hitotsu_no_Sekai
1942,Mahou Shoujo Lyrical Nanoha: Detonation,Movie (1 eps),Oct 2018 - Oct 2018,"11,329 members",7.56,https://myanimelist.net/anime/35984/Mahou_Shoujo_Lyrical_Nanoha__Detonation
1943,Majo no Tabitabi,TV (12 eps),Oct 2020 - Dec 2020,"467,206 members",7.56,https://myanimelist.net/anime/40571/Majo_no_Tabitabi
1944,Manga de Wakaru! Fate/Grand Order,TV Special (1 eps),Dec 2018 - Dec 2018,"19,986 members",7.56,https://myanimelist.net/anime/38958/Manga_de_Wakaru_Fate_Grand_Order
1945,MF Ghost,TV (12 eps),Oct 2023 - Dec 2023,"93,893 members",7.56,https://myanimelist.net/anime/50695/MF_Ghost
1946,"Momoko, Kaeru no Uta ga Kikoeru yo.",Movie (1 eps),Jul 2003 - Jul 2003,"6,231 members",7.56,https://myanimelist.net/anime/7877/Momoko_Kaeru_no_Uta_ga_Kikoeru_yo
1947,NieR:Automata Ver1.1a,TV (12 eps),Jan 2023 - Jul 2023,"344,693 members",7.56,https://myanimelist.net/anime/51105/NieR_Automata_Ver11a
1948,Noein: Mou Hitori no Kimi e,TV (24 eps),Oct 2005 - Mar 2006,"98,496 members",7.56,https://myanimelist.net/anime/584/Noein__Mou_Hitori_no_Kimi_e
1949,Planetarian: Chiisana Hoshi no Yume,ONA (5 eps),Jul 2016 - Aug 2016,"104,123 members",7.56,https://myanimelist.net/anime/33091/Planetarian__Chiisana_Hoshi_no_Yume
1950,Ragna Crimson,TV (24 eps),Oct 2023 - Mar 2024,"295,096 members",7.56,https://myanimelist.net/anime/51297/Ragna_Crimson
1951,Sengoku Basara Movie: The Last Party,Movie (1 eps),Jun 2011 - Jun 2011,"31,636 members",7.56,https://myanimelist.net/anime/9745/Sengoku_Basara_Movie__The_Last_Party
1952,Senjou no Valkyria,TV (26 eps),Apr 2009 - Sep 2009,"138,122 members",7.56,https://myanimelist.net/anime/5507/Senjou_no_Valkyria
1953,Shoukoku no Altair,TV (24 eps),Jul 2017 - Dec 2017,"85,608 members",7.56,https://myanimelist.net/anime/34547/Shoukoku_no_Altair
1954,Sword Art Online Movie: Ordinal Scale,Movie (1 eps),Feb 2017 - Feb 2017,"790,003 members",7.56,https://myanimelist.net/anime/31765/Sword_Art_Online_Movie__Ordinal_Scale
1955,Tales of Vesperia: The First Strike,Movie (1 eps),Oct 2009 - Oct 2009,"51,158 members",7.56,https://myanimelist.net/anime/6046/Tales_of_Vesperia__The_First_Strike
1956,Uchuu Kyoudai: Number Zero,Movie (1 eps),Aug 2014 - Aug 2014,"8,652 members",7.56,https://myanimelist.net/anime/22583/Uchuu_Kyoudai__Number_Zero
1957,Ya She,ONA (12 eps),Oct 2024 - Dec 2024,"5,280 members",7.56,https://myanimelist.net/anime/49573/Ya_She
1958,Yong Sheng: Qizhuang Shanhe,ONA (16 eps),Apr 2024 - Jul 2024,"1,994 members",7.56,https://myanimelist.net/anime/58448/Yong_Sheng__Qizhuang_Shanhe
1959,Yuru Yuri,TV (12 eps),Jul 2011 - Sep 2011,"356,450 members",7.56,https://myanimelist.net/anime/10495/Yuru_Yuri
1960,Yuuki Bakuhatsu Bang Bravern,TV (12 eps),Jan 2024 - Mar 2024,"37,462 members",7.56,https://myanimelist.net/anime/55528/Yuuki_Bakuhatsu_Bang_Bravern
1961,Aa! Megami-sama! Movie,Movie (1 eps),Oct 2000 - Oct 2000,"45,729 members",7.55,https://myanimelist.net/anime/304/Aa_Megami-sama_Movie
1962,Aa! Megami-sama! Sorezore no Tsubasa,TV (22 eps),Apr 2006 - Sep 2006,"71,107 members",7.55,https://myanimelist.net/anime/880/Aa_Megami-sama_Sorezore_no_Tsubasa
1963,Aa! Megami-sama! Tatakau Tsubasa,TV Special (2 eps),Dec 2007 - Dec 2007,"29,175 members",7.55,https://myanimelist.net/anime/3090/Aa_Megami-sama_Tatakau_Tsubasa
1964,Air Gear: Kuro no Hane to Nemuri no Mori - Break on the Sky,OVA (3 eps),Nov 2010 - Jun 2011,"69,565 members",7.55,https://myanimelist.net/anime/9201/Air_Gear__Kuro_no_Hane_to_Nemuri_no_Mori_-_Break_on_the_Sky
1965,Ajin Part 2,TV (13 eps),Oct 2016 - Dec 2016,"315,659 members",7.55,https://myanimelist.net/anime/33253/Ajin_Part_2
1966,Angel Beats! Specials,Special (2 eps),Dec 2010 - Jun 2015,"284,150 members",7.55,https://myanimelist.net/anime/9062/Angel_Beats_Specials
1967,Baka to Test to Shoukanjuu: Matsuri,OVA (2 eps),Feb 2011 - Mar 2011,"132,202 members",7.55,https://myanimelist.net/anime/9471/Baka_to_Test_to_Shoukanjuu__Matsuri
1968,Be-Bop Highschool,OVA (7 eps),Jan 1990 - Oct 1998,"12,092 members",7.55,https://myanimelist.net/anime/9645/Be-Bop_Highschool
1969,Boku no Hero Academia the Movie 4: You're Next,Movie (1 eps),Aug 2024 - Aug 2024,"97,531 members",7.55,https://myanimelist.net/anime/56196/Boku_no_Hero_Academia_the_Movie_4__Youre_Next
1970,Byousoku 5 Centimeter,Movie (3 eps),Mar 2007 - Mar 2007,"1,024,756 members",7.55,https://myanimelist.net/anime/1689/Byousoku_5_Centimeter
1971,Chuunibyou demo Koi ga Shitai! Ren,TV (12 eps),Jan 2014 - Mar 2014,"807,543 members",7.55,https://myanimelist.net/anime/18671/Chuunibyou_demo_Koi_ga_Shitai_Ren
1972,Crayon Shin-chan Movie 18: Chou Jikuu! Arashi wo Yobu Ora no Hanayome,Movie (1 eps),Apr 2010 - Apr 2010,"8,520 members",7.55,https://myanimelist.net/anime/8369/Crayon_Shin-chan_Movie_18__Chou_Jikuu_Arashi_wo_Yobu_Ora_no_Hanayome
1973,Crayon Shin-chan Movie 22: Gachinko! Gyakushuu no Robo To-chan,Movie (1 eps),Apr 2014 - Apr 2014,"7,926 members",7.55,https://myanimelist.net/anime/21395/Crayon_Shin-chan_Movie_22__Gachinko_Gyakushuu_no_Robo_To-chan
1974,Doraemon Movie 34: Shin Nobita no Daimakyou - Peko to 5-nin no Tankentai,Movie (1 eps),Mar 2014 - Mar 2014,"12,311 members",7.55,https://myanimelist.net/anime/19645/Doraemon_Movie_34__Shin_Nobita_no_Daimakyou_-_Peko_to_5-nin_no_Tankentai
1975,Durarara!!x2 Ketsu: Dufufufu!!,Special (1 eps),Jul 2016 - Jul 2016,"59,864 members",7.55,https://myanimelist.net/anime/32915/Durararax2_Ketsu__Dufufufu
1976,Girls & Panzer,TV (12 eps),Oct 2012 - Mar 2013,"340,399 members",7.55,https://myanimelist.net/anime/14131/Girls___Panzer
1977,Gugure! Kokkuri-san,TV (12 eps),Oct 2014 - Dec 2014,"194,644 members",7.55,https://myanimelist.net/anime/23251/Gugure_Kokkuri-san
1978,Hakuouki: Hekketsuroku,TV (10 eps),Oct 2010 - Dec 2010,"90,561 members",7.55,https://myanimelist.net/anime/9065/Hakuouki__Hekketsuroku
1979,Heya Camp△: Sauna to Gohan to Sanrin Bike,Special (1 eps),May 2020 - May 2020,"23,179 members",7.55,https://myanimelist.net/anime/41061/Heya_Camp△__Sauna_to_Gohan_to_Sanrin_Bike
1980,Hoozuki no Reitetsu 2nd Season OVA,OVA (3 eps),Sep 2019 - Sep 2020,"6,747 members",7.55,https://myanimelist.net/anime/39538/Hoozuki_no_Reitetsu_2nd_Season_OVA
1981,Initial D Battle Stage 3,OVA (1 eps),Mar 2021 - Mar 2021,"9,843 members",7.55,https://myanimelist.net/anime/47410/Initial_D_Battle_Stage_3
1982,JoJo no Kimyou na Bouken,OVA (6 eps),Nov 1993 - Nov 1994,"155,786 members",7.55,https://myanimelist.net/anime/666/JoJo_no_Kimyou_na_Bouken
1983,Kami no Tou,TV (13 eps),Apr 2020 - Jun 2020,"1,083,370 members",7.55,https://myanimelist.net/anime/40221/Kami_no_Tou
1984,Kara no Kyoukai Movie 1: Fukan Fuukei,Movie (1 eps),Dec 2007 - Dec 2007,"459,541 members",7.55,https://myanimelist.net/anime/2593/Kara_no_Kyoukai_Movie_1__Fukan_Fuukei
1985,Kino no Tabi: The Beautiful World - Tou no Kuni - Free Lance,Special (1 eps),Oct 2005 - Oct 2005,"41,617 members",7.55,https://myanimelist.net/anime/3466/Kino_no_Tabi__The_Beautiful_World_-_Tou_no_Kuni_-_Free_Lance
1986,Log Horizon 2nd Season,TV (25 eps),Oct 2014 - Mar 2015,"652,427 members",7.55,https://myanimelist.net/anime/23321/Log_Horizon_2nd_Season
1987,Mahoutsukai no Yome: Nishi no Shounen to Seiran no Kishi,OVA (3 eps),Sep 2021 - Sep 2022,"84,503 members",7.55,https://myanimelist.net/anime/48438/Mahoutsukai_no_Yome__Nishi_no_Shounen_to_Seiran_no_Kishi
1988,Minami-ke Okaeri,TV (13 eps),Jan 2009 - Mar 2009,"71,039 members",7.55,https://myanimelist.net/anime/5162/Minami-ke_Okaeri
1989,Moyashimon,TV (11 eps),Oct 2007 - Dec 2007,"78,673 members",7.55,https://myanimelist.net/anime/3001/Moyashimon
1990,New Game!,TV (12 eps),Jul 2016 - Sep 2016,"458,414 members",7.55,https://myanimelist.net/anime/31953/New_Game
1991,Nijuu Mensou no Musume,TV (22 eps),Apr 2008 - Sep 2008,"37,157 members",7.55,https://myanimelist.net/anime/3673/Nijuu_Mensou_no_Musume
1992,Nisekoi,TV (20 eps),Jan 2014 - May 2014,"1,258,157 members",7.55,https://myanimelist.net/anime/18897/Nisekoi
1993,No.6,TV (11 eps),Jul 2011 - Sep 2011,"467,498 members",7.55,https://myanimelist.net/anime/10161/No6
1994,Ore wo Suki nano wa Omae dake ka yo: Oretachi no Game Set,OVA (1 eps),Sep 2020 - Sep 2020,"137,806 members",7.55,https://myanimelist.net/anime/40936/Ore_wo_Suki_nano_wa_Omae_dake_ka_yo__Oretachi_no_Game_Set
1995,Perrine Monogatari,TV (53 eps),Jan 1978 - Dec 1978,"7,600 members",7.55,https://myanimelist.net/anime/2549/Perrine_Monogatari
1996,Radiant 2nd Season,TV (21 eps),Oct 2019 - Feb 2020,"121,947 members",7.55,https://myanimelist.net/anime/39355/Radiant_2nd_Season
1997,Re:Creators,TV (22 eps),Apr 2017 - Sep 2017,"547,999 members",7.55,https://myanimelist.net/anime/34561/Re_Creators
1998,Rurouni Kenshin: Meiji Kenkaku Romantan - Ishinshishi e no Chinkonka,Movie (1 eps),Dec 1997 - Dec 1997,"55,767 members",7.55,https://myanimelist.net/anime/46/Rurouni_Kenshin__Meiji_Kenkaku_Romantan_-_Ishinshishi_e_no_Chinkonka
1999,Shouwa Genroku Rakugo Shinjuu: Yotarou Hourou-hen,OVA (2 eps),Mar 2015 - Aug 2015,"11,964 members",7.55,https://myanimelist.net/anime/25801/Shouwa_Genroku_Rakugo_Shinjuu__Yotarou_Hourou-hen
2000,Shuumatsu no Walküre II Part 2,ONA (5 eps),Jul 2023 - Jul 2023,"116,045 members",7.55,https://myanimelist.net/anime/55454/Shuumatsu_no_Walküre_II_Part_2
